date,pm10,no2,so2,co
2023/5/1,13,11,1,
2023/5/2,11,13,1,
2023/5/3,14,12,1,
2023/5/4,19,14,1,
2023/5/5,21,11,1,
2023/5/6,17,6,1,
2023/5/7,11,7,1,
2023/5/8,20,9,1,
2023/5/9,19,12,1,
2023/5/10,20,12,1,
2023/5/11,16,10,1,
2023/5/12,6,8,1,
2023/5/13,9,8,1,
2023/5/14,8,9,1,
2023/5/15,9,11,1,
2023/5/16,9,6,1,
2023/5/17,4,4,1,
2023/5/18,5,9,1,
2023/5/19,15,6,,
2023/5/20,14,8,1,
2023/5/21,17,12,1,
2023/5/22,21,13,1,
2023/5/23,25,13,1,
2023/5/24,12,8,1,
2023/5/25,12,,,
2023/4/1,12,8,1,
2023/4/2,10,9,1,
2023/4/3,11,,,
2023/4/7,27,9,1,
2023/4/8,20,8,1,
2023/4/9,13,9,1,
2023/4/10,12,17,1,
2023/4/11,24,17,1,
2023/4/12,21,15,1,
2023/4/13,11,9,,
2023/4/14,5,14,1,
2023/4/15,10,9,1,
2023/4/16,10,7,1,
2023/4/17,10,13,1,
2023/4/18,15,11,1,
2023/4/19,13,12,1,
2023/4/20,13,16,1,
2023/4/21,22,12,1,
2023/4/22,18,8,1,
2023/4/23,15,14,1,
2023/4/24,13,11,1,
2023/4/25,12,15,1,
2023/4/26,16,12,1,
2023/4/27,20,17,1,
2023/4/28,24,10,1,
2023/4/29,14,7,1,
2023/4/30,10,8,1,
2023/1/2,32,17,1,
2023/1/3,30,15,1,
2023/1/4,34,17,1,
2023/1/5,33,14,,
2023/1/6,18,15,,
2023/1/7,23,14,,
2023/1/8,25,20,,
2023/1/9,17,9,,
2023/1/10,12,24,1,
2023/1/11,40,22,1,
2023/1/12,42,22,1,
2023/1/13,46,19,,
2023/1/14,28,,,
2023/1/16,9,16,,
2023/1/17,13,17,1,
2023/1/18,18,13,,
2023/1/19,13,13,,
2023/1/20,18,8,,
2023/1/21,9,10,,
2023/1/22,12,19,,
2023/1/23,18,18,1,
2023/1/24,12,15,,
2023/1/25,16,15,,
2023/1/26,23,13,,
2023/1/27,18,12,,
2023/1/28,23,9,,
2023/1/29,21,15,,
2023/1/30,26,17,,
2023/1/31,22,20,,
2023/2/1,28,15,,
2023/2/2,9,13,,
2023/2/3,19,5,,
2023/2/4,7,11,,
2023/2/5,13,18,,
2023/2/6,35,22,,
2023/2/7,42,20,,
2023/2/8,37,24,1,
2023/2/9,38,25,1,
2023/2/10,44,26,1,
2023/2/11,45,20,1,
2023/2/12,27,22,1,
2023/2/13,31,22,1,
2023/2/14,38,21,1,
2023/2/15,45,24,1,
2023/2/16,52,31,1,
2023/2/17,54,22,1,
2023/2/18,34,11,1,
2023/2/19,24,19,1,
2023/2/20,26,22,1,
2023/2/21,32,20,1,
2023/2/22,33,23,1,
2023/2/23,41,17,1,
2023/2/24,41,8,1,
2023/2/25,14,8,,
2023/2/26,10,13,,
2023/2/27,18,14,,
2023/2/28,24,17,1,
2023/3/1,28,16,1,
2023/3/2,27,17,1,
2023/3/3,33,14,,
2023/3/4,27,9,,
2023/3/5,25,12,,
2023/3/6,25,15,1,
2023/3/7,28,13,1,
2023/3/8,30,15,,
2023/3/9,20,21,1,
2023/3/10,25,9,,
2023/3/11,11,10,,
2023/3/12,13,22,1,
2023/3/13,32,16,1,
2023/3/14,22,12,,
2023/3/15,15,17,,
2023/3/16,20,19,1,
2023/3/17,27,15,1,
2023/3/18,25,17,1,
2023/3/19,30,20,1,
2023/3/20,36,19,1,
2023/3/21,26,20,1,
2023/3/22,31,23,1,
2023/3/23,36,21,1,
2023/3/24,35,9,1,
2023/3/25,10,10,1,
2023/3/26,11,8,1,
2023/3/27,12,8,,
2023/3/28,9,20,1,
2023/3/29,22,19,1,
2023/3/30,34,12,1,
2023/3/31,18,10,1,
2022/10/1,14,11,1,
2022/10/2,12,13,1,
2022/10/3,15,15,1,
2022/10/4,21,15,1,
2022/10/5,24,16,1,
2022/10/6,27,16,1,
2022/10/7,27,12,1,
2022/10/8,25,9,,
2022/10/9,16,14,1,
2022/10/10,25,11,1,
2022/10/11,28,13,1,
2022/10/12,29,13,1,
2022/10/13,38,14,1,
2022/10/14,39,12,1,
2022/10/15,43,9,1,
2022/10/16,32,13,1,
2022/10/17,36,14,1,
2022/10/18,40,11,1,
2022/10/19,26,5,1,
2022/10/20,19,,1,
2022/10/21,32,,1,
2022/10/22,26,,1,
2022/10/23,15,14,1,
2022/10/24,31,5,1,
2022/10/25,25,6,,
2022/10/26,21,6,1,
2022/10/27,30,12,1,
2022/10/28,27,10,1,
2022/10/29,22,9,1,
2022/10/30,30,8,1,
2022/10/31,25,,1,
2022/11/1,16,,1,
2022/11/2,26,17,1,
2022/11/3,19,12,1,
2022/11/4,18,,1,
2022/11/5,6,,1,
2022/11/6,11,15,3,
2022/11/7,21,14,,
2022/11/8,27,11,,
2022/11/9,33,16,1,
2022/11/10,31,16,1,
2022/11/11,43,13,,
2022/11/12,27,12,,
2022/11/13,21,15,,
2022/11/14,39,10,,
2022/11/15,35,11,,
2022/11/16,23,12,,
2022/11/17,29,11,,
2022/11/18,25,9,,
2022/11/19,16,8,,
2022/11/20,15,13,,
2022/11/21,25,14,,
2022/11/22,22,15,,
2022/11/23,20,18,,
2022/11/24,35,19,,
2022/11/25,39,16,,
2022/11/26,40,14,,
2022/11/27,23,14,,
2022/11/28,35,12,,
2022/11/29,38,16,,
2022/11/30,21,15,,
2022/12/1,12,13,,
2022/12/2,25,10,,
2022/12/3,26,8,,
2022/12/4,16,9,,
2022/12/5,16,14,,
2022/12/6,15,15,,
2022/12/7,27,9,,
2022/12/8,23,13,,
2022/12/9,23,10,,
2022/12/10,18,5,,
2022/12/11,7,19,,
2022/12/12,25,22,,
2022/12/13,42,20,,
2022/12/14,43,20,,
2022/12/15,55,16,,
2022/12/16,45,14,,
2022/12/17,31,14,,
2022/12/18,22,14,,
2022/12/19,30,12,,
2022/12/20,32,13,,
2022/12/21,37,16,1,
2022/12/22,42,18,1,
2022/12/23,34,16,1,
2022/12/24,29,14,1,
2022/12/25,33,14,,
2022/12/26,33,17,,
2022/12/27,21,18,,
2022/12/28,26,20,1,
2022/12/29,40,21,1,
2022/12/30,38,19,1,
2022/12/31,38,15,1,
2023/1/1,68,18,1,
2022/7/1,30,7,,
2022/7/2,7,9,,
2022/7/3,13,16,,
2022/7/4,20,15,,
2022/7/5,12,18,,
2022/7/6,18,18,,
2022/7/7,19,10,,
2022/7/8,10,11,,
2022/7/9,9,6,,
2022/7/10,8,14,,
2022/7/11,10,17,,
2022/7/12,13,17,,
2022/7/13,14,18,,
2022/7/14,22,15,,
2022/7/15,18,8,,
2022/7/16,16,8,,
2022/7/17,14,14,,
2022/7/18,17,15,,
2022/7/19,20,18,,
2022/7/20,21,20,,
2022/7/21,24,17,,
2022/7/22,26,12,,
2022/7/23,21,8,,
2022/7/24,14,16,,
2022/7/25,22,10,,
2022/7/26,13,11,,
2022/7/27,17,11,,
2022/7/28,19,12,,
2022/7/29,20,7,,
2022/7/30,10,8,,
2022/7/31,14,15,,
2022/8/1,18,9,,
2022/8/2,14,10,,
2022/8/3,16,13,,
2022/8/4,22,17,,
2022/8/5,22,7,,
2022/8/6,15,4,,
2022/8/7,10,10,,
2022/8/8,16,9,,
2022/8/9,15,13,,
2022/8/10,19,12,,
2022/8/11,20,10,,
2022/8/12,16,9,,
2022/8/13,14,7,,
2022/8/14,17,8,,
2022/8/15,15,11,,
2022/8/16,13,15,,
2022/8/17,21,16,,
2022/8/18,27,12,,
2022/8/19,18,8,,
2022/8/20,12,6,,
2022/8/21,7,9,,
2022/8/22,12,10,,
2022/8/23,10,12,,
2022/8/24,14,12,1,
2022/8/25,21,14,,
2022/8/26,30,10,,
2022/8/27,25,6,,
2022/8/28,15,11,1,
2022/8/29,14,11,1,
2022/8/30,17,12,1,
2022/8/31,17,10,,
2022/9/1,15,11,,
2022/9/2,17,9,,
2022/9/3,17,7,1,
2022/9/4,12,12,1,
2022/9/5,19,10,,
2022/9/6,22,12,1,
2022/9/7,16,10,1,
2022/9/8,17,13,,
2022/9/9,15,7,1,
2022/9/10,10,8,1,
2022/9/11,10,13,1,
2022/9/12,15,14,1,
2022/9/13,19,13,1,
2022/9/14,25,13,1,
2022/9/15,15,12,,
2022/9/16,9,8,1,
2022/9/17,9,7,,
2022/9/18,8,9,,
2022/9/19,11,11,,
2022/9/20,13,11,1,
2022/9/21,12,15,1,
2022/9/22,16,14,1,
2022/9/23,17,12,1,
2022/9/24,18,9,1,
2022/9/25,14,14,1,
2022/9/26,14,12,1,
2022/9/27,12,11,1,
2022/9/28,17,11,1,
2022/9/29,9,11,1,
2022/9/30,13,8,1,
2022/4/1,11,7,,
2022/4/2,12,6,,
2022/4/3,12,13,,
2022/4/4,22,21,,
2022/4/5,33,16,1,
2022/4/6,27,14,,
2022/4/7,25,13,,
2022/4/8,24,7,,
2022/4/9,9,7,,
2022/4/10,8,16,,
2022/4/11,17,17,,
2022/4/12,25,19,,
2022/4/13,29,18,,
2022/4/14,31,17,,
2022/4/15,31,5,,
2022/4/16,12,7,,
2022/4/17,10,7,,
2022/4/18,12,13,,
2022/4/19,10,13,,
2022/4/20,17,13,,
2022/4/21,22,16,,
2022/4/22,16,11,,
2022/4/23,25,4,,
2022/4/24,16,15,,
2022/4/25,16,12,,
2022/4/26,17,13,,
2022/4/27,10,17,,
2022/4/28,21,16,,
2022/4/29,20,13,,
2022/4/30,20,12,,
2022/5/1,14,14,,
2022/5/2,14,14,,
2022/5/3,19,15,,
2022/5/4,24,14,,
2022/5/5,19,17,,
2022/5/6,19,12,,
2022/5/7,12,10,,
2022/5/8,17,14,,
2022/5/9,20,14,,
2022/5/10,21,14,,
2022/5/11,23,15,,
2022/5/12,30,13,,
2022/5/13,21,8,,
2022/5/14,18,7,,
2022/5/15,17,12,,
2022/5/16,23,11,,
2022/5/17,15,11,,
2022/5/18,17,14,,
2022/5/19,22,13,,
2022/5/20,26,8,,
2022/5/21,19,7,,
2022/5/22,19,11,,
2022/5/23,16,9,,
2022/5/24,18,10,,
2022/5/25,13,7,,
2022/5/26,13,8,,
2022/5/27,17,5,,
2022/5/28,9,6,,
2022/5/29,8,8,,
2022/5/30,12,9,,
2022/5/31,14,8,,
2022/6/1,13,10,,
2022/6/2,13,9,,
2022/6/3,17,6,,
2022/6/4,16,7,,
2022/6/5,16,3,,
2022/6/6,8,9,,
2022/6/7,14,9,,
2022/6/8,12,9,,
2022/6/9,14,6,,
2022/6/10,11,7,,
2022/6/11,12,8,,
2022/6/12,15,15,,
2022/6/13,19,11,,
2022/6/14,18,12,,
2022/6/15,21,8,,
2022/6/16,17,10,,
2022/6/17,19,7,,
2022/6/18,17,7,,
2022/6/19,17,14,,
2022/6/20,29,10,,
2022/6/21,25,12,,
2022/6/22,26,9,,
2022/6/23,19,12,,
2022/6/24,23,7,,
2022/6/25,9,5,,
2022/6/26,10,16,,
2022/6/27,23,17,,
2022/6/28,25,15,,
2022/6/29,28,17,,
2022/6/30,26,13,,
2022/1/3,36,23,1,
2022/1/4,39,18,,
2022/1/5,13,13,,
2022/1/6,14,21,,
2022/1/7,23,21,,
2022/1/8,33,19,,
2022/1/9,33,21,1,
2022/1/10,36,15,,
2022/1/11,19,27,1,
2022/1/12,43,29,1,
2022/1/13,56,35,1,
2022/1/14,52,21,,
2022/1/15,29,17,,
2022/1/16,33,16,1,
2022/1/17,32,20,1,
2022/1/18,23,25,1,
2022/1/19,35,25,1,
2022/1/20,44,9,,
2022/1/21,14,16,1,
2022/1/22,14,18,1,
2022/1/23,24,17,1,
2022/1/24,22,13,,
2022/1/25,31,,,
2022/1/26,34,25,,
2022/1/27,48,12,,
2022/1/28,21,20,,
2022/1/29,24,11,,
2022/1/30,20,28,,
2022/1/31,36,21,,
2022/2/1,26,16,,
2022/2/2,17,23,,
2022/2/3,25,24,,
2022/2/4,33,19,,
2022/2/5,22,21,,
2022/2/6,27,11,,
2022/2/7,13,19,,
2022/2/8,22,26,,
2022/2/9,36,24,,
2022/2/10,33,18,,
2022/2/11,28,16,,
2022/2/12,16,17,,
2022/2/13,23,26,,
2022/2/14,39,25,,
2022/2/15,32,19,,
2022/2/16,24,14,,
2022/2/17,26,20,,
2022/2/18,32,16,,
2022/2/19,16,12,,
2022/2/20,19,18,,
2022/2/21,30,,,
2022/2/22,26,,,
2022/2/23,28,25,,
2022/2/24,28,18,,
2022/2/25,19,14,,
2022/2/26,18,8,,
2022/2/27,13,15,,
2022/2/28,22,19,,
2022/3/1,25,26,,
2022/3/2,37,25,,
2022/3/3,33,23,,
2022/3/4,34,16,,
2022/3/5,19,10,,
2022/3/6,20,16,,
2022/3/7,31,16,,
2022/3/8,18,24,,
2022/3/9,31,17,,
2022/3/10,29,15,,
2022/3/11,25,19,,
2022/3/12,28,18,,
2022/3/13,31,25,,
2022/3/14,37,33,,
2022/3/15,50,20,,
2022/3/16,43,21,,
2022/3/17,35,20,,
2022/3/18,38,18,,
2022/3/19,36,14,,
2022/3/20,29,22,1,
2022/3/21,32,26,,
2022/3/22,36,26,,
2022/3/23,36,27,,
2022/3/24,37,26,1,
2022/3/25,40,22,,
2022/3/26,37,19,,
2022/3/27,30,23,,
2022/3/28,38,25,,
2022/3/29,43,22,,
2022/3/30,40,18,,
2022/3/31,23,11,,
2021/10/1,17,10,,
2021/10/2,22,6,,
2021/10/3,23,16,,
2021/10/4,21,12,,
2021/10/5,24,9,,
2021/10/6,15,11,,
2021/10/7,7,12,,
2021/10/8,22,10,,
2021/10/9,27,9,,
2021/10/10,22,12,,
2021/10/11,26,16,,
2021/10/12,31,12,,
2021/10/13,17,18,,
2021/10/14,24,15,,
2021/10/15,23,13,,
2021/10/16,19,10,,
2021/10/17,17,16,,
2021/10/18,29,15,,
2021/10/19,31,15,,
2021/10/20,31,10,,
2021/10/21,19,13,,
2021/10/22,17,11,,
2021/10/23,17,12,,
2021/10/24,17,17,1,
2021/10/25,24,15,,
2021/10/26,28,19,1,
2021/10/27,36,17,1,
2021/10/28,34,18,1,
2021/10/29,45,13,1,
2021/10/30,36,12,1,
2021/10/31,37,13,,
2021/11/1,28,14,,
2021/11/2,15,13,,
2021/11/3,22,11,,
2021/11/4,15,13,1,
2021/11/5,22,15,,
2021/11/6,19,13,,
2021/11/7,20,16,1,
2021/11/8,25,17,,
2021/11/9,23,14,,
2021/11/10,30,10,,
2021/11/11,30,10,,
2021/11/12,19,10,,
2021/11/13,14,8,,
2021/11/14,13,9,,
2021/11/15,28,13,3,
2021/11/16,33,10,,
2021/11/17,39,,,
2021/11/18,36,20,1,
2021/11/19,30,14,,
2021/11/20,26,10,,
2021/11/21,25,13,1,
2021/11/22,29,14,,
2021/11/23,30,19,1,
2021/11/24,35,18,,
2021/11/25,41,16,1,
2021/11/26,25,13,1,
2021/11/27,14,14,,
2021/11/28,15,20,,
2021/11/29,16,23,,
2021/11/30,30,25,,
2021/12/1,31,20,,
2021/12/2,16,22,,
2021/12/3,22,20,,
2021/12/4,31,17,,
2021/12/5,22,23,,
2021/12/6,20,27,1,
2021/12/7,37,20,,
2021/12/8,31,21,,
2021/12/9,22,17,,
2021/12/10,22,12,,
2021/12/11,23,14,,
2021/12/12,15,31,1,
2021/12/13,29,25,1,
2021/12/14,35,24,1,
2021/12/15,36,23,1,
2021/12/16,36,21,,
2021/12/17,26,21,,
2021/12/18,35,23,,
2021/12/19,38,20,,
2021/12/20,27,21,,
2021/12/21,33,22,,
2021/12/22,36,23,1,
2021/12/23,42,28,1,
2021/12/24,52,22,1,
2021/12/25,38,9,,
2021/12/26,11,14,,
2021/12/27,17,13,,
2021/12/28,25,17,,
2021/12/29,22,20,1,
2021/12/30,30,18,1,
2021/12/31,39,16,,
2022/1/1,42,16,1,
2022/1/2,28,19,1,
2021/7/1,13,14,,
2021/7/2,17,8,,
2021/7/3,13,9,,
2021/7/4,15,10,,
2021/7/5,18,11,,
2021/7/6,19,11,,
2021/7/7,22,12,,
2021/7/8,29,10,,
2021/7/9,20,5,,
2021/7/10,9,6,,
2021/7/11,11,10,,
2021/7/12,18,14,,
2021/7/13,31,10,,
2021/7/14,23,11,,
2021/7/15,16,11,,
2021/7/16,17,5,,
2021/7/17,12,4,,
2021/7/18,12,8,,
2021/7/19,20,9,,
2021/7/20,20,9,,
2021/7/21,21,10,,
2021/7/22,23,11,,
2021/7/23,21,9,,
2021/7/24,19,4,,
2021/7/25,17,9,,
2021/7/26,26,11,,
2021/7/27,24,8,,
2021/7/28,24,10,,
2021/7/29,15,11,,
2021/7/30,20,7,,
2021/7/31,10,5,,
2021/8/1,10,8,,
2021/8/2,10,7,,
2021/8/3,11,12,,
2021/8/4,13,10,,
2021/8/5,13,11,,
2021/8/6,13,7,,
2021/8/7,15,7,,
2021/8/8,10,8,,
2021/8/9,13,11,,
2021/8/10,14,10,,
2021/8/11,15,11,,
2021/8/12,21,14,,
2021/8/13,23,10,,
2021/8/14,21,8,,
2021/8/15,22,13,,
2021/8/16,20,8,,
2021/8/17,10,10,,
2021/8/18,13,13,,
2021/8/19,18,12,,
2021/8/20,16,8,,
2021/8/21,15,8,,
2021/8/22,15,9,,
2021/8/23,10,9,,
2021/8/24,13,10,,
2021/8/25,16,13,,
2021/8/26,22,10,,
2021/8/27,12,8,,
2021/8/28,9,6,,
2021/8/29,7,12,,
2021/8/30,14,11,,
2021/8/31,14,13,,
2021/9/1,17,13,,
2021/9/2,17,14,,
2021/9/3,20,11,,
2021/9/4,17,10,,
2021/9/5,16,14,,
2021/9/6,21,14,,
2021/9/7,25,15,,
2021/9/8,25,15,,
2021/9/9,27,16,,
2021/9/10,28,13,,
2021/9/11,25,10,,
2021/9/12,16,13,,
2021/9/13,21,18,,
2021/9/14,26,17,,
2021/9/15,33,16,,
2021/9/16,24,11,,
2021/9/17,13,12,,
2021/9/18,12,7,,
2021/9/19,12,9,,
2021/9/20,11,11,,
2021/9/21,19,12,,
2021/9/22,20,14,,
2021/9/23,20,17,,
2021/9/24,24,14,,
2021/9/25,20,12,,
2021/9/26,22,17,,
2021/9/27,24,17,,
2021/9/28,25,14,,
2021/9/29,21,11,,
2021/9/30,14,11,,
2021/4/1,37,16,,
2021/4/2,36,7,,
2021/4/3,16,7,,
2021/4/4,11,11,,
2021/4/5,17,12,,
2021/4/6,17,14,,
2021/4/7,20,18,,
2021/4/8,28,17,,
2021/4/9,25,13,,
2021/4/10,21,9,,
2021/4/11,16,15,,
2021/4/12,18,9,,
2021/4/13,10,11,,
2021/4/14,16,14,,
2021/4/15,23,17,,
2021/4/16,21,11,,
2021/4/17,18,7,,
2021/4/18,17,14,,
2021/4/19,19,15,,
2021/4/20,25,17,,
2021/4/21,27,17,,
2021/4/22,26,14,,
2021/4/23,27,12,,
2021/4/24,21,9,,
2021/4/25,21,16,,
2021/4/26,25,17,,
2021/4/27,33,13,,
2021/4/28,33,9,,
2021/4/29,25,15,,
2021/4/30,19,7,,
2021/5/1,17,6,,
2021/5/2,11,12,,
2021/5/3,15,11,,
2021/5/4,17,12,,
2021/5/5,23,9,,
2021/5/6,13,14,,
2021/5/7,13,9,,
2021/5/8,13,9,,
2021/5/9,14,15,,
2021/5/10,23,14,,
2021/5/11,25,12,,
2021/5/12,15,7,,
2021/5/13,6,10,,
2021/5/14,11,8,,
2021/5/15,10,6,,
2021/5/16,8,11,,
2021/5/17,8,13,,
2021/5/18,21,9,,
2021/5/19,8,10,,
2021/5/20,12,11,,
2021/5/21,15,13,,
2021/5/22,13,8,,
2021/5/23,11,8,,
2021/5/24,10,12,,
2021/5/25,10,11,,
2021/5/26,15,13,,
2021/5/27,17,14,,
2021/5/28,16,8,,
2021/5/29,14,7,,
2021/5/30,11,11,,
2021/5/31,15,13,,
2021/6/1,21,15,,
2021/6/2,24,10,,
2021/6/3,21,11,,
2021/6/4,24,8,,
2021/6/5,20,5,,
2021/6/6,9,13,,
2021/6/7,23,16,,
2021/6/8,23,12,,
2021/6/9,25,14,,
2021/6/10,20,10,,
2021/6/11,14,9,,
2021/6/12,15,5,,
2021/6/13,13,9,,
2021/6/14,18,12,,
2021/6/15,22,13,,
2021/6/16,23,15,,
2021/6/17,24,13,,
2021/6/18,25,11,,
2021/6/19,25,8,,
2021/6/20,25,13,,
2021/6/21,43,12,,
2021/6/22,40,12,,
2021/6/23,31,11,,
2021/6/24,45,10,,
2021/6/25,23,7,,
2021/6/26,11,6,,
2021/6/27,13,14,,
2021/6/28,21,13,,
2021/6/29,30,9,,
2021/6/30,21,10,,
2021/1/4,22,12,,
2021/1/5,17,12,,
2021/1/6,11,13,,
2021/1/7,19,15,1,
2021/1/8,27,,1,
2021/1/9,29,13,,
2021/1/10,27,24,1,
2021/1/11,29,23,1,
2021/1/12,41,25,1,
2021/1/13,42,19,,
2021/1/14,22,26,1,
2021/1/15,37,16,,
2021/1/16,34,7,,
2021/1/17,28,20,,
2021/1/18,43,29,1,
2021/1/19,50,29,1,
2021/1/20,44,25,1,
2021/1/21,27,26,1,
2021/1/22,23,17,1,
2021/1/23,14,12,,
2021/1/24,11,22,,
2021/1/25,24,23,1,
2021/1/26,36,26,1,
2021/1/27,42,26,1,
2021/1/28,41,27,1,
2021/1/29,31,19,,
2021/1/30,35,10,,
2021/1/31,13,21,1,
2021/2/1,35,22,,
2021/2/2,51,19,1,
2021/2/3,48,22,1,
2021/2/4,35,25,1,
2021/2/5,46,13,1,
2021/2/6,32,11,1,
2021/2/7,33,11,1,
2021/2/8,14,15,,
2021/2/9,15,16,1,
2021/2/10,21,11,,
2021/2/11,31,14,,
2021/2/12,23,11,,
2021/2/13,15,8,,
2021/2/14,9,26,,
2021/2/15,38,27,,
2021/2/16,50,27,1,
2021/2/17,54,27,1,
2021/2/18,38,24,,
2021/2/19,43,16,,
2021/2/20,38,9,,
2021/2/21,51,19,,
2021/2/22,50,24,,
2021/2/23,56,25,,
2021/2/24,69,23,,
2021/2/25,62,22,,
2021/2/26,62,,,
2021/2/27,29,14,,
2021/2/28,17,22,,
2021/3/1,35,19,,
2021/3/2,41,27,,
2021/3/3,42,27,,
2021/3/4,52,16,,
2021/3/5,32,4,,
2021/3/6,16,17,,
2021/3/7,23,23,,
2021/3/8,36,17,,
2021/3/9,31,19,,
2021/3/10,37,21,,
2021/3/11,47,17,,
2021/3/12,30,10,,
2021/3/13,16,10,,
2021/3/14,12,18,,
2021/3/15,25,13,,
2021/3/16,22,16,,
2021/3/17,21,18,,
2021/3/18,22,17,,
2021/3/19,22,13,,
2021/3/20,13,12,,
2021/3/21,18,14,,
2021/3/22,21,16,,
2021/3/23,27,15,,
2021/3/24,24,18,,
2021/3/25,34,22,,
2021/3/26,38,14,,
2021/3/27,26,11,,
2021/3/28,14,18,,
2021/3/29,33,22,1,
2021/3/30,37,20,1,
2021/3/31,37,20,,
2020/10/1,22,19,,
2020/10/2,29,13,,
2020/10/3,15,6,,
2020/10/4,7,15,,
2020/10/5,15,14,,
2020/10/6,18,16,,
2020/10/7,17,12,,
2020/10/8,19,13,,
2020/10/9,24,11,,
2020/10/10,17,5,,
2020/10/11,2,8,,
2020/10/12,8,12,,
2020/10/13,9,18,,
2020/10/14,18,16,,
2020/10/15,14,12,,
2020/10/16,5,,,
2020/10/18,15,17,,
2020/10/19,26,14,,
2020/10/20,29,17,,
2020/10/21,36,18,,
2020/10/22,33,15,,
2020/10/23,35,13,,
2020/10/24,29,10,,
2020/10/25,19,10,,
2020/10/26,16,17,,
2020/10/27,15,13,,
2020/10/28,22,15,,
2020/10/29,35,16,,
2020/10/30,26,15,,
2020/10/31,28,12,,
2020/11/1,22,16,,
2020/11/2,36,19,1,
2020/11/3,43,14,,
2020/11/4,15,15,,
2020/11/5,28,19,,
2020/11/6,29,14,,
2020/11/7,23,11,,
2020/11/8,24,13,,
2020/11/9,30,13,,
2020/11/10,20,9,,
2020/11/11,15,10,,
2020/11/12,17,10,,
2020/11/13,25,11,,
2020/11/14,24,10,,
2020/11/15,20,15,1,
2020/11/16,25,17,,
2020/11/17,30,15,1,
2020/11/18,32,12,,
2020/11/19,25,11,,
2020/11/20,20,17,,
2020/11/21,18,15,,
2020/11/22,28,20,1,
2020/11/23,58,,1,
2020/11/24,41,16,,
2020/11/25,27,15,,
2020/11/26,29,15,,
2020/11/27,32,14,,
2020/11/28,31,12,,
2020/11/29,28,12,,
2020/11/30,39,19,1,
2020/12/1,40,15,,
2020/12/2,37,16,,
2020/12/3,26,18,,
2020/12/4,36,13,,
2020/12/5,45,13,1,
2020/12/6,38,16,1,
2020/12/7,21,12,,
2020/12/8,18,19,,
2020/12/9,13,18,,
2020/12/10,16,16,,
2020/12/11,22,13,,
2020/12/12,23,12,,
2020/12/13,27,14,,
2020/12/14,18,16,,
2020/12/15,17,13,,
2020/12/16,24,14,,
2020/12/17,18,14,,
2020/12/18,18,15,,
2020/12/19,12,11,,
2020/12/20,11,14,,
2020/12/21,26,14,1,
2020/12/22,28,19,1,
2020/12/23,42,16,1,
2020/12/24,23,12,,
2020/12/25,11,12,,
2020/12/26,16,12,,
2020/12/27,19,16,,
2020/12/28,20,20,1,
2020/12/29,22,18,1,
2020/12/30,24,17,1,
2020/12/31,22,14,1,
2021/1/1,44,16,,
2021/1/2,23,10,,
2021/1/3,20,15,,
2020/7/1,17,13,,
2020/7/2,14,10,,
2020/7/3,8,11,,
2020/7/4,11,9,,
2020/7/5,12,11,,
2020/7/6,19,9,,
2020/7/7,11,13,,
2020/7/8,16,12,,
2020/7/9,20,14,,
2020/7/10,21,9,,
2020/7/11,10,6,,
2020/7/12,7,12,,
2020/7/13,12,12,,
2020/7/14,15,13,,
2020/7/15,18,11,,
2020/7/16,13,8,,
2020/7/17,9,9,,
2020/7/18,5,7,,
2020/7/19,7,12,,
2020/7/20,15,11,,
2020/7/21,17,12,,
2020/7/22,15,13,,
2020/7/23,21,12,,
2020/7/24,15,10,,
2020/7/25,12,9,,
2020/7/26,13,12,,
2020/7/27,17,13,,
2020/7/28,22,13,,
2020/7/29,13,12,,
2020/7/30,17,13,,
2020/7/31,22,9,,
2020/8/1,20,7,,
2020/8/2,16,14,,
2020/8/3,13,9,,
2020/8/4,7,7,,
2020/8/5,6,12,,
2020/8/6,15,15,,
2020/8/7,23,12,,
2020/8/8,23,11,,
2020/8/9,22,15,,
2020/8/10,28,16,,
2020/8/11,24,13,,
2020/8/12,17,13,,
2020/8/13,20,11,,
2020/8/14,13,6,,
2020/8/15,7,5,,
2020/8/16,8,12,,
2020/8/17,15,13,,
2020/8/18,10,14,,
2020/8/19,15,13,,
2020/8/20,16,14,,
2020/8/21,18,8,,
2020/8/22,14,5,,
2020/8/23,5,10,,
2020/8/24,12,13,,
2020/8/25,15,15,,
2020/8/26,20,14,,
2020/8/27,20,14,,
2020/8/28,21,11,,
2020/8/29,16,8,,
2020/8/30,11,12,,
2020/8/31,10,12,,
2020/9/1,9,15,,
2020/9/2,15,12,,
2020/9/3,13,15,,
2020/9/4,18,11,,
2020/9/5,14,9,,
2020/9/6,12,13,,
2020/9/7,12,12,,
2020/9/8,19,13,,
2020/9/9,23,14,,
2020/9/10,23,15,,
2020/9/11,22,13,,
2020/9/12,24,11,,
2020/9/13,20,17,,
2020/9/14,24,17,,
2020/9/15,30,19,,
2020/9/16,35,18,,
2020/9/17,30,12,,
2020/9/18,17,12,,
2020/9/19,18,11,,
2020/9/20,16,18,,
2020/9/21,29,16,,
2020/9/22,35,15,,
2020/9/23,26,15,,
2020/9/24,20,14,,
2020/9/25,10,7,,
2020/9/26,4,7,,
2020/9/27,7,14,,
2020/9/28,8,14,,
2020/9/29,19,14,,
2020/9/30,17,18,,
2020/4/1,18,16,,
2020/4/2,25,17,1,
2020/4/3,26,12,1,
2020/4/4,21,10,,
2020/4/5,19,16,1,
2020/4/6,32,15,1,
2020/4/7,27,18,1,
2020/4/8,30,19,1,
2020/4/9,35,15,,
2020/4/10,28,9,,
2020/4/11,19,9,,
2020/4/12,19,8,1,
2020/4/13,16,8,,
2020/4/14,14,14,,
2020/4/15,20,19,,
2020/4/16,26,17,,
2020/4/17,27,11,,
2020/4/18,22,6,,
2020/4/19,12,10,,
2020/4/20,21,12,,
2020/4/21,20,15,,
2020/4/22,24,14,,
2020/4/23,22,16,,
2020/4/24,27,11,,
2020/4/25,21,4,,
2020/4/26,14,12,,
2020/4/27,19,9,,
2020/4/28,19,15,,
2020/4/29,16,11,,
2020/4/30,20,5,,
2020/5/1,8,6,,
2020/5/2,7,7,,
2020/5/3,7,13,,
2020/5/4,18,13,,
2020/5/5,18,12,,
2020/5/6,19,16,,
2020/5/7,17,16,,
2020/5/8,20,13,,
2020/5/9,18,8,,
2020/5/10,17,12,,
2020/5/11,24,8,,
2020/5/12,12,10,,
2020/5/13,17,11,,
2020/5/14,19,12,,
2020/5/15,13,8,,
2020/5/16,12,7,,
2020/5/17,16,13,,
2020/5/18,20,17,,
2020/5/19,21,13,,
2020/5/20,23,7,,
2020/5/21,12,13,,
2020/5/22,16,8,,
2020/5/23,16,4,,
2020/5/24,6,11,,
2020/5/25,14,8,,
2020/5/26,12,11,,
2020/5/27,15,14,,
2020/5/28,23,7,,
2020/5/29,12,8,,
2020/5/30,8,7,,
2020/5/31,8,6,,
2020/6/1,9,14,,
2020/6/2,21,10,,
2020/6/3,16,10,,
2020/6/4,14,12,,
2020/6/5,10,8,,
2020/6/6,11,4,,
2020/6/7,11,10,,
2020/6/8,10,11,,
2020/6/9,15,15,,
2020/6/10,17,6,,
2020/6/11,9,12,,
2020/6/12,15,10,,
2020/6/13,13,7,,
2020/6/14,14,9,,
2020/6/15,7,13,,
2020/6/16,16,13,,
2020/6/17,17,10,,
2020/6/18,11,11,,
2020/6/19,12,7,,
2020/6/20,7,4,,
2020/6/21,9,9,,
2020/6/22,14,15,,
2020/6/23,19,14,,
2020/6/24,19,13,,
2020/6/25,12,11,,
2020/6/26,16,10,,
2020/6/27,17,6,,
2020/6/28,13,13,,
2020/6/29,14,10,,
2020/6/30,14,13,,
2020/1/1,47,24,1,
2020/1/2,45,29,1,
2020/1/3,48,22,1,
2020/1/4,36,15,,
2020/1/5,17,23,,
2020/1/6,26,28,1,
2020/1/7,43,29,1,
2020/1/8,42,30,1,
2020/1/9,56,25,1,
2020/1/10,42,22,,
2020/1/11,37,20,,
2020/1/12,27,28,1,
2020/1/13,51,20,,
2020/1/14,42,21,,
2020/1/15,42,27,1,
2020/1/16,57,19,,
2020/1/17,34,14,,
2020/1/18,30,15,,
2020/1/19,30,24,,
2020/1/20,29,24,1,
2020/1/21,38,21,,
2020/1/22,40,25,,
2020/1/23,43,21,,
2020/1/24,36,19,,
2020/1/25,45,13,,
2020/1/26,35,18,,
2020/1/27,43,23,,
2020/1/28,32,22,,
2020/1/29,27,28,,
2020/1/30,36,36,2,
2020/1/31,59,22,,
2020/2/1,31,19,,
2020/2/2,25,22,,
2020/2/3,29,19,,
2020/2/4,17,10,,
2020/2/5,14,22,,
2020/2/6,18,28,,
2020/2/7,32,23,,
2020/2/8,27,22,,
2020/2/9,35,12,,
2020/2/10,20,13,,
2020/2/11,23,24,,
2020/2/12,27,29,,
2020/2/13,36,26,,
2020/2/14,28,23,,
2020/2/15,20,20,,
2020/2/16,23,26,,
2020/2/17,42,24,,
2020/2/18,33,21,,
2020/2/19,19,23,,
2020/2/20,28,20,,
2020/2/21,25,21,,
2020/2/22,19,24,,
2020/2/23,26,19,,
2020/2/24,23,17,,
2020/2/25,24,20,,
2020/2/26,15,16,,
2020/2/27,22,11,,
2020/2/28,12,19,,
2020/2/29,16,14,,
2020/3/1,12,17,,
2020/3/2,21,16,,
2020/3/3,13,16,,
2020/3/4,18,21,,
2020/3/5,29,23,,
2020/3/6,14,17,,
2020/3/7,16,16,,
2020/3/8,16,26,,
2020/3/9,36,20,,
2020/3/10,25,23,,
2020/3/11,33,24,,
2020/3/12,42,18,,
2020/3/13,20,12,,
2020/3/14,18,9,,
2020/3/15,13,21,1,
2020/3/16,26,19,,
2020/3/17,30,17,,
2020/3/18,22,17,,
2020/3/19,26,19,,
2020/3/20,27,10,,
2020/3/21,19,3,,
2020/3/22,8,6,,
2020/3/23,13,10,,
2020/3/24,18,8,,
2020/3/25,18,14,,
2020/3/26,20,14,,
2020/3/27,73,13,,
2020/3/28,65,11,1,
2020/3/29,40,,,
2019/10/1,10,17,,
2019/10/2,19,15,,
2019/10/3,13,15,1,
2019/10/4,15,11,,
2019/10/5,11,8,,
2019/10/6,7,15,,
2019/10/7,16,15,,
2019/10/8,20,15,,
2019/10/9,22,16,,
2019/10/10,13,15,,
2019/10/11,17,13,,
2019/10/12,14,13,,
2019/10/13,18,18,,
2019/10/14,28,15,,
2019/10/15,25,15,,
2019/10/16,21,17,,
2019/10/17,23,16,,
2019/10/18,22,13,,
2019/10/19,16,9,,
2019/10/20,12,24,,
2019/10/21,33,22,,
2019/10/22,34,21,,
2019/10/23,32,23,1,
2019/10/24,32,23,,
2019/10/25,34,17,,
2019/10/26,22,18,,
2019/10/27,24,20,1,
2019/10/28,30,14,,
2019/10/29,10,15,,
2019/10/30,15,15,,
2019/10/31,23,10,,
2019/11/1,20,14,,
2019/11/2,28,11,,
2019/11/3,13,18,,
2019/11/4,22,16,,
2019/11/5,11,20,,
2019/11/6,13,19,,
2019/11/7,20,13,,
2019/11/8,22,13,,
2019/11/9,17,11,,
2019/11/10,9,16,,
2019/11/11,23,15,,
2019/11/12,13,15,,
2019/11/13,7,20,,
2019/11/14,22,17,,
2019/11/15,28,16,,
2019/11/16,20,11,,
2019/11/17,21,16,,
2019/11/18,18,21,,
2019/11/19,34,20,,
2019/11/20,22,17,,
2019/11/21,21,17,,
2019/11/22,26,12,,
2019/11/23,26,9,,
2019/11/24,21,14,,
2019/11/25,17,14,,
2019/11/26,23,15,,
2019/11/27,29,18,1,
2019/11/28,18,20,,
2019/11/29,30,17,,
2019/11/30,13,16,,
2019/12/1,17,19,,
2019/12/2,22,27,1,
2019/12/3,46,25,1,
2019/12/4,44,15,,
2019/12/5,41,17,,
2019/12/6,43,18,1,
2019/12/7,33,20,1,
2019/12/8,40,26,1,
2019/12/9,46,24,1,
2019/12/10,27,30,1,
2019/12/11,37,27,1,
2019/12/12,45,22,,
2019/12/13,26,18,,
2019/12/14,21,22,,
2019/12/15,31,29,3,
2019/12/16,31,22,1,
2019/12/17,20,28,1,
2019/12/18,35,26,1,
2019/12/19,28,22,1,
2019/12/20,33,20,,
2019/12/21,10,17,,
2019/12/22,12,14,,
2019/12/23,11,18,,
2019/12/24,13,17,,
2019/12/25,13,20,,
2019/12/26,12,20,,
2019/12/27,15,11,,
2019/12/28,11,16,,
2019/12/29,19,,,
2019/7/1,29,17,1,
2019/7/2,21,14,1,
2019/7/3,17,13,1,
2019/7/4,18,17,1,
2019/7/5,23,11,1,
2019/7/6,20,7,,
2019/7/7,10,11,1,
2019/7/8,15,12,1,
2019/7/9,15,14,1,
2019/7/10,18,17,1,
2019/7/11,15,17,1,
2019/7/12,15,9,1,
2019/7/13,8,7,1,
2019/7/14,6,16,1,
2019/7/15,14,16,1,
2019/7/16,20,16,1,
2019/7/17,22,14,1,
2019/7/18,14,17,1,
2019/7/19,19,15,1,
2019/7/20,16,10,1,
2019/7/21,12,14,1,
2019/7/22,17,18,1,
2019/7/23,21,14,1,
2019/7/24,26,18,1,
2019/7/25,29,20,1,
2019/7/26,29,12,,
2019/7/27,17,10,1,
2019/7/28,11,11,1,
2019/7/29,16,13,1,
2019/7/30,18,14,1,
2019/7/31,16,15,1,
2019/8/1,12,15,1,
2019/8/2,12,10,1,
2019/8/3,8,11,1,
2019/8/4,8,16,1,
2019/8/5,19,17,1,
2019/8/6,21,14,1,
2019/8/7,18,14,1,
2019/8/8,13,12,1,
2019/8/9,13,10,1,
2019/8/10,15,7,1,
2019/8/11,8,15,1,
2019/8/12,20,12,1,
2019/8/13,14,14,1,
2019/8/14,12,10,1,
2019/8/15,13,12,1,
2019/8/16,10,11,2,
2019/8/17,11,11,1,
2019/8/18,12,15,1,
2019/8/19,19,16,1,
2019/8/20,17,12,1,
2019/8/21,15,15,1,
2019/8/22,14,16,,
2019/8/23,19,13,1,
2019/8/24,16,10,1,
2019/8/25,14,18,1,
2019/8/26,24,15,1,
2019/8/27,25,18,1,
2019/8/28,33,19,1,
2019/8/29,36,18,1,
2019/8/30,22,14,1,
2019/8/31,22,11,1,
2019/9/1,22,15,1,
2019/9/2,15,16,1,
2019/9/3,15,16,,
2019/9/4,18,17,2,
2019/9/5,21,12,,
2019/9/6,13,11,1,
2019/9/7,10,8,1,
2019/9/8,6,12,1,
2019/9/9,7,16,2,
2019/9/10,19,16,1,
2019/9/11,18,16,,
2019/9/12,23,15,,
2019/9/13,17,12,,
2019/9/14,13,10,,
2019/9/15,13,16,,
2019/9/16,25,17,,
2019/9/17,20,13,,
2019/9/18,20,14,,
2019/9/19,17,17,,
2019/9/20,17,14,,
2019/9/21,17,12,,
2019/9/22,15,16,,
2019/9/23,23,15,,
2019/9/24,15,15,,
2019/9/25,19,14,,
2019/9/26,17,15,,
2019/9/27,20,15,,
2019/9/28,11,10,,
2019/9/29,9,14,,
2019/9/30,21,16,,
2019/4/1,32,23,1,
2019/4/2,37,21,1,
2019/4/3,35,21,1,
2019/4/4,25,25,1,
2019/4/5,20,13,,
2019/4/6,11,13,,
2019/4/7,15,17,1,
2019/4/8,24,16,,
2019/4/9,24,23,,
2019/4/10,22,13,,
2019/4/11,17,14,,
2019/4/12,21,11,,
2019/4/13,21,7,,
2019/4/14,19,24,,
2019/4/15,27,22,1,
2019/4/16,28,23,1,
2019/4/17,34,22,1,
2019/4/18,22,21,1,
2019/4/19,19,15,1,
2019/4/20,20,14,1,
2019/4/21,30,11,1,
2019/4/22,20,19,1,
2019/4/23,24,11,,
2019/4/24,33,12,1,
2019/4/25,31,20,1,
2019/4/26,41,9,,
2019/4/27,9,8,,
2019/4/28,6,12,,
2019/4/29,10,12,,
2019/4/30,12,11,1,
2019/5/1,13,19,1,
2019/5/2,22,13,,
2019/5/3,13,11,,
2019/5/4,6,4,,
2019/5/5,5,12,,
2019/5/6,13,18,1,
2019/5/7,20,14,,
2019/5/8,20,20,,
2019/5/9,12,15,1,
2019/5/10,20,9,,
2019/5/11,13,4,,
2019/5/12,8,8,,
2019/5/13,14,11,,
2019/5/14,13,13,,
2019/5/15,15,11,1,
2019/5/16,13,11,2,
2019/5/17,13,11,3,
2019/5/18,17,13,3,
2019/5/19,18,15,2,
2019/5/20,17,11,2,
2019/5/21,15,18,4,
2019/5/22,14,21,3,
2019/5/23,15,17,4,
2019/5/24,17,13,4,
2019/5/25,13,12,4,
2019/5/26,13,25,4,
2019/5/27,20,,3,
2019/5/28,9,9,1,
2019/5/29,4,8,,
2019/5/30,8,13,,
2019/5/31,14,12,1,
2019/6/1,11,11,1,
2019/6/2,13,16,2,
2019/6/3,21,18,2,
2019/6/4,21,15,2,
2019/6/5,22,15,1,
2019/6/6,22,14,1,
2019/6/7,21,11,1,
2019/6/8,20,8,1,
2019/6/9,13,9,2,
2019/6/10,24,15,2,
2019/6/11,31,13,1,
2019/6/12,27,13,1,
2019/6/13,33,19,1,
2019/6/14,30,16,1,
2019/6/15,29,9,1,
2019/6/16,24,14,1,
2019/6/17,16,14,1,
2019/6/18,19,14,,
2019/6/19,19,11,,
2019/6/20,14,12,,
2019/6/21,12,11,1,
2019/6/22,10,8,1,
2019/6/23,8,16,1,
2019/6/24,17,14,1,
2019/6/25,25,15,1,
2019/6/26,24,18,1,
2019/6/27,37,13,1,
2019/6/28,21,10,1,
2019/6/29,17,10,,
2019/6/30,18,18,1,
2019/1/1,46,15,1,
2019/1/2,13,14,1,
2019/1/3,17,25,1,
2019/1/4,21,28,2,
2019/1/5,33,17,1,
2019/1/6,16,22,2,
2019/1/7,18,22,2,
2019/1/8,31,30,2,
2019/1/9,32,23,2,
2019/1/10,24,28,2,
2019/1/11,25,31,2,
2019/1/12,40,25,2,
2019/1/13,36,19,2,
2019/1/14,18,26,2,
2019/1/15,21,48,4,
2019/1/16,57,39,3,
2019/1/17,48,25,2,
2019/1/18,19,22,2,
2019/1/19,23,18,2,
2019/1/20,27,20,1,
2019/1/21,40,23,2,
2019/1/22,43,25,2,
2019/1/23,38,22,1,
2019/1/24,38,21,,
2019/1/25,38,26,,
2019/1/26,40,30,1,
2019/1/27,57,28,1,
2019/1/28,34,24,1,
2019/1/29,30,20,,
2019/1/30,31,24,,
2019/1/31,36,25,1,
2019/2/1,34,23,,
2019/2/2,22,14,,
2019/2/3,12,16,,
2019/2/4,25,22,,
2019/2/5,35,29,1,
2019/2/6,47,29,1,
2019/2/7,49,31,1,
2019/2/8,48,25,1,
2019/2/9,39,20,,
2019/2/10,33,20,,
2019/2/11,14,14,,
2019/2/12,13,29,,
2019/2/13,34,31,1,
2019/2/14,40,30,2,
2019/2/15,40,26,1,
2019/2/16,30,26,1,
2019/2/17,36,31,1,
2019/2/18,44,33,1,
2019/2/19,45,32,1,
2019/2/20,46,29,1,
2019/2/21,44,19,1,
2019/2/22,18,15,,
2019/2/23,11,21,,
2019/2/24,20,31,1,
2019/2/25,40,22,1,
2019/2/26,33,29,1,
2019/2/27,28,24,1,
2019/2/28,30,30,1,
2019/3/1,29,19,,
2019/3/2,20,19,,
2019/3/3,20,21,1,
2019/3/4,28,23,1,
2019/3/5,17,22,1,
2019/3/6,26,10,,
2019/3/7,15,20,1,
2019/3/8,15,15,,
2019/3/9,11,10,,
2019/3/10,14,11,,
2019/3/11,16,24,,
2019/3/12,18,24,1,
2019/3/13,16,20,,
2019/3/14,21,26,,
2019/3/15,24,21,,
2019/3/16,18,10,,
2019/3/17,17,16,,
2019/3/18,15,23,1,
2019/3/19,22,23,1,
2019/3/20,22,26,,
2019/3/21,29,27,1,
2019/3/22,33,,,
2019/3/25,31,14,,
2019/3/26,15,24,1,
2019/3/27,23,24,1,
2019/3/28,21,23,,
2019/3/29,19,22,1,
2019/3/30,22,19,1,
2019/3/31,21,26,,
2018/10/1,21,21,1,
2018/10/2,12,25,2,
2018/10/3,24,19,2,
2018/10/4,20,22,4,
2018/10/5,29,18,2,
2018/10/6,28,11,1,
2018/10/7,20,18,1,
2018/10/8,21,18,1,
2018/10/9,33,21,1,
2018/10/10,41,23,2,
2018/10/11,42,24,2,
2018/10/12,43,17,2,
2018/10/13,36,17,2,
2018/10/14,32,26,3,
2018/10/15,42,24,2,
2018/10/16,48,20,2,
2018/10/17,44,24,2,
2018/10/18,40,25,2,
2018/10/19,40,18,1,
2018/10/20,33,14,1,
2018/10/21,15,22,1,
2018/10/22,24,23,2,
2018/10/23,30,13,1,
2018/10/24,21,19,1,
2018/10/25,21,16,1,
2018/10/26,19,14,2,
2018/10/27,13,10,1,
2018/10/28,8,18,1,
2018/10/29,19,11,1,
2018/10/30,15,23,1,
2018/10/31,21,19,1,
2018/11/1,24,17,1,
2018/11/2,22,13,1,
2018/11/3,30,9,1,
2018/11/4,30,10,1,
2018/11/5,40,14,1,
2018/11/6,48,17,1,
2018/11/7,53,15,1,
2018/11/8,32,15,1,
2018/11/9,33,12,1,
2018/11/10,32,14,1,
2018/11/11,16,19,2,
2018/11/12,21,17,2,
2018/11/13,32,18,1,
2018/11/14,23,20,1,
2018/11/15,25,21,1,
2018/11/16,21,19,2,
2018/11/17,17,16,1,
2018/11/18,17,19,1,
2018/11/19,23,17,1,
2018/11/20,12,16,1,
2018/11/21,24,15,1,
2018/11/22,25,17,1,
2018/11/23,37,11,1,
2018/11/24,23,13,1,
2018/11/25,17,13,2,
2018/11/26,5,14,1,
2018/11/27,8,18,1,
2018/11/28,30,19,1,
2018/11/29,31,18,1,
2018/11/30,42,17,2,
2018/12/1,48,18,2,
2018/12/2,52,26,3,
2018/12/3,52,29,2,
2018/12/4,42,25,2,
2018/12/5,28,25,2,
2018/12/6,42,27,2,
2018/12/7,53,25,2,
2018/12/8,28,24,2,
2018/12/9,26,29,2,
2018/12/10,24,29,2,
2018/12/11,27,25,2,
2018/12/12,32,16,1,
2018/12/13,22,20,1,
2018/12/14,18,14,2,
2018/12/15,21,19,1,
2018/12/16,33,33,3,
2018/12/17,52,37,3,
2018/12/18,52,27,2,
2018/12/19,40,26,2,
2018/12/20,44,27,2,
2018/12/21,44,26,2,
2018/12/22,32,25,2,
2018/12/23,28,16,1,
2018/12/24,22,16,1,
2018/12/25,10,24,2,
2018/12/26,26,32,2,
2018/12/27,40,33,3,
2018/12/28,45,24,2,
2018/12/29,29,16,2,
2018/12/30,26,,,
2018/7/1,10,14,,
2018/7/2,16,15,,
2018/7/3,24,16,,
2018/7/4,24,17,,
2018/7/5,21,13,,
2018/7/6,7,8,,
2018/7/7,10,10,,
2018/7/8,13,19,1,
2018/7/9,19,17,1,
2018/7/10,22,15,,
2018/7/11,10,14,,
2018/7/12,15,16,1,
2018/7/13,17,11,1,
2018/7/14,13,9,,
2018/7/15,12,16,,
2018/7/16,20,18,,
2018/7/17,16,20,1,
2018/7/18,20,22,1,
2018/7/19,20,18,1,
2018/7/20,23,12,1,
2018/7/21,17,7,,
2018/7/22,10,19,,
2018/7/23,19,19,,
2018/7/24,21,19,1,
2018/7/25,21,14,,
2018/7/26,14,18,,
2018/7/27,18,12,,
2018/7/28,14,12,,
2018/7/29,15,19,,
2018/7/30,22,19,,
2018/7/31,21,19,1,
2018/8/1,29,17,,
2018/8/2,22,19,,
2018/8/3,21,12,,
2018/8/4,19,10,,
2018/8/5,16,15,,
2018/8/6,22,16,,
2018/8/7,22,14,,
2018/8/8,20,17,,
2018/8/9,22,16,,
2018/8/10,24,9,,
2018/8/11,8,9,,
2018/8/12,12,17,,
2018/8/13,21,17,,
2018/8/14,12,10,1,
2018/8/15,10,17,1,
2018/8/16,16,16,1,
2018/8/17,19,13,,
2018/8/18,16,13,,
2018/8/19,16,20,1,
2018/8/20,24,22,,
2018/8/21,24,20,1,
2018/8/22,23,21,1,
2018/8/23,27,21,1,
2018/8/24,25,9,,
2018/8/25,7,6,,
2018/8/26,4,17,1,
2018/8/27,14,18,1,
2018/8/28,19,18,1,
2018/8/29,19,17,1,
2018/8/30,21,17,,
2018/8/31,12,13,,
2018/9/1,7,10,,
2018/9/2,8,15,1,
2018/9/3,13,14,,
2018/9/4,13,19,1,
2018/9/5,16,18,1,
2018/9/6,25,20,1,
2018/9/7,27,13,,
2018/9/8,14,12,1,
2018/9/9,14,20,1,
2018/9/10,20,21,1,
2018/9/11,23,22,1,
2018/9/12,25,20,1,
2018/9/13,24,17,1,
2018/9/14,27,,,
2018/9/17,23,17,3,
2018/9/18,29,21,1,
2018/9/19,29,20,1,
2018/9/20,23,20,1,
2018/9/21,26,10,,
2018/9/22,9,8,,
2018/9/23,9,13,1,
2018/9/24,6,17,1,
2018/9/25,11,19,2,
2018/9/26,15,23,1,
2018/9/27,23,22,2,
2018/9/28,24,14,1,
2018/9/29,16,14,2,
2018/9/30,12,20,2,
2018/4/1,7,17,,
2018/4/2,12,14,2,
2018/4/3,21,10,,
2018/4/4,12,23,1,
2018/4/5,22,17,,
2018/4/6,14,13,1,
2018/4/7,20,13,1,
2018/4/8,22,20,2,
2018/4/9,33,17,1,
2018/4/10,20,19,1,
2018/4/11,23,23,1,
2018/4/12,29,14,,
2018/4/13,15,17,1,
2018/4/14,15,14,2,
2018/4/15,28,18,1,
2018/4/16,38,21,1,
2018/4/17,18,22,1,
2018/4/18,28,26,1,
2018/4/19,28,23,1,
2018/4/20,24,17,1,
2018/4/21,21,19,1,
2018/4/22,26,23,1,
2018/4/23,35,17,1,
2018/4/24,19,20,1,
2018/4/25,31,20,1,
2018/4/26,24,16,1,
2018/4/27,20,12,1,
2018/4/28,21,13,1,
2018/4/29,29,13,1,
2018/4/30,26,8,1,
2018/5/1,13,18,2,
2018/5/2,27,17,1,
2018/5/3,27,21,1,
2018/5/4,30,11,1,
2018/5/5,16,10,1,
2018/5/6,18,19,1,
2018/5/7,25,19,1,
2018/5/8,22,17,1,
2018/5/9,20,11,1,
2018/5/10,19,15,1,
2018/5/11,15,11,1,
2018/5/12,17,9,,
2018/5/13,13,19,1,
2018/5/14,12,18,1,
2018/5/15,6,18,1,
2018/5/16,15,17,1,
2018/5/17,16,19,1,
2018/5/18,21,11,1,
2018/5/19,15,11,1,
2018/5/20,13,11,1,
2018/5/21,12,17,1,
2018/5/22,19,16,1,
2018/5/23,21,22,,
2018/5/24,20,17,,
2018/5/25,19,11,,
2018/5/26,12,9,,
2018/5/27,12,17,,
2018/5/28,23,18,,
2018/5/29,27,18,,
2018/5/30,24,12,,
2018/5/31,26,15,,
2018/6/1,25,9,,
2018/6/2,13,11,,
2018/6/3,9,18,,
2018/6/4,18,17,,
2018/6/5,17,16,,
2018/6/6,19,16,,
2018/6/7,16,15,,
2018/6/8,18,9,,
2018/6/9,13,8,,
2018/6/10,15,16,,
2018/6/11,20,18,,
2018/6/12,30,13,,
2018/6/13,16,12,,
2018/6/14,10,13,,
2018/6/15,12,11,,
2018/6/16,14,12,1,
2018/6/17,17,11,1,
2018/6/18,14,16,1,
2018/6/19,12,18,1,
2018/6/20,18,16,1,
2018/6/21,22,10,,
2018/6/22,16,9,,
2018/6/23,8,7,,
2018/6/24,7,14,,
2018/6/25,9,14,1,
2018/6/26,12,15,,
2018/6/27,11,13,,
2018/6/28,7,10,,
2018/6/29,12,10,,
2018/6/30,16,6,,
2018/1/1,45,26,,
2018/1/2,22,28,,
2018/1/3,24,34,1,
2018/1/4,29,35,1,
2018/1/5,43,18,,
2018/1/6,16,17,,
2018/1/7,18,20,1,
2018/1/8,26,16,,
2018/1/9,23,15,,
2018/1/10,17,19,,
2018/1/11,20,23,1,
2018/1/12,29,12,,
2018/1/13,15,11,1,
2018/1/14,12,17,,
2018/1/15,17,22,1,
2018/1/16,35,23,,
2018/1/17,18,24,1,
2018/1/18,22,30,1,
2018/1/19,23,27,,
2018/1/20,29,17,,
2018/1/21,20,22,,
2018/1/22,25,27,1,
2018/1/23,42,31,1,
2018/1/24,43,29,1,
2018/1/25,43,30,1,
2018/1/26,53,15,,
2018/1/27,26,14,,
2018/1/28,23,32,2,
2018/1/29,49,30,1,
2018/1/30,34,27,,
2018/1/31,35,24,,
2018/2/1,30,27,,
2018/2/2,12,22,,
2018/2/3,18,18,,
2018/2/4,21,21,,
2018/2/5,26,16,,
2018/2/6,38,21,1,
2018/2/7,30,22,,
2018/2/8,25,19,,
2018/2/9,44,17,,
2018/2/10,58,16,,
2018/2/11,42,31,,
2018/2/12,29,27,,
2018/2/13,20,26,,
2018/2/14,28,29,,
2018/2/15,44,34,,
2018/2/16,53,20,,
2018/2/17,43,13,,
2018/2/18,27,18,,
2018/2/19,30,25,,
2018/2/20,20,31,,
2018/2/21,35,27,,
2018/2/22,31,27,,
2018/2/23,27,15,,
2018/2/24,36,16,,
2018/2/25,25,24,,
2018/2/26,36,16,,
2018/2/27,27,33,,
2018/2/28,48,32,1,
2018/3/1,64,29,1,
2018/3/2,75,21,1,
2018/3/3,58,18,,
2018/3/4,56,28,1,
2018/3/5,51,31,3,
2018/3/6,41,33,1,
2018/3/7,41,30,1,
2018/3/8,28,37,1,
2018/3/9,44,24,1,
2018/3/10,35,20,1,
2018/3/11,25,20,,
2018/3/12,27,21,,
2018/3/13,19,22,,
2018/3/14,22,20,,
2018/3/15,27,25,,
2018/3/16,25,17,,
2018/3/17,14,12,,
2018/3/18,16,17,,
2018/3/19,24,20,,
2018/3/20,35,26,1,
2018/3/21,36,26,,
2018/3/22,35,25,1,
2018/3/23,34,17,,
2018/3/24,22,10,1,
2018/3/25,32,24,1,
2018/3/26,46,22,,
2018/3/27,40,23,,
2018/3/28,32,27,1,
2018/3/29,39,22,,
2018/3/30,14,15,1,
2018/3/31,23,7,,
2017/10/1,27,22,3,
2017/10/2,35,20,1,
2017/10/3,32,19,1,
2017/10/4,22,20,1,
2017/10/5,24,18,,
2017/10/6,9,16,,
2017/10/7,12,14,,
2017/10/8,11,18,1,
2017/10/9,18,19,1,
2017/10/10,22,21,1,
2017/10/11,28,25,1,
2017/10/12,30,25,1,
2017/10/13,29,20,1,
2017/10/14,26,17,,
2017/10/15,25,25,1,
2017/10/16,37,25,1,
2017/10/17,34,27,1,
2017/10/18,35,27,1,
2017/10/19,36,28,1,
2017/10/20,42,23,1,
2017/10/21,31,13,1,
2017/10/22,14,17,1,
2017/10/23,12,16,,
2017/10/24,13,26,1,
2017/10/25,37,17,1,
2017/10/26,22,13,1,
2017/10/27,19,21,,
2017/10/28,14,11,,
2017/10/29,9,19,1,
2017/10/30,12,27,1,
2017/10/31,24,19,1,
2017/11/1,20,26,2,
2017/11/2,40,24,1,
2017/11/3,32,20,1,
2017/11/4,35,19,1,
2017/11/5,30,19,,
2017/11/6,9,26,1,
2017/11/7,24,23,1,
2017/11/8,22,18,,
2017/11/9,22,19,1,
2017/11/10,32,17,1,
2017/11/11,27,14,,
2017/11/12,23,16,1,
2017/11/13,10,24,1,
2017/11/14,21,31,2,
2017/11/15,43,26,2,
2017/11/16,34,20,1,
2017/11/17,36,17,1,
2017/11/18,32,19,1,
2017/11/19,23,25,1,
2017/11/20,19,36,2,
2017/11/21,41,,,
2017/11/23,41,36,2,
2017/11/24,47,21,1,
2017/11/25,38,10,,
2017/11/26,6,31,1,
2017/11/27,29,31,1,
2017/11/28,41,29,1,
2017/11/29,39,26,,
2017/11/30,19,28,1,
2017/12/1,25,20,,
2017/12/2,27,21,,
2017/12/3,29,38,1,
2017/12/4,50,38,1,
2017/12/5,50,32,1,
2017/12/6,35,38,1,
2017/12/7,45,31,1,
2017/12/8,36,21,,
2017/12/9,12,26,,
2017/12/10,27,34,1,
2017/12/11,18,23,,
2017/12/12,15,22,,
2017/12/13,9,28,,
2017/12/14,29,29,1,
2017/12/15,25,19,,
2017/12/16,13,27,1,
2017/12/17,26,32,1,
2017/12/18,37,33,1,
2017/12/19,47,33,1,
2017/12/20,40,33,1,
2017/12/21,45,37,2,
2017/12/22,42,25,1,
2017/12/23,30,30,1,
2017/12/24,34,23,1,
2017/12/25,32,,,
2017/12/27,21,17,,
2017/12/28,9,23,,
2017/12/29,17,28,1,
2017/12/30,33,,,
2017/7/1,10,10,,
2017/7/2,7,22,1,
2017/7/3,19,23,1,
2017/7/4,18,20,1,
2017/7/5,23,18,1,
2017/7/6,29,18,,
2017/7/7,21,13,,
2017/7/8,15,10,1,
2017/7/9,14,16,,
2017/7/10,27,15,,
2017/7/11,26,12,,
2017/7/12,14,11,,
2017/7/13,10,13,,
2017/7/14,13,8,,
2017/7/15,7,9,,
2017/7/16,8,19,1,
2017/7/17,20,20,1,
2017/7/18,22,19,1,
2017/7/19,24,15,,
2017/7/20,19,14,,
2017/7/21,10,12,,
2017/7/22,15,9,,
2017/7/23,12,16,,
2017/7/24,9,9,,
2017/7/25,7,14,,
2017/7/26,10,15,,
2017/7/27,9,13,,
2017/7/28,13,12,1,
2017/7/29,11,9,,
2017/7/30,12,17,,
2017/7/31,18,20,,
2017/8/1,30,14,,
2017/8/2,31,18,,
2017/8/3,24,19,,
2017/8/4,26,11,,
2017/8/5,14,7,,
2017/8/6,7,13,,
2017/8/7,13,13,,
2017/8/8,19,16,,
2017/8/9,24,17,,
2017/8/10,30,16,,
2017/8/11,21,7,,
2017/8/12,4,9,,
2017/8/13,5,13,,
2017/8/14,11,12,1,
2017/8/15,11,21,1,
2017/8/16,17,16,,
2017/8/17,16,18,,
2017/8/18,20,16,,
2017/8/19,12,8,1,
2017/8/20,6,16,1,
2017/8/21,12,16,1,
2017/8/22,26,17,1,
2017/8/23,18,20,1,
2017/8/24,21,19,,
2017/8/25,26,16,,
2017/8/26,19,10,,
2017/8/27,17,16,,
2017/8/28,15,17,,
2017/8/29,16,19,1,
2017/8/30,25,22,1,
2017/8/31,26,16,,
2017/9/1,13,10,,
2017/9/2,7,7,,
2017/9/3,4,17,1,
2017/9/4,12,18,1,
2017/9/5,14,21,1,
2017/9/6,17,,,
2017/9/11,13,16,,
2017/9/12,8,15,1,
2017/9/13,13,11,1,
2017/9/14,12,17,,
2017/9/15,11,13,,
2017/9/16,8,10,,
2017/9/17,7,16,1,
2017/9/18,13,14,,
2017/9/19,4,21,1,
2017/9/20,13,21,1,
2017/9/21,12,20,1,
2017/9/22,17,12,1,
2017/9/23,14,12,,
2017/9/24,19,16,,
2017/9/25,20,21,1,
2017/9/26,18,18,1,
2017/9/27,24,19,,
2017/9/28,31,18,,
2017/9/29,31,14,,
2017/9/30,24,14,,
2017/4/1,23,19,,
2017/4/2,19,25,2,
2017/4/3,29,22,1,
2017/4/4,27,19,,
2017/4/5,21,18,,
2017/4/6,17,19,1,
2017/4/7,15,17,,
2017/4/8,13,13,,
2017/4/9,14,23,1,
2017/4/10,23,24,1,
2017/4/11,22,21,,
2017/4/12,24,25,1,
2017/4/13,29,18,1,
2017/4/14,18,11,,
2017/4/15,18,11,,
2017/4/16,16,7,,
2017/4/17,5,15,,
2017/4/18,10,11,,
2017/4/19,18,10,,
2017/4/20,22,20,1,
2017/4/21,22,21,,
2017/4/22,16,9,1,
2017/4/23,8,20,1,
2017/4/24,19,18,1,
2017/4/25,19,11,,
2017/4/26,21,17,,
2017/4/27,13,14,,
2017/4/28,7,15,,
2017/4/29,14,12,,
2017/4/30,16,14,1,
2017/5/1,21,20,,
2017/5/2,24,22,,
2017/5/3,21,20,1,
2017/5/4,22,19,1,
2017/5/5,19,13,,
2017/5/6,15,12,,
2017/5/7,13,19,,
2017/5/8,13,13,,
2017/5/9,10,14,,
2017/5/10,13,15,1,
2017/5/11,20,17,1,
2017/5/12,18,13,,
2017/5/13,10,14,1,
2017/5/14,12,14,1,
2017/5/15,14,19,,
2017/5/16,17,23,1,
2017/5/17,22,20,1,
2017/5/18,22,19,1,
2017/5/19,23,8,1,
2017/5/20,22,5,,
2017/5/21,18,16,1,
2017/5/22,23,15,,
2017/5/23,15,23,,
2017/5/24,23,9,,
2017/5/25,10,18,1,
2017/5/26,16,13,2,
2017/5/27,15,10,,
2017/5/28,14,19,1,
2017/5/29,20,22,1,
2017/5/30,27,23,1,
2017/5/31,26,18,,
2017/6/1,22,19,,
2017/6/2,21,11,,
2017/6/3,17,10,,
2017/6/4,17,10,,
2017/6/5,11,17,,
2017/6/6,19,17,,
2017/6/7,11,13,,
2017/6/8,18,18,,
2017/6/9,19,12,,
2017/6/10,13,11,,
2017/6/11,13,21,1,
2017/6/12,26,14,,
2017/6/13,26,16,,
2017/6/14,22,12,,
2017/6/15,19,18,,
2017/6/16,19,8,,
2017/6/17,17,10,,
2017/6/18,11,19,1,
2017/6/19,20,22,1,
2017/6/20,44,23,,
2017/6/21,30,23,,
2017/6/22,32,26,,
2017/6/23,31,13,,
2017/6/24,27,12,,
2017/6/25,17,15,,
2017/6/26,18,18,,
2017/6/27,23,18,,
2017/6/28,25,12,,
2017/6/29,10,12,,
2017/6/30,16,9,,
2017/1/2,64,34,2,
2017/1/3,55,30,2,
2017/1/4,44,18,1,
2017/1/5,22,6,1,
2017/1/6,18,18,1,
2017/1/7,20,17,,
2017/1/8,29,25,1,
2017/1/9,45,17,1,
2017/1/10,31,34,1,
2017/1/11,64,42,3,
2017/1/12,70,31,1,
2017/1/13,23,30,1,
2017/1/14,23,28,1,
2017/1/15,26,34,2,
2017/1/16,34,29,2,
2017/1/17,42,33,1,
2017/1/18,56,35,2,
2017/1/19,58,39,2,
2017/1/20,61,37,2,
2017/1/21,66,34,2,
2017/1/22,71,39,1,
2017/1/23,89,28,1,
2017/1/24,80,23,1,
2017/1/25,48,28,1,
2017/1/26,37,31,2,
2017/1/27,51,23,1,
2017/1/28,55,21,1,
2017/1/29,62,26,1,
2017/1/30,60,26,1,
2017/1/31,69,34,1,
2017/2/1,74,35,2,
2017/2/2,69,31,3,
2017/2/3,30,26,2,
2017/2/4,25,24,1,
2017/2/5,26,28,1,
2017/2/6,13,21,1,
2017/2/7,22,18,1,
2017/2/8,39,20,1,
2017/2/9,51,18,1,
2017/2/10,47,16,2,
2017/2/11,47,14,1,
2017/2/12,55,20,1,
2017/2/13,53,26,1,
2017/2/14,44,30,2,
2017/2/15,49,30,3,
2017/2/16,39,32,2,
2017/2/17,48,22,1,
2017/2/18,30,19,1,
2017/2/19,23,29,3,
2017/2/20,37,34,3,
2017/2/21,56,27,2,
2017/2/22,43,28,2,
2017/2/23,44,18,2,
2017/2/24,17,21,1,
2017/2/25,20,24,2,
2017/2/26,26,29,2,
2017/2/27,37,17,1,
2017/2/28,23,25,1,
2017/3/1,20,29,2,
2017/3/2,28,28,2,
2017/3/3,30,13,1,
2017/3/4,22,16,1,
2017/3/5,13,23,1,
2017/3/6,27,19,1,
2017/3/7,20,26,,
2017/3/8,22,26,,
2017/3/9,26,12,,
2017/3/10,9,16,,
2017/3/11,11,15,,
2017/3/12,16,28,1,
2017/3/13,30,28,,
2017/3/14,32,31,1,
2017/3/15,40,27,1,
2017/3/16,37,29,2,
2017/3/17,31,26,,
2017/3/18,36,15,,
2017/3/19,21,22,1,
2017/3/20,27,23,,
2017/3/21,30,22,,
2017/3/22,30,20,,
2017/3/23,29,20,,
2017/3/24,30,16,,
2017/3/25,26,13,,
2017/3/26,19,26,,
2017/3/27,26,27,,
2017/3/28,31,29,,
2017/3/29,32,31,,
2017/3/30,34,25,,
2017/3/31,27,16,,
2016/10/1,22,19,,
2016/10/2,20,20,,
2016/10/3,11,19,,
2016/10/4,18,17,,
2016/10/5,12,17,,
2016/10/6,15,12,,
2016/10/7,12,11,,
2016/10/8,16,11,,
2016/10/9,14,15,,
2016/10/10,13,16,,
2016/10/11,11,15,1,
2016/10/12,20,19,1,
2016/10/13,27,19,1,
2016/10/14,32,14,1,
2016/10/15,30,9,,
2016/10/16,33,19,,
2016/10/17,16,10,,
2016/10/18,4,12,,
2016/10/19,4,20,,
2016/10/20,8,17,,
2016/10/21,16,16,,
2016/10/22,21,13,,
2016/10/23,20,24,1,
2016/10/24,34,21,1,
2016/10/25,26,10,,
2016/10/26,12,17,1,
2016/10/27,24,18,1,
2016/10/28,33,18,1,
2016/10/29,26,16,1,
2016/10/30,20,22,1,
2016/10/31,26,17,1,
2016/11/1,23,23,1,
2016/11/2,35,20,1,
2016/11/3,19,19,1,
2016/11/4,24,21,1,
2016/11/5,33,11,,
2016/11/6,16,20,,
2016/11/7,12,19,,
2016/11/8,13,21,,
2016/11/9,28,22,1,
2016/11/10,39,23,1,
2016/11/11,41,10,,
2016/11/12,10,12,,
2016/11/13,17,21,1,
2016/11/14,21,28,1,
2016/11/15,43,27,1,
2016/11/16,44,20,1,
2016/11/17,48,21,1,
2016/11/18,28,19,1,
2016/11/19,20,15,,
2016/11/20,16,21,1,
2016/11/21,31,24,1,
2016/11/22,33,19,1,
2016/11/23,35,19,1,
2016/11/24,35,14,1,
2016/11/25,43,10,1,
2016/11/26,21,12,1,
2016/11/27,33,17,1,
2016/11/28,16,24,1,
2016/11/29,23,34,2,
2016/11/30,46,37,2,
2016/12/1,53,22,1,
2016/12/2,22,23,1,
2016/12/3,20,22,1,
2016/12/4,26,30,2,
2016/12/5,48,31,2,
2016/12/6,59,27,1,
2016/12/7,51,18,1,
2016/12/8,31,56,3,
2016/12/9,67,39,3,
2016/12/10,52,32,2,
2016/12/11,47,32,1,
2016/12/12,37,20,1,
2016/12/13,24,37,2,
2016/12/14,62,24,1,
2016/12/15,43,23,1,
2016/12/16,31,29,1,
2016/12/17,42,28,1,
2016/12/18,47,17,1,
2016/12/19,48,20,1,
2016/12/20,43,19,1,
2016/12/21,37,16,1,
2016/12/22,33,20,1,
2016/12/23,37,17,1,
2016/12/24,34,15,1,
2016/12/25,43,21,1,
2016/12/26,44,10,1,
2016/12/27,21,12,1,
2016/12/28,10,27,1,
2016/12/29,20,35,1,
2016/12/30,46,34,2,
2016/12/31,58,31,2,
2017/1/1,85,43,3,
2016/7/1,18,12,,
2016/7/2,19,6,,
2016/7/3,7,14,1,
2016/7/4,15,16,1,
2016/7/5,18,14,,
2016/7/6,11,17,1,
2016/7/7,19,18,1,
2016/7/8,22,13,1,
2016/7/9,13,11,1,
2016/7/10,16,21,1,
2016/7/11,24,17,,
2016/7/12,21,14,,
2016/7/13,12,9,,
2016/7/14,8,12,1,
2016/7/15,10,8,,
2016/7/16,9,11,1,
2016/7/17,10,20,1,
2016/7/18,15,17,1,
2016/7/19,15,16,1,
2016/7/20,19,18,1,
2016/7/21,22,15,,
2016/7/22,18,10,1,
2016/7/23,13,10,,
2016/7/24,18,20,1,
2016/7/25,17,18,1,
2016/7/26,19,19,1,
2016/7/27,21,16,,
2016/7/28,13,14,1,
2016/7/29,15,13,,
2016/7/30,15,8,,
2016/7/31,9,19,1,
2016/8/1,14,14,1,
2016/8/2,16,15,1,
2016/8/3,17,16,1,
2016/8/4,21,15,1,
2016/8/5,21,6,1,
2016/8/6,7,11,1,
2016/8/7,14,16,1,
2016/8/8,18,16,1,
2016/8/9,19,11,1,
2016/8/10,6,16,1,
2016/8/11,13,18,2,
2016/8/12,18,11,,
2016/8/13,11,10,1,
2016/8/14,10,10,1,
2016/8/15,13,12,1,
2016/8/16,15,15,1,
2016/8/17,17,15,1,
2016/8/18,19,17,1,
2016/8/19,14,12,1,
2016/8/20,14,8,1,
2016/8/21,10,15,,
2016/8/22,11,19,1,
2016/8/23,16,19,,
2016/8/24,18,18,,
2016/8/25,21,19,1,
2016/8/26,21,15,1,
2016/8/27,24,13,,
2016/8/28,29,19,,
2016/8/29,21,18,,
2016/8/30,16,18,,
2016/8/31,20,18,,
2016/9/1,23,20,,
2016/9/2,21,15,1,
2016/9/3,19,13,,
2016/9/4,18,15,,
2016/9/5,10,16,,
2016/9/6,11,22,,
2016/9/7,24,22,1,
2016/9/8,29,22,1,
2016/9/9,26,19,,
2016/9/10,27,14,1,
2016/9/11,27,23,1,
2016/9/12,38,21,1,
2016/9/13,35,22,1,
2016/9/14,32,18,1,
2016/9/15,32,,,
2016/9/16,22,,,
2016/9/17,11,,,
2016/9/18,8,12,,
2016/9/19,10,15,,
2016/9/20,14,18,1,
2016/9/21,19,20,1,
2016/9/22,18,20,1,
2016/9/23,19,17,,
2016/9/24,16,14,,
2016/9/25,16,23,1,
2016/9/26,23,21,1,
2016/9/27,23,24,1,
2016/9/28,28,26,1,
2016/9/29,29,26,1,
2016/9/30,28,20,,
2016/4/1,34,13,1,
2016/4/2,18,16,1,
2016/4/3,29,19,1,
2016/4/4,44,17,1,
2016/4/5,63,21,2,
2016/4/6,59,23,,
2016/4/7,27,21,,
2016/4/8,23,8,,
2016/4/9,10,9,,
2016/4/10,12,18,1,
2016/4/11,23,20,1,
2016/4/12,27,18,,
2016/4/13,27,16,,
2016/4/14,13,20,,
2016/4/15,19,12,,
2016/4/16,18,11,,
2016/4/17,18,18,1,
2016/4/18,15,18,,
2016/4/19,15,24,,
2016/4/20,24,23,,
2016/4/21,25,21,,
2016/4/22,30,13,,
2016/4/23,20,7,,
2016/4/24,12,18,,
2016/4/25,15,16,,
2016/4/26,17,19,,
2016/4/27,12,22,,
2016/4/28,19,21,,
2016/4/29,29,15,,
2016/4/30,20,15,,
2016/5/1,20,21,,
2016/5/2,13,18,,
2016/5/3,24,14,,
2016/5/4,15,9,,
2016/5/5,12,18,,
2016/5/6,20,16,,
2016/5/7,19,11,,
2016/5/8,16,20,,
2016/5/9,18,21,,
2016/5/10,25,20,,
2016/5/11,23,19,,
2016/5/12,17,14,,
2016/5/13,13,13,,
2016/5/14,11,8,,
2016/5/15,11,10,,
2016/5/16,11,19,,
2016/5/17,16,19,,
2016/5/18,19,20,,
2016/5/19,20,17,,
2016/5/20,17,13,,
2016/5/21,13,13,1,
2016/5/22,16,19,,
2016/5/23,25,10,,
2016/5/24,10,13,,
2016/5/25,14,11,,
2016/5/26,17,17,1,
2016/5/27,21,13,,
2016/5/28,19,7,,
2016/5/29,21,18,,
2016/5/30,16,17,,
2016/5/31,20,16,,
2016/6/1,15,20,,
2016/6/2,16,17,,
2016/6/3,17,14,,
2016/6/4,15,13,,
2016/6/5,15,19,,
2016/6/6,19,15,1,
2016/6/7,21,17,,
2016/6/8,22,16,,
2016/6/9,20,16,,
2016/6/10,13,13,,
2016/6/11,15,10,,
2016/6/12,11,15,,
2016/6/13,14,14,,
2016/6/14,11,11,,
2016/6/15,10,13,,
2016/6/16,19,10,,
2016/6/17,15,12,,
2016/6/18,12,8,,
2016/6/19,8,15,,
2016/6/20,11,14,,
2016/6/21,15,16,,
2016/6/22,20,16,,
2016/6/23,27,15,,
2016/6/24,36,11,,
2016/6/25,32,8,,
2016/6/26,11,13,,
2016/6/27,11,19,,
2016/6/28,14,17,1,
2016/6/29,18,18,,
2016/6/30,22,18,,
2016/1/4,44,19,,
2016/1/5,62,19,,
2016/1/6,71,34,2,
2016/1/7,59,30,1,
2016/1/8,53,24,1,
2016/1/9,56,16,,
2016/1/10,36,23,1,
2016/1/11,21,28,1,
2016/1/12,21,19,1,
2016/1/13,22,31,1,
2016/1/14,43,31,1,
2016/1/15,47,22,,
2016/1/16,26,17,,
2016/1/17,25,22,1,
2016/1/18,34,27,1,
2016/1/19,53,32,2,
2016/1/20,58,32,1,
2016/1/21,53,24,1,
2016/1/22,47,25,1,
2016/1/23,53,32,1,
2016/1/24,58,38,2,
2016/1/25,64,43,3,
2016/1/26,60,31,3,
2016/1/27,59,39,2,
2016/1/28,58,33,1,
2016/1/29,42,25,1,
2016/1/30,43,18,1,
2016/1/31,25,29,1,
2016/2/1,41,29,2,
2016/2/2,43,29,1,
2016/2/3,34,19,,
2016/2/4,22,28,1,
2016/2/5,28,26,1,
2016/2/6,31,27,1,
2016/2/7,31,32,1,
2016/2/8,28,22,1,
2016/2/9,24,22,,
2016/2/10,17,32,1,
2016/2/11,36,28,1,
2016/2/12,29,21,,
2016/2/13,21,21,,
2016/2/14,27,24,1,
2016/2/15,24,24,1,
2016/2/16,32,20,1,
2016/2/17,14,24,1,
2016/2/18,21,17,,
2016/2/19,15,17,1,
2016/2/20,21,23,1,
2016/2/21,29,27,1,
2016/2/22,41,30,1,
2016/2/23,43,20,1,
2016/2/24,17,23,1,
2016/2/25,27,18,,
2016/2/26,27,17,2,
2016/2/27,29,22,2,
2016/2/28,43,24,1,
2016/2/29,28,16,,
2016/3/1,16,28,1,
2016/3/2,29,21,,
2016/3/3,13,18,1,
2016/3/4,15,19,1,
2016/3/5,19,15,,
2016/3/6,12,18,,
2016/3/7,11,20,,
2016/3/8,18,20,1,
2016/3/9,24,21,1,
2016/3/10,27,16,,
2016/3/11,18,18,,
2016/3/12,23,13,,
2016/3/13,17,22,1,
2016/3/14,22,28,1,
2016/3/15,32,22,1,
2016/3/16,19,24,1,
2016/3/17,33,28,1,
2016/3/18,37,19,1,
2016/3/19,31,14,1,
2016/3/20,29,18,1,
2016/3/21,37,20,1,
2016/3/22,29,25,1,
2016/3/23,25,20,,
2016/3/24,18,24,1,
2016/3/25,27,16,1,
2016/3/26,24,15,1,
2016/3/27,36,16,1,
2016/3/28,22,25,1,
2016/3/29,28,17,1,
2016/3/30,27,15,1,
2016/3/31,20,22,1,
2015/10/1,18,22,1,
2015/10/2,24,17,1,
2015/10/3,26,14,1,
2015/10/4,18,21,,
2015/10/5,16,23,1,
2015/10/6,24,21,,
2015/10/7,15,19,,
2015/10/8,12,17,,
2015/10/9,21,17,,
2015/10/10,23,11,,
2015/10/11,7,15,,
2015/10/12,29,15,,
2015/10/13,36,13,,
2015/10/14,13,14,,
2015/10/15,10,16,,
2015/10/16,14,13,,
2015/10/17,17,11,,
2015/10/18,19,15,,
2015/10/19,14,19,1,
2015/10/20,18,22,1,
2015/10/21,28,23,,
2015/10/22,23,20,1,
2015/10/23,30,15,1,
2015/10/24,24,15,,
2015/10/25,25,13,,
2015/10/26,23,18,,
2015/10/27,37,16,,
2015/10/28,44,14,,
2015/10/29,45,17,,
2015/10/30,41,11,,
2015/10/31,41,,,
2015/11/2,37,24,1,
2015/11/3,42,28,1,
2015/11/4,49,27,1,
2015/11/5,48,27,1,
2015/11/6,42,24,1,
2015/11/7,37,19,,
2015/11/8,22,27,1,
2015/11/9,36,30,1,
2015/11/10,34,31,1,
2015/11/11,36,28,1,
2015/11/12,34,23,1,
2015/11/13,34,20,,
2015/11/14,38,18,,
2015/11/15,31,28,,
2015/11/16,41,30,,
2015/11/17,54,31,1,
2015/11/18,51,34,2,
2015/11/19,42,26,1,
2015/11/20,39,18,,
2015/11/21,15,17,,
2015/11/22,19,22,1,
2015/11/23,33,23,1,
2015/11/24,28,21,,
2015/11/25,38,21,,
2015/11/26,39,24,,
2015/11/27,44,19,1,
2015/11/28,37,22,,
2015/11/29,45,34,2,
2015/11/30,50,34,2,
2015/12/1,52,22,,
2015/12/2,40,22,1,
2015/12/3,49,20,,
2015/12/4,42,22,1,
2015/12/5,43,14,,
2015/12/6,28,23,1,
2015/12/7,40,13,,
2015/12/8,27,17,,
2015/12/9,30,22,1,
2015/12/10,34,26,1,
2015/12/11,46,31,1,
2015/12/12,64,28,1,
2015/12/13,60,30,1,
2015/12/14,44,22,,
2015/12/15,47,26,1,
2015/12/16,55,17,,
2015/12/17,43,18,1,
2015/12/18,34,23,1,
2015/12/19,45,14,,
2015/12/20,25,15,,
2015/12/21,23,25,1,
2015/12/22,42,28,1,
2015/12/23,49,23,1,
2015/12/24,41,21,1,
2015/12/25,44,21,1,
2015/12/26,48,23,1,
2015/12/27,43,28,1,
2015/12/28,52,19,,
2015/12/29,54,13,,
2015/12/30,29,,,
2015/7/1,25,20,1,
2015/7/2,29,18,5,
2015/7/3,31,14,1,
2015/7/4,27,12,1,
2015/7/5,23,24,1,
2015/7/6,28,22,1,
2015/7/7,35,20,,
2015/7/8,25,10,,
2015/7/9,13,16,,
2015/7/10,16,13,1,
2015/7/11,18,11,,
2015/7/12,17,17,,
2015/7/13,22,18,,
2015/7/14,17,17,1,
2015/7/15,24,19,,
2015/7/16,26,19,,
2015/7/17,30,12,,
2015/7/18,17,10,,
2015/7/19,23,18,,
2015/7/20,24,20,,
2015/7/21,32,18,,
2015/7/22,35,26,,
2015/7/23,29,19,,
2015/7/24,21,10,,
2015/7/25,15,7,,
2015/7/26,9,14,,
2015/7/27,17,16,,
2015/7/28,19,16,,
2015/7/29,12,12,,
2015/7/30,11,15,,
2015/7/31,15,14,1,
2015/8/1,17,12,,
2015/8/2,20,17,,
2015/8/3,25,17,,
2015/8/4,33,20,,
2015/8/5,28,22,,
2015/8/6,31,21,1,
2015/8/7,34,17,1,
2015/8/8,32,15,1,
2015/8/9,29,24,2,
2015/8/10,35,26,1,
2015/8/11,37,25,1,
2015/8/12,34,28,1,
2015/8/13,39,24,2,
2015/8/14,43,14,1,
2015/8/15,28,10,,
2015/8/16,16,13,,
2015/8/17,7,13,,
2015/8/18,11,12,,
2015/8/19,13,12,,
2015/8/20,14,13,,
2015/8/21,24,12,,
2015/8/22,19,7,,
2015/8/23,18,12,,
2015/8/24,21,11,,
2015/8/25,13,14,,
2015/8/26,12,17,1,
2015/8/27,18,13,,
2015/8/28,24,15,,
2015/8/29,24,17,1,
2015/8/30,29,22,1,
2015/8/31,34,24,1,
2015/9/1,30,20,,
2015/9/2,22,17,,
2015/9/3,17,13,,
2015/9/4,11,10,,
2015/9/5,7,9,,
2015/9/6,7,18,2,
2015/9/7,13,16,1,
2015/9/8,13,17,1,
2015/9/9,17,20,1,
2015/9/10,20,17,,
2015/9/11,22,14,,
2015/9/12,18,13,,
2015/9/13,20,25,,
2015/9/14,23,19,,
2015/9/15,22,19,,
2015/9/16,22,23,,
2015/9/17,32,20,,
2015/9/18,23,14,,
2015/9/19,15,10,,
2015/9/20,6,20,,
2015/9/21,13,20,1,
2015/9/22,17,18,1,
2015/9/23,21,9,,
2015/9/24,7,11,,
2015/9/25,9,15,,
2015/9/26,11,12,1,
2015/9/27,12,25,,
2015/9/28,16,23,1,
2015/9/29,19,19,1,
2015/9/30,17,22,1,
2015/4/1,9,13,,
2015/4/2,11,13,,
2015/4/3,11,14,,
2015/4/4,19,8,,
2015/4/5,18,10,,
2015/4/6,11,12,1,
2015/4/7,14,19,,
2015/4/8,19,23,1,
2015/4/9,38,25,1,
2015/4/10,38,22,,
2015/4/11,33,15,,
2015/4/12,17,20,1,
2015/4/13,23,17,,
2015/4/14,20,23,,
2015/4/15,24,27,1,
2015/4/16,27,23,1,
2015/4/17,28,10,,
2015/4/18,14,14,,
2015/4/19,14,21,1,
2015/4/20,22,22,1,
2015/4/21,25,24,1,
2015/4/22,29,23,,
2015/4/23,27,20,1,
2015/4/24,19,17,1,
2015/4/25,21,12,,
2015/4/26,18,15,,
2015/4/27,23,21,,
2015/4/28,22,13,,
2015/4/29,19,19,1,
2015/4/30,22,12,,
2015/5/1,13,11,,
2015/5/2,12,10,,
2015/5/3,13,15,1,
2015/5/4,24,18,1,
2015/5/5,29,14,,
2015/5/6,32,18,1,
2015/5/7,16,17,,
2015/5/8,22,15,,
2015/5/9,17,12,,
2015/5/10,20,20,,
2015/5/11,24,22,1,
2015/5/12,24,23,1,
2015/5/13,33,11,,
2015/5/14,20,17,,
2015/5/15,26,11,,
2015/5/16,26,14,,
2015/5/17,21,20,,
2015/5/18,25,19,1,
2015/5/19,30,17,,
2015/5/20,24,12,,
2015/5/21,13,17,,
2015/5/22,14,8,,
2015/5/23,7,7,,
2015/5/24,9,7,,
2015/5/25,14,22,1,
2015/5/26,23,14,1,
2015/5/27,15,15,1,
2015/5/28,21,18,1,
2015/5/29,25,17,,
2015/5/30,21,9,,
2015/5/31,15,15,,
2015/6/1,22,16,,
2015/6/2,20,21,,
2015/6/3,25,12,,
2015/6/4,22,16,,
2015/6/5,27,12,,
2015/6/6,28,10,,
2015/6/7,27,19,1,
2015/6/8,31,17,,
2015/6/9,35,12,,
2015/6/10,24,18,,
2015/6/11,35,18,,
2015/6/12,34,10,,
2015/6/13,36,9,,
2015/6/14,27,18,,
2015/6/15,27,16,,
2015/6/16,16,17,,
2015/6/17,24,19,2,
2015/6/18,24,17,,
2015/6/19,19,11,,
2015/6/20,14,11,1,
2015/6/21,10,15,1,
2015/6/22,18,18,,
2015/6/23,15,14,,
2015/6/24,14,17,1,
2015/6/25,21,19,1,
2015/6/26,21,16,,
2015/6/27,21,11,1,
2015/6/28,16,17,1,
2015/6/29,24,16,,
2015/6/30,28,18,1,
2015/1/1,80,36,4,
2015/1/2,68,29,2,
2015/1/3,50,10,1,
2015/1/4,18,19,2,
2015/1/5,14,23,1,
2015/1/6,24,26,1,
2015/1/7,45,27,1,
2015/1/8,62,33,4,
2015/1/9,66,18,2,
2015/1/10,21,17,1,
2015/1/11,18,27,2,
2015/1/12,29,34,3,
2015/1/13,51,34,3,
2015/1/14,45,30,3,
2015/1/15,35,26,3,
2015/1/16,53,24,1,
2015/1/17,37,12,1,
2015/1/18,22,22,2,
2015/1/19,39,21,1,
2015/1/20,44,20,2,
2015/1/21,46,20,1,
2015/1/22,40,15,1,
2015/1/23,25,14,1,
2015/1/24,12,9,1,
2015/1/25,10,32,2,
2015/1/26,34,31,2,
2015/1/27,51,33,3,
2015/1/28,44,32,2,
2015/1/29,41,24,1,
2015/1/30,23,28,2,
2015/1/31,25,25,1,
2015/2/1,29,33,2,
2015/2/2,38,30,2,
2015/2/3,50,31,2,
2015/2/4,51,26,1,
2015/2/5,37,25,2,
2015/2/6,40,24,2,
2015/2/7,47,18,1,
2015/2/8,39,20,1,
2015/2/9,25,24,2,
2015/2/10,31,23,2,
2015/2/11,47,20,1,
2015/2/12,44,25,1,
2015/2/13,51,24,1,
2015/2/14,53,24,2,
2015/2/15,50,32,3,
2015/2/16,58,24,1,
2015/2/17,55,19,,
2015/2/18,40,28,,
2015/2/19,50,31,1,
2015/2/20,54,21,1,
2015/2/21,39,23,1,
2015/2/22,28,22,,
2015/2/23,33,20,,
2015/2/24,24,12,,
2015/2/25,17,14,,
2015/2/26,19,21,,
2015/2/27,33,17,,
2015/2/28,34,19,,
2015/3/1,33,24,,
2015/3/2,41,18,1,
2015/3/3,19,27,1,
2015/3/4,29,20,,
2015/3/5,19,18,,
2015/3/6,17,24,,
2015/3/7,27,21,,
2015/3/8,28,30,1,
2015/3/9,38,30,1,
2015/3/10,42,26,1,
2015/3/11,39,10,,
2015/3/12,17,19,,
2015/3/13,24,17,,
2015/3/14,33,15,2,
2015/3/15,39,26,2,
2015/3/16,51,26,1,
2015/3/17,51,27,,
2015/3/18,46,28,1,
2015/3/19,44,28,1,
2015/3/20,49,24,,
2015/3/21,42,20,,
2015/3/22,46,31,,
2015/3/23,52,27,1,
2015/3/24,54,27,1,
2015/3/25,42,20,,
2015/3/26,34,10,,
2015/3/27,16,13,,
2015/3/28,16,16,,
2015/3/29,20,18,1,
2015/3/30,24,14,,
2015/3/31,15,12,,
2014/10/1,26,19,,
2014/10/2,19,21,2,
2014/10/3,30,13,,
2014/10/4,32,13,1,
2014/10/5,34,18,2,
2014/10/6,43,20,1,
2014/10/7,48,21,1,
2014/10/8,38,19,1,
2014/10/9,22,25,1,
2014/10/10,28,18,1,
2014/10/11,28,15,,
2014/10/12,25,24,1,
2014/10/13,34,21,1,
2014/10/14,25,23,2,
2014/10/15,27,23,1,
2014/10/16,25,22,1,
2014/10/17,22,21,1,
2014/10/18,17,17,1,
2014/10/19,21,26,2,
2014/10/20,33,23,1,
2014/10/21,25,16,2,
2014/10/22,14,17,1,
2014/10/23,11,14,1,
2014/10/24,11,,,
2014/10/25,33,11,,
2014/10/26,21,19,1,
2014/10/27,37,20,1,
2014/10/28,44,25,1,
2014/10/29,42,26,1,
2014/10/30,53,23,2,
2014/10/31,50,17,1,
2014/11/1,41,15,1,
2014/11/2,37,21,1,
2014/11/3,44,20,1,
2014/11/4,26,29,1,
2014/11/5,27,27,1,
2014/11/6,23,22,1,
2014/11/7,32,19,,
2014/11/8,15,14,,
2014/11/9,21,18,1,
2014/11/10,27,22,1,
2014/11/11,32,21,1,
2014/11/12,44,17,1,
2014/11/13,46,17,1,
2014/11/14,51,17,1,
2014/11/15,34,14,1,
2014/11/16,30,18,1,
2014/11/17,30,21,1,
2014/11/18,24,19,2,
2014/11/19,33,21,2,
2014/11/20,38,18,1,
2014/11/21,30,18,1,
2014/11/22,36,13,1,
2014/11/23,46,14,1,
2014/11/24,36,16,3,
2014/11/25,43,15,3,
2014/11/26,39,15,3,
2014/11/27,54,16,2,
2014/11/28,47,12,1,
2014/11/29,22,10,1,
2014/11/30,17,15,1,
2014/12/1,15,14,1,
2014/12/2,15,19,2,
2014/12/3,19,21,2,
2014/12/4,20,18,1,
2014/12/5,26,14,1,
2014/12/6,21,10,1,
2014/12/7,9,12,1,
2014/12/8,19,19,1,
2014/12/9,24,25,2,
2014/12/10,36,32,3,
2014/12/11,61,35,3,
2014/12/12,57,31,3,
2014/12/13,48,26,3,
2014/12/14,45,40,5,
2014/12/15,61,33,4,
2014/12/16,62,24,3,
2014/12/17,50,27,3,
2014/12/18,47,,4,
2014/12/19,59,15,2,
2014/12/20,42,22,1,
2014/12/21,23,36,4,
2014/12/22,51,35,5,
2014/12/23,45,32,3,
2014/12/24,49,24,2,
2014/12/25,45,19,1,
2014/12/26,20,20,1,
2014/12/27,26,12,2,
2014/12/28,19,,,
2014/7/1,16,21,1,
2014/7/2,22,16,,
2014/7/3,14,21,1,
2014/7/4,24,16,1,
2014/7/5,24,12,,
2014/7/6,18,19,1,
2014/7/7,23,16,1,
2014/7/8,23,14,,
2014/7/9,11,14,,
2014/7/10,13,14,,
2014/7/11,11,13,,
2014/7/12,13,11,1,
2014/7/13,17,18,1,
2014/7/14,21,18,1,
2014/7/15,16,20,1,
2014/7/16,20,21,1,
2014/7/17,22,22,1,
2014/7/18,25,16,1,
2014/7/19,26,14,1,
2014/7/20,27,20,1,
2014/7/21,27,20,,
2014/7/22,20,15,,
2014/7/23,19,18,1,
2014/7/24,21,17,,
2014/7/25,18,12,1,
2014/7/26,22,13,,
2014/7/27,20,19,,
2014/7/28,26,15,,
2014/7/29,28,18,,
2014/7/30,25,15,,
2014/7/31,24,16,1,
2014/8/1,19,13,,
2014/8/2,20,10,1,
2014/8/3,24,18,1,
2014/8/4,21,18,1,
2014/8/5,21,17,,
2014/8/6,15,17,1,
2014/8/7,22,17,1,
2014/8/8,40,15,1,
2014/8/9,24,11,,
2014/8/10,24,14,1,
2014/8/11,20,17,,
2014/8/12,12,18,,
2014/8/13,15,15,,
2014/8/14,13,8,,
2014/8/15,10,12,1,
2014/8/16,10,15,1,
2014/8/17,19,17,1,
2014/8/18,19,20,1,
2014/8/19,25,17,1,
2014/8/20,21,15,,
2014/8/21,13,16,,
2014/8/22,17,14,,
2014/8/23,17,11,1,
2014/8/24,12,18,1,
2014/8/25,14,22,1,
2014/8/26,22,15,1,
2014/8/27,18,18,1,
2014/8/28,17,17,1,
2014/8/29,20,16,1,
2014/8/30,27,10,1,
2014/8/31,15,,,
2014/9/1,5,,,
2014/9/2,9,15,,
2014/9/3,18,23,1,
2014/9/4,40,21,1,
2014/9/5,39,19,,
2014/9/6,25,12,,
2014/9/7,22,17,1,
2014/9/8,31,19,1,
2014/9/9,28,21,1,
2014/9/10,23,19,1,
2014/9/11,18,18,,
2014/9/12,10,12,,
2014/9/13,9,14,,
2014/9/14,10,19,1,
2014/9/15,22,17,1,
2014/9/16,22,19,1,
2014/9/17,24,19,2,
2014/9/18,32,19,1,
2014/9/19,37,13,1,
2014/9/20,27,10,,
2014/9/21,12,16,21,
2014/9/22,24,18,1,
2014/9/23,15,17,2,
2014/9/24,23,24,1,
2014/9/25,22,19,1,
2014/9/26,20,16,1,
2014/9/27,15,12,1,
2014/9/28,16,18,1,
2014/9/29,24,20,1,
2014/9/30,28,19,1,
2014/4/1,41,30,2,
2014/4/2,49,32,1,
2014/4/3,49,29,1,
2014/4/4,47,20,2,
2014/4/5,38,15,1,
2014/4/6,29,22,2,
2014/4/7,35,22,1,
2014/4/8,36,14,1,
2014/4/9,12,24,1,
2014/4/10,23,17,,
2014/4/11,18,18,1,
2014/4/12,19,17,1,
2014/4/13,19,24,1,
2014/4/14,26,14,,
2014/4/15,9,15,,
2014/4/16,14,13,,
2014/4/17,14,20,1,
2014/4/18,19,16,1,
2014/4/19,22,10,,
2014/4/20,13,10,,
2014/4/21,16,20,,
2014/4/22,19,22,1,
2014/4/23,23,24,1,
2014/4/24,25,24,1,
2014/4/25,27,16,1,
2014/4/26,26,11,,
2014/4/27,28,20,1,
2014/4/28,26,21,1,
2014/4/29,23,20,1,
2014/4/30,24,16,,
2014/5/1,20,17,1,
2014/5/2,24,15,,
2014/5/3,13,6,,
2014/5/4,10,19,1,
2014/5/5,22,21,1,
2014/5/6,25,22,1,
2014/5/7,35,20,,
2014/5/8,14,23,1,
2014/5/9,20,9,,
2014/5/10,6,,,
2014/5/12,15,16,,
2014/5/13,8,14,1,
2014/5/14,13,4,,
2014/5/15,10,9,,
2014/5/16,7,12,,
2014/5/17,8,12,,
2014/5/18,11,20,,
2014/5/19,20,20,1,
2014/5/20,21,22,2,
2014/5/21,25,25,1,
2014/5/22,32,18,1,
2014/5/23,44,11,,
2014/5/24,29,9,,
2014/5/25,16,21,1,
2014/5/26,22,15,1,
2014/5/27,19,16,1,
2014/5/28,9,14,,
2014/5/29,10,10,,
2014/5/30,10,12,1,
2014/5/31,11,6,,
2014/6/1,10,21,1,
2014/6/2,20,20,1,
2014/6/3,21,20,1,
2014/6/4,18,23,,
2014/6/5,20,18,1,
2014/6/6,17,17,1,
2014/6/7,21,13,1,
2014/6/8,21,13,1,
2014/6/9,22,26,1,
2014/6/10,28,26,1,
2014/6/11,30,27,1,
2014/6/12,32,18,,
2014/6/13,26,13,,
2014/6/14,20,10,,
2014/6/15,13,17,1,
2014/6/16,23,20,1,
2014/6/17,21,26,1,
2014/6/18,24,16,1,
2014/6/19,21,18,1,
2014/6/20,18,12,1,
2014/6/21,15,11,1,
2014/6/22,18,8,1,
2014/6/23,18,18,1,
2014/6/24,19,17,1,
2014/6/25,17,16,1,
2014/6/26,14,17,1,
2014/6/27,18,16,1,
2014/6/28,20,9,1,
2014/6/29,17,14,,
2014/6/30,9,18,1,
2014/1/1,37,22,1,
2014/1/2,33,30,2,
2014/1/3,41,26,2,
2014/1/4,41,16,1,
2014/1/5,24,16,,
2014/1/6,14,36,3,
2014/1/7,40,26,2,
2014/1/8,36,26,2,
2014/1/9,36,25,2,
2014/1/10,33,22,2,
2014/1/11,36,20,1,
2014/1/12,33,33,3,
2014/1/13,45,28,3,
2014/1/14,45,21,1,
2014/1/15,39,17,1,
2014/1/16,33,30,2,
2014/1/17,33,27,2,
2014/1/18,28,24,1,
2014/1/19,28,26,2,
2014/1/20,29,20,1,
2014/1/21,22,17,1,
2014/1/22,22,15,,
2014/1/23,22,21,1,
2014/1/24,26,18,,
2014/1/25,27,13,,
2014/1/26,46,23,,
2014/1/27,63,25,1,
2014/1/28,69,23,6,
2014/1/29,53,30,4,
2014/1/30,67,25,3,
2014/1/31,47,14,2,
2014/2/1,41,16,3,
2014/2/2,23,23,3,
2014/2/3,24,23,2,
2014/2/4,43,25,1,
2014/2/5,60,36,2,
2014/2/6,56,34,2,
2014/2/7,24,24,1,
2014/2/8,20,21,1,
2014/2/9,17,33,2,
2014/2/10,31,27,1,
2014/2/11,27,30,1,
2014/2/12,26,31,2,
2014/2/13,41,32,1,
2014/2/14,33,28,3,
2014/2/15,34,22,2,
2014/2/16,18,28,1,
2014/2/17,17,23,,
2014/2/18,22,28,2,
2014/2/19,34,27,1,
2014/2/20,29,22,1,
2014/2/21,40,21,,
2014/2/22,21,23,1,
2014/2/23,25,34,2,
2014/2/24,47,28,2,
2014/2/25,47,26,1,
2014/2/26,42,31,2,
2014/2/27,42,29,1,
2014/2/28,36,24,1,
2014/3/1,26,19,2,
2014/3/2,32,25,2,
2014/3/3,38,23,2,
2014/3/4,22,21,1,
2014/3/5,32,13,1,
2014/3/6,25,20,1,
2014/3/7,41,20,1,
2014/3/8,45,25,1,
2014/3/9,42,29,2,
2014/3/10,43,29,2,
2014/3/11,38,36,2,
2014/3/12,58,31,1,
2014/3/13,49,33,2,
2014/3/14,51,24,1,
2014/3/15,41,11,,
2014/3/16,10,23,1,
2014/3/17,19,27,1,
2014/3/18,33,20,1,
2014/3/19,23,30,2,
2014/3/20,29,27,2,
2014/3/21,30,11,3,
2014/3/22,23,13,,
2014/3/23,17,20,,
2014/3/24,15,23,1,
2014/3/25,21,22,,
2014/3/26,23,27,1,
2014/3/27,28,26,1,
2014/3/28,25,23,1,
2014/3/29,30,22,1,
2014/3/30,33,31,2,
2014/3/31,43,25,1,
2023/4/6,,11,1,
2023/1/15,,17,,
2020/10/17,,13,,
2020/3/31,,14,,
2019/12/31,,17,,
2018/12/31,,22,2,
2019/3/24,,16,,
2018/9/16,,18,1,
2017/12/31,,23,,
2017/12/26,,34,1,
2017/9/10,,17,,
2016/1/3,,15,,
2015/11/1,,24,1,
2014/12/31,,25,2,
2014/5/11,,20,,
2013/12/31,,13,,
2017/11/22,,,2,