date,pm10,no2
2023/5/1,13,
2023/5/2,10,6
2023/5/3,17,7
2023/5/4,16,7
2023/5/5,18,4
2023/5/6,16,3
2023/5/7,12,4
2023/5/8,20,5
2023/5/9,18,6
2023/5/10,20,5
2023/5/11,14,4
2023/5/12,8,3
2023/5/13,9,3
2023/5/14,8,5
2023/5/15,10,7
2023/5/16,8,3
2023/5/17,7,2
2023/5/18,8,4
2023/5/19,17,3
2023/5/20,15,3
2023/5/21,17,5
2023/5/22,21,8
2023/5/23,22,7
2023/5/24,13,4
2023/5/25,12,
2023/4/1,9,3
2023/4/2,7,3
2023/4/3,7,
2023/4/7,26,6
2023/4/8,17,5
2023/4/9,11,5
2023/4/10,15,11
2023/4/11,20,9
2023/4/12,17,9
2023/4/13,8,6
2023/4/14,4,6
2023/4/15,7,5
2023/4/16,10,4
2023/4/17,9,10
2023/4/18,18,6
2023/4/19,14,6
2023/4/20,12,7
2023/4/21,21,6
2023/4/22,17,4
2023/4/23,19,7
2023/4/24,12,6
2023/4/25,12,6
2023/4/26,12,5
2023/4/27,17,8
2023/4/28,21,4
2023/4/29,12,3
2023/4/30,11,2
2023/1/2,19,11
2023/1/3,28,12
2023/1/4,28,13
2023/1/5,33,11
2023/1/6,22,11
2023/1/7,23,11
2023/1/8,23,15
2023/1/9,13,4
2023/1/10,17,21
2023/1/11,40,19
2023/1/12,44,18
2023/1/13,44,15
2023/1/14,30,
2023/1/16,12,11
2023/1/17,13,14
2023/1/18,21,9
2023/1/19,18,11
2023/1/20,25,6
2023/1/21,15,9
2023/1/22,15,15
2023/1/23,15,15
2023/1/24,12,13
2023/1/25,22,9
2023/1/26,31,9
2023/1/27,16,9
2023/1/28,22,7
2023/1/29,24,12
2023/1/30,32,13
2023/1/31,26,13
2023/2/1,27,10
2023/2/2,9,12
2023/2/3,21,3
2023/2/4,8,6
2023/2/5,15,13
2023/2/6,32,15
2023/2/7,43,11
2023/2/8,39,16
2023/2/9,41,19
2023/2/10,45,19
2023/2/11,42,13
2023/2/12,30,14
2023/2/13,32,14
2023/2/14,40,13
2023/2/15,44,18
2023/2/16,56,22
2023/2/17,60,15
2023/2/18,39,7
2023/2/19,22,12
2023/2/20,29,14
2023/2/21,34,12
2023/2/22,34,15
2023/2/23,45,13
2023/2/24,44,4
2023/2/25,16,4
2023/2/26,12,7
2023/2/27,26,8
2023/2/28,25,11
2023/3/1,30,11
2023/3/2,33,13
2023/3/3,40,9
2023/3/4,34,5
2023/3/5,27,7
2023/3/6,28,9
2023/3/7,31,6
2023/3/8,37,3
2023/3/9,27,
2023/3/10,23,
2023/3/11,12,
2023/3/12,15,
2023/3/13,29,4
2023/3/14,22,4
2023/3/15,11,8
2023/3/16,16,10
2023/3/17,25,8
2023/3/18,25,9
2023/3/19,28,15
2023/3/20,33,10
2023/3/21,21,12
2023/3/22,25,15
2023/3/23,32,12
2023/3/24,32,5
2023/3/25,7,5
2023/3/26,11,5
2023/3/27,10,4
2023/3/28,8,12
2023/3/29,21,14
2023/3/30,29,8
2023/3/31,17,5
2022/10/1,16,4
2022/10/2,13,7
2022/10/3,19,10
2022/10/4,25,9
2022/10/5,30,9
2022/10/6,32,9
2022/10/7,32,6
2022/10/8,27,4
2022/10/9,19,8
2022/10/10,27,8
2022/10/11,33,7
2022/10/12,34,8
2022/10/13,40,8
2022/10/14,45,7
2022/10/15,44,5
2022/10/16,36,10
2022/10/17,40,11
2022/10/18,43,9
2022/10/19,31,7
2022/10/20,22,9
2022/10/21,35,9
2022/10/22,26,6
2022/10/23,17,9
2022/10/24,32,11
2022/10/25,23,7
2022/10/26,22,9
2022/10/27,32,10
2022/10/28,34,8
2022/10/29,26,7
2022/10/30,28,7
2022/10/31,27,7
2022/11/1,17,10
2022/11/2,29,7
2022/11/3,24,6
2022/11/4,16,4
2022/11/5,11,8
2022/11/6,17,12
2022/11/7,26,10
2022/11/8,31,8
2022/11/9,26,9
2022/11/10,26,10
2022/11/11,43,10
2022/11/12,34,8
2022/11/13,26,12
2022/11/14,39,9
2022/11/15,40,10
2022/11/16,26,10
2022/11/17,29,8
2022/11/18,26,8
2022/11/19,17,7
2022/11/20,17,10
2022/11/21,25,9
2022/11/22,20,10
2022/11/23,25,12
2022/11/24,33,13
2022/11/25,35,12
2022/11/26,29,11
2022/11/27,24,12
2022/11/28,32,8
2022/11/29,42,9
2022/11/30,19,13
2022/12/1,12,12
2022/12/2,26,7
2022/12/3,26,7
2022/12/4,17,8
2022/12/5,21,12
2022/12/6,18,13
2022/12/7,30,7
2022/12/8,25,11
2022/12/9,22,9
2022/12/10,17,4
2022/12/11,8,12
2022/12/12,23,15
2022/12/13,32,14
2022/12/14,36,17
2022/12/15,51,14
2022/12/16,46,12
2022/12/17,25,10
2022/12/18,22,10
2022/12/19,31,11
2022/12/20,31,12
2022/12/21,35,12
2022/12/22,38,14
2022/12/23,27,12
2022/12/24,22,11
2022/12/25,24,10
2022/12/26,21,13
2022/12/27,28,13
2022/12/28,29,15
2022/12/29,28,17
2022/12/30,41,15
2022/12/31,31,12
2023/1/1,46,12
2022/7/1,27,3
2022/7/2,10,3
2022/7/3,13,5
2022/7/4,17,4
2022/7/5,12,5
2022/7/6,18,7
2022/7/7,18,3
2022/7/8,12,3
2022/7/9,10,2
2022/7/10,9,3
2022/7/11,9,4
2022/7/12,8,6
2022/7/13,11,7
2022/7/14,15,7
2022/7/15,17,3
2022/7/16,12,3
2022/7/17,11,5
2022/7/18,12,5
2022/7/19,17,6
2022/7/20,20,6
2022/7/21,22,5
2022/7/22,25,4
2022/7/23,22,3
2022/7/24,15,5
2022/7/25,21,4
2022/7/26,15,5
2022/7/27,15,5
2022/7/28,19,5
2022/7/29,19,4
2022/7/30,11,4
2022/7/31,14,6
2022/8/1,18,4
2022/8/2,15,5
2022/8/3,16,5
2022/8/4,17,7
2022/8/5,22,3
2022/8/6,15,2
2022/8/7,11,5
2022/8/8,17,3
2022/8/9,14,5
2022/8/10,18,4
2022/8/11,17,5
2022/8/12,15,4
2022/8/13,13,4
2022/8/14,14,3
2022/8/15,14,5
2022/8/16,15,7
2022/8/17,18,6
2022/8/18,23,7
2022/8/19,21,4
2022/8/20,14,3
2022/8/21,8,4
2022/8/22,10,5
2022/8/23,12,5
2022/8/24,14,6
2022/8/25,22,6
2022/8/26,30,4
2022/8/27,26,3
2022/8/28,14,5
2022/8/29,16,5
2022/8/30,18,7
2022/8/31,19,5
2022/9/1,16,5
2022/9/2,17,3
2022/9/3,17,2
2022/9/4,13,5
2022/9/5,20,5
2022/9/6,21,5
2022/9/7,15,6
2022/9/8,17,6
2022/9/9,14,4
2022/9/10,11,3
2022/9/11,9,6
2022/9/12,15,5
2022/9/13,20,8
2022/9/14,25,9
2022/9/15,18,7
2022/9/16,9,4
2022/9/17,10,4
2022/9/18,9,5
2022/9/19,11,5
2022/9/20,12,6
2022/9/21,13,8
2022/9/22,17,8
2022/9/23,19,7
2022/9/24,19,5
2022/9/25,13,7
2022/9/26,15,8
2022/9/27,15,6
2022/9/28,21,8
2022/9/29,11,7
2022/9/30,15,4
2022/4/1,13,5
2022/4/2,10,5
2022/4/3,15,8
2022/4/4,23,16
2022/4/5,32,11
2022/4/6,25,10
2022/4/7,24,8
2022/4/8,25,4
2022/4/9,7,4
2022/4/10,8,8
2022/4/11,16,9
2022/4/12,21,8
2022/4/13,27,10
2022/4/14,28,12
2022/4/15,29,3
2022/4/16,10,3
2022/4/17,10,4
2022/4/18,11,8
2022/4/19,9,8
2022/4/20,18,8
2022/4/21,24,8
2022/4/22,12,6
2022/4/23,25,4
2022/4/24,13,8
2022/4/25,15,7
2022/4/26,20,9
2022/4/27,14,6
2022/4/28,19,8
2022/4/29,19,7
2022/4/30,20,5
2022/5/1,14,9
2022/5/2,15,7
2022/5/3,18,9
2022/5/4,21,7
2022/5/5,21,9
2022/5/6,20,7
2022/5/7,11,4
2022/5/8,15,7
2022/5/9,19,6
2022/5/10,22,8
2022/5/11,22,9
2022/5/12,26,7
2022/5/13,22,4
2022/5/14,17,3
2022/5/15,16,5
2022/5/16,19,5
2022/5/17,16,6
2022/5/18,19,6
2022/5/19,19,10
2022/5/20,26,4
2022/5/21,16,3
2022/5/22,11,6
2022/5/23,19,6
2022/5/24,20,6
2022/5/25,14,4
2022/5/26,12,4
2022/5/27,15,
2022/5/29,9,6
2022/5/30,13,5
2022/5/31,13,5
2022/6/1,15,5
2022/6/2,14,5
2022/6/3,18,2
2022/6/4,16,3
2022/6/5,15,2
2022/6/6,8,4
2022/6/7,12,7
2022/6/8,15,3
2022/6/9,10,4
2022/6/10,11,3
2022/6/11,12,4
2022/6/12,14,6
2022/6/13,15,5
2022/6/14,16,5
2022/6/15,19,4
2022/6/16,16,5
2022/6/17,19,4
2022/6/18,15,3
2022/6/19,17,7
2022/6/20,26,5
2022/6/21,26,6
2022/6/22,25,6
2022/6/23,21,5
2022/6/24,21,3
2022/6/25,8,2
2022/6/26,11,5
2022/6/27,23,6
2022/6/28,26,6
2022/6/29,29,5
2022/6/30,26,6
2022/1/3,34,17
2022/1/4,36,14
2022/1/5,9,8
2022/1/6,17,14
2022/1/7,28,16
2022/1/8,34,16
2022/1/9,33,19
2022/1/10,49,17
2022/1/11,28,18
2022/1/12,40,24
2022/1/13,54,28
2022/1/14,55,16
2022/1/15,27,14
2022/1/16,32,14
2022/1/17,35,15
2022/1/18,22,18
2022/1/19,29,17
2022/1/20,42,6
2022/1/21,17,9
2022/1/22,15,13
2022/1/23,28,12
2022/1/24,21,14
2022/1/25,29,16
2022/1/26,40,18
2022/1/27,50,11
2022/1/28,23,15
2022/1/29,31,11
2022/1/30,19,22
2022/1/31,40,16
2022/2/1,29,12
2022/2/2,13,16
2022/2/3,32,19
2022/2/4,38,13
2022/2/5,24,17
2022/2/6,33,9
2022/2/7,16,18
2022/2/8,31,21
2022/2/9,50,17
2022/2/10,36,12
2022/2/11,27,12
2022/2/12,24,14
2022/2/13,33,19
2022/2/14,49,16
2022/2/15,31,15
2022/2/16,25,10
2022/2/17,24,15
2022/2/18,39,9
2022/2/19,26,9
2022/2/20,23,13
2022/2/21,29,14
2022/2/22,25,13
2022/2/23,24,14
2022/2/24,32,11
2022/2/25,19,10
2022/2/26,16,6
2022/2/27,16,10
2022/2/28,21,13
2022/3/1,24,17
2022/3/2,32,17
2022/3/3,35,14
2022/3/4,33,8
2022/3/5,18,6
2022/3/6,19,10
2022/3/7,27,12
2022/3/8,20,17
2022/3/9,26,13
2022/3/10,26,9
2022/3/11,25,11
2022/3/12,25,10
2022/3/13,29,17
2022/3/14,36,24
2022/3/15,44,13
2022/3/16,35,12
2022/3/17,34,14
2022/3/18,41,11
2022/3/19,33,7
2022/3/20,28,13
2022/3/21,28,16
2022/3/22,33,18
2022/3/23,36,16
2022/3/24,34,12
2022/3/25,36,14
2022/3/26,39,10
2022/3/27,28,13
2022/3/28,34,16
2022/3/29,42,13
2022/3/30,37,14
2022/3/31,19,8
2021/10/1,20,6
2021/10/2,22,3
2021/10/3,21,11
2021/10/4,25,8
2021/10/5,23,7
2021/10/6,12,11
2021/10/7,7,9
2021/10/8,26,7
2021/10/9,26,8
2021/10/10,20,12
2021/10/11,29,14
2021/10/12,33,7
2021/10/13,13,14
2021/10/14,26,12
2021/10/15,24,9
2021/10/16,19,8
2021/10/17,17,12
2021/10/18,29,12
2021/10/19,31,12
2021/10/20,32,10
2021/10/21,20,10
2021/10/22,18,8
2021/10/23,15,8
2021/10/24,16,11
2021/10/25,23,11
2021/10/26,26,16
2021/10/27,32,14
2021/10/28,34,14
2021/10/29,46,11
2021/10/30,40,11
2021/10/31,46,8
2021/11/1,28,13
2021/11/2,18,11
2021/11/3,19,12
2021/11/4,21,11
2021/11/5,25,11
2021/11/6,22,12
2021/11/7,24,12
2021/11/8,25,13
2021/11/9,25,12
2021/11/10,32,11
2021/11/11,29,11
2021/11/12,19,12
2021/11/13,8,10
2021/11/14,15,11
2021/11/15,37,10
2021/11/16,39,13
2021/11/17,38,12
2021/11/18,43,15
2021/11/19,37,11
2021/11/20,30,9
2021/11/21,24,9
2021/11/22,25,11
2021/11/23,33,13
2021/11/24,32,15
2021/11/25,39,15
2021/11/26,24,10
2021/11/27,13,12
2021/11/28,16,17
2021/11/29,19,18
2021/11/30,30,19
2021/12/1,26,19
2021/12/2,16,17
2021/12/3,27,15
2021/12/4,26,15
2021/12/5,19,17
2021/12/6,23,20
2021/12/7,33,17
2021/12/8,28,19
2021/12/9,22,14
2021/12/10,22,11
2021/12/11,21,11
2021/12/12,16,24
2021/12/13,27,24
2021/12/14,36,18
2021/12/15,33,17
2021/12/16,30,15
2021/12/17,26,16
2021/12/18,33,18
2021/12/19,32,17
2021/12/20,36,15
2021/12/21,41,15
2021/12/22,41,18
2021/12/23,46,23
2021/12/24,60,18
2021/12/25,36,6
2021/12/26,11,9
2021/12/27,17,10
2021/12/28,28,14
2021/12/29,17,14
2021/12/30,23,13
2021/12/31,26,13
2022/1/1,29,11
2022/1/2,21,15
2021/7/1,10,9
2021/7/2,13,6
2021/7/3,13,5
2021/7/4,14,6
2021/7/5,16,6
2021/7/6,18,6
2021/7/7,20,7
2021/7/8,26,5
2021/7/9,21,4
2021/7/10,10,4
2021/7/11,12,6
2021/7/12,16,9
2021/7/13,29,7
2021/7/14,20,7
2021/7/15,16,6
2021/7/16,15,4
2021/7/17,12,4
2021/7/18,14,4
2021/7/19,19,6
2021/7/20,17,7
2021/7/21,21,6
2021/7/22,21,6
2021/7/23,21,5
2021/7/24,18,3
2021/7/25,17,6
2021/7/26,27,8
2021/7/27,25,6
2021/7/28,24,6
2021/7/29,15,6
2021/7/30,17,6
2021/7/31,13,3
2021/8/1,9,6
2021/8/2,13,6
2021/8/3,12,7
2021/8/4,15,6
2021/8/5,10,7
2021/8/6,13,5
2021/8/7,14,5
2021/8/8,13,5
2021/8/9,12,6
2021/8/10,15,5
2021/8/11,15,7
2021/8/12,19,7
2021/8/13,22,6
2021/8/14,22,5
2021/8/15,21,7
2021/8/16,18,5
2021/8/17,9,6
2021/8/18,14,8
2021/8/19,15,6
2021/8/20,15,4
2021/8/21,14,5
2021/8/22,15,7
2021/8/23,11,6
2021/8/24,13,6
2021/8/25,15,8
2021/8/26,17,6
2021/8/27,12,5
2021/8/28,9,4
2021/8/29,8,10
2021/8/30,14,8
2021/8/31,13,6
2021/9/1,13,10
2021/9/2,19,7
2021/9/3,19,6
2021/9/4,15,6
2021/9/5,16,7
2021/9/6,21,10
2021/9/7,24,9
2021/9/8,24,10
2021/9/9,24,10
2021/9/10,26,8
2021/9/11,23,5
2021/9/12,16,9
2021/9/13,22,12
2021/9/14,25,11
2021/9/15,30,12
2021/9/16,25,7
2021/9/17,11,7
2021/9/18,12,4
2021/9/19,11,8
2021/9/20,14,8
2021/9/21,21,8
2021/9/22,21,11
2021/9/23,23,11
2021/9/24,23,8
2021/9/25,20,6
2021/9/26,21,11
2021/9/27,23,11
2021/9/28,22,8
2021/9/29,18,11
2021/9/30,14,9
2021/4/1,30,9
2021/4/2,32,4
2021/4/3,15,5
2021/4/4,11,7
2021/4/5,13,7
2021/4/6,15,11
2021/4/7,15,11
2021/4/8,24,13
2021/4/9,30,10
2021/4/10,20,6
2021/4/11,14,9
2021/4/12,13,5
2021/4/13,9,4
2021/4/14,10,8
2021/4/15,19,9
2021/4/16,22,7
2021/4/17,18,5
2021/4/18,17,11
2021/4/19,20,10
2021/4/20,22,12
2021/4/21,24,11
2021/4/22,24,8
2021/4/23,27,7
2021/4/24,21,5
2021/4/25,19,10
2021/4/26,22,11
2021/4/27,31,10
2021/4/28,35,8
2021/4/29,24,8
2021/4/30,18,5
2021/5/1,16,2
2021/5/2,10,7
2021/5/3,17,7
2021/5/4,17,7
2021/5/5,16,6
2021/5/6,13,10
2021/5/7,12,6
2021/5/8,12,5
2021/5/9,13,8
2021/5/10,20,7
2021/5/11,21,7
2021/5/12,14,4
2021/5/13,6,5
2021/5/14,10,4
2021/5/15,9,4
2021/5/16,8,7
2021/5/17,10,6
2021/5/18,13,7
2021/5/19,8,5
2021/5/20,10,7
2021/5/21,13,7
2021/5/22,13,5
2021/5/23,10,5
2021/5/24,9,9
2021/5/25,10,8
2021/5/26,15,9
2021/5/27,16,7
2021/5/28,16,4
2021/5/29,14,4
2021/5/30,10,6
2021/5/31,14,8
2021/6/1,18,9
2021/6/2,22,6
2021/6/3,19,6
2021/6/4,21,5
2021/6/5,18,4
2021/6/6,11,6
2021/6/7,17,7
2021/6/8,20,7
2021/6/9,23,8
2021/6/10,19,7
2021/6/11,15,6
2021/6/12,15,3
2021/6/13,10,5
2021/6/14,16,7
2021/6/15,19,7
2021/6/16,17,7
2021/6/17,21,8
2021/6/18,23,5
2021/6/19,23,4
2021/6/20,22,5
2021/6/21,39,7
2021/6/22,40,7
2021/6/23,29,7
2021/6/24,43,
2021/6/25,20,
2021/6/26,12,4
2021/6/27,12,7
2021/6/28,18,8
2021/6/29,28,5
2021/6/30,22,6
2021/1/4,18,10
2021/1/5,18,9
2021/1/6,10,14
2021/1/7,18,14
2021/1/8,27,14
2021/1/9,26,11
2021/1/10,25,17
2021/1/11,19,20
2021/1/12,29,20
2021/1/13,46,14
2021/1/14,26,20
2021/1/15,44,12
2021/1/16,38,6
2021/1/17,27,17
2021/1/18,37,26
2021/1/19,55,25
2021/1/20,38,21
2021/1/21,28,18
2021/1/22,15,10
2021/1/23,10,11
2021/1/24,11,19
2021/1/25,22,19
2021/1/26,33,18
2021/1/27,38,19
2021/1/28,36,22
2021/1/29,26,14
2021/1/30,36,6
2021/1/31,13,15
2021/2/1,29,20
2021/2/2,45,17
2021/2/3,46,16
2021/2/4,32,16
2021/2/5,39,9
2021/2/6,28,8
2021/2/7,26,9
2021/2/8,12,11
2021/2/9,14,12
2021/2/10,20,7
2021/2/11,29,10
2021/2/12,23,7
2021/2/13,15,10
2021/2/14,16,20
2021/2/15,33,24
2021/2/16,47,21
2021/2/17,49,19
2021/2/18,40,15
2021/2/19,38,11
2021/2/20,36,7
2021/2/21,50,15
2021/2/22,48,20
2021/2/23,56,21
2021/2/24,65,18
2021/2/25,65,18
2021/2/26,64,10
2021/2/27,28,9
2021/2/28,18,15
2021/3/1,29,16
2021/3/2,38,18
2021/3/3,38,21
2021/3/4,42,12
2021/3/5,28,8
2021/3/6,15,12
2021/3/7,21,12
2021/3/8,29,10
2021/3/9,30,11
2021/3/10,32,14
2021/3/11,42,12
2021/3/12,25,8
2021/3/13,17,7
2021/3/14,11,11
2021/3/15,20,8
2021/3/16,16,8
2021/3/17,13,9
2021/3/18,15,10
2021/3/19,16,7
2021/3/20,10,8
2021/3/21,17,7
2021/3/22,18,9
2021/3/23,21,11
2021/3/24,23,14
2021/3/25,35,15
2021/3/26,36,9
2021/3/27,22,6
2021/3/28,16,11
2021/3/29,26,14
2021/3/30,33,12
2021/3/31,32,13
2020/10/1,24,14
2020/10/2,28,6
2020/10/3,18,4
2020/10/4,9,11
2020/10/5,17,10
2020/10/6,21,10
2020/10/7,20,10
2020/10/8,19,11
2020/10/9,24,7
2020/10/10,16,4
2020/10/11,4,5
2020/10/12,9,9
2020/10/13,13,12
2020/10/14,21,13
2020/10/15,15,11
2020/10/16,8,
2020/10/18,23,10
2020/10/19,33,9
2020/10/20,35,12
2020/10/21,40,12
2020/10/22,40,10
2020/10/23,38,9
2020/10/24,36,6
2020/10/25,21,8
2020/10/26,22,7
2020/10/27,16,9
2020/10/28,28,11
2020/10/29,30,12
2020/10/30,30,12
2020/10/31,31,10
2020/11/1,26,12
2020/11/2,38,14
2020/11/3,41,12
2020/11/4,16,11
2020/11/5,25,14
2020/11/6,31,11
2020/11/7,29,9
2020/11/8,29,10
2020/11/9,32,11
2020/11/10,21,9
2020/11/11,22,9
2020/11/12,23,9
2020/11/13,25,10
2020/11/14,26,8
2020/11/15,18,11
2020/11/16,24,13
2020/11/17,28,11
2020/11/18,30,11
2020/11/19,27,7
2020/11/20,15,11
2020/11/21,22,13
2020/11/22,25,18
2020/11/23,47,16
2020/11/24,41,13
2020/11/25,26,14
2020/11/26,29,15
2020/11/27,33,15
2020/11/28,32,12
2020/11/29,30,15
2020/11/30,33,13
2020/12/1,32,10
2020/12/2,35,14
2020/12/3,24,17
2020/12/4,35,11
2020/12/5,43,10
2020/12/6,40,10
2020/12/7,18,9
2020/12/8,17,16
2020/12/9,12,17
2020/12/10,14,12
2020/12/11,20,11
2020/12/12,23,11
2020/12/13,27,14
2020/12/14,17,13
2020/12/15,17,12
2020/12/16,24,12
2020/12/17,15,12
2020/12/18,14,13
2020/12/19,11,11
2020/12/20,12,13
2020/12/21,31,12
2020/12/22,26,13
2020/12/23,33,12
2020/12/24,19,9
2020/12/25,12,10
2020/12/26,20,9
2020/12/27,19,11
2020/12/28,19,17
2020/12/29,15,14
2020/12/30,17,13
2020/12/31,17,12
2021/1/1,37,12
2021/1/2,25,8
2021/1/3,19,13
2020/7/1,17,4
2020/7/2,12,6
2020/7/3,11,3
2020/7/4,11,2
2020/7/5,12,5
2020/7/6,16,4
2020/7/7,11,4
2020/7/8,15,5
2020/7/9,21,6
2020/7/10,22,4
2020/7/11,13,1
2020/7/12,9,4
2020/7/13,12,5
2020/7/14,16,5
2020/7/15,16,5
2020/7/16,15,3
2020/7/17,11,3
2020/7/18,7,1
2020/7/19,7,4
2020/7/20,16,5
2020/7/21,17,5
2020/7/22,16,6
2020/7/23,20,7
2020/7/24,17,3
2020/7/25,13,2
2020/7/26,14,5
2020/7/27,15,5
2020/7/28,20,5
2020/7/29,13,4
2020/7/30,21,4
2020/7/31,23,2
2020/8/1,22,2
2020/8/2,16,4
2020/8/3,16,4
2020/8/4,10,5
2020/8/5,11,7
2020/8/6,20,6
2020/8/7,24,4
2020/8/8,24,4
2020/8/9,25,7
2020/8/10,28,6
2020/8/11,23,6
2020/8/12,18,7
2020/8/13,21,8
2020/8/14,16,4
2020/8/15,9,3
2020/8/16,11,6
2020/8/17,20,7
2020/8/18,13,7
2020/8/19,17,6
2020/8/20,18,5
2020/8/21,19,4
2020/8/22,16,3
2020/8/23,10,6
2020/8/24,16,6
2020/8/25,15,8
2020/8/26,18,7
2020/8/27,19,7
2020/8/28,22,4
2020/8/29,17,4
2020/8/30,13,8
2020/8/31,11,5
2020/9/1,9,7
2020/9/2,16,7
2020/9/3,15,9
2020/9/4,18,6
2020/9/5,16,3
2020/9/6,12,7
2020/9/7,13,7
2020/9/8,19,8
2020/9/9,23,9
2020/9/10,24,8
2020/9/11,23,6
2020/9/12,25,5
2020/9/13,21,8
2020/9/14,23,10
2020/9/15,28,11
2020/9/16,35,11
2020/9/17,29,8
2020/9/18,21,6
2020/9/19,20,4
2020/9/20,17,10
2020/9/21,29,10
2020/9/22,38,8
2020/9/23,25,10
2020/9/24,19,9
2020/9/25,9,5
2020/9/26,5,4
2020/9/27,9,10
2020/9/28,8,9
2020/9/29,19,9
2020/9/30,14,11
2020/4/1,21,8
2020/4/2,23,7
2020/4/3,22,4
2020/4/4,18,4
2020/4/5,19,7
2020/4/6,31,7
2020/4/7,26,9
2020/4/8,24,10
2020/4/9,31,8
2020/4/10,27,4
2020/4/11,19,3
2020/4/12,20,3
2020/4/13,17,2
2020/4/14,11,7
2020/4/15,21,9
2020/4/16,18,8
2020/4/17,23,5
2020/4/18,21,2
2020/4/19,13,5
2020/4/20,21,4
2020/4/21,17,4
2020/4/22,19,5
2020/4/23,19,7
2020/4/24,23,4
2020/4/25,19,2
2020/4/26,15,5
2020/4/27,17,4
2020/4/28,18,8
2020/4/29,13,6
2020/4/30,16,1
2020/5/1,8,2
2020/5/2,8,1
2020/5/3,7,6
2020/5/4,13,6
2020/5/5,13,3
2020/5/6,13,5
2020/5/7,13,6
2020/5/8,18,5
2020/5/9,19,4
2020/5/10,17,5
2020/5/11,19,3
2020/5/12,9,4
2020/5/13,18,4
2020/5/14,20,6
2020/5/15,16,3
2020/5/16,14,3
2020/5/17,17,5
2020/5/18,17,9
2020/5/19,18,5
2020/5/20,21,3
2020/5/21,12,6
2020/5/22,17,3
2020/5/23,17,1
2020/5/24,7,3
2020/5/25,9,2
2020/5/26,10,3
2020/5/27,11,4
2020/5/28,14,3
2020/5/29,9,2
2020/5/30,11,2
2020/5/31,8,1
2020/6/1,10,3
2020/6/2,15,4
2020/6/3,14,4
2020/6/4,14,5
2020/6/5,10,2
2020/6/6,11,1
2020/6/7,10,5
2020/6/8,9,7
2020/6/9,16,7
2020/6/10,14,3
2020/6/11,9,6
2020/6/12,13,3
2020/6/13,14,2
2020/6/14,13,7
2020/6/15,10,5
2020/6/16,14,6
2020/6/17,16,3
2020/6/18,9,4
2020/6/19,12,2
2020/6/20,8,1
2020/6/21,10,2
2020/6/22,12,4
2020/6/23,15,6
2020/6/24,18,7
2020/6/25,12,5
2020/6/26,16,3
2020/6/27,17,2
2020/6/28,16,6
2020/6/29,13,5
2020/6/30,14,5
2020/1/1,39,17
2020/1/2,44,22
2020/1/3,36,19
2020/1/4,33,9
2020/1/5,18,17
2020/1/6,27,21
2020/1/7,42,21
2020/1/8,38,25
2020/1/9,59,19
2020/1/10,44,15
2020/1/11,36,15
2020/1/12,27,22
2020/1/13,47,20
2020/1/14,44,20
2020/1/15,46,24
2020/1/16,60,17
2020/1/17,34,14
2020/1/18,30,12
2020/1/19,33,18
2020/1/20,30,20
2020/1/21,37,16
2020/1/22,30,21
2020/1/23,43,17
2020/1/24,34,17
2020/1/25,45,13
2020/1/26,37,17
2020/1/27,41,18
2020/1/28,30,16
2020/1/29,33,20
2020/1/30,41,26
2020/1/31,74,16
2020/2/1,32,12
2020/2/2,26,11
2020/2/3,26,9
2020/2/4,20,3
2020/2/5,10,14
2020/2/6,23,18
2020/2/7,36,14
2020/2/8,29,15
2020/2/9,34,13
2020/2/10,30,6
2020/2/11,15,16
2020/2/12,27,18
2020/2/13,31,14
2020/2/14,28,14
2020/2/15,22,12
2020/2/16,24,17
2020/2/17,35,15
2020/2/18,32,11
2020/2/19,18,13
2020/2/20,26,10
2020/2/21,19,13
2020/2/22,19,16
2020/2/23,22,11
2020/2/24,20,12
2020/2/25,24,13
2020/2/26,16,9
2020/2/27,18,8
2020/2/28,12,11
2020/2/29,16,6
2020/3/1,12,9
2020/3/2,15,10
2020/3/3,13,6
2020/3/4,15,10
2020/3/5,18,13
2020/3/6,13,8
2020/3/7,17,9
2020/3/8,16,16
2020/3/9,29,14
2020/3/10,24,12
2020/3/11,20,15
2020/3/12,28,10
2020/3/13,19,6
2020/3/14,17,4
2020/3/15,13,12
2020/3/16,22,11
2020/3/17,24,8
2020/3/18,18,8
2020/3/19,22,9
2020/3/20,25,4
2020/3/21,20,
2020/3/22,10,1
2020/3/23,11,4
2020/3/24,21,2
2020/3/25,18,6
2020/3/26,21,7
2020/3/27,73,7
2020/3/28,65,5
2020/3/29,38,
2019/10/1,10,14
2019/10/2,17,8
2019/10/3,13,9
2019/10/4,16,9
2019/10/5,12,4
2019/10/6,9,9
2019/10/7,18,11
2019/10/8,22,10
2019/10/9,20,11
2019/10/10,16,10
2019/10/11,19,9
2019/10/12,18,9
2019/10/13,19,12
2019/10/14,30,11
2019/10/15,27,9
2019/10/16,21,11
2019/10/17,23,11
2019/10/18,24,9
2019/10/19,18,5
2019/10/20,15,17
2019/10/21,32,15
2019/10/22,34,15
2019/10/23,35,15
2019/10/24,35,18
2019/10/25,34,13
2019/10/26,25,13
2019/10/27,24,15
2019/10/28,27,10
2019/10/29,12,11
2019/10/30,16,11
2019/10/31,23,7
2019/11/1,21,9
2019/11/2,28,6
2019/11/3,13,13
2019/11/4,19,12
2019/11/5,10,15
2019/11/6,12,13
2019/11/7,21,11
2019/11/8,23,10
2019/11/9,17,8
2019/11/10,13,10
2019/11/11,25,11
2019/11/12,13,13
2019/11/13,6,14
2019/11/14,20,12
2019/11/15,28,11
2019/11/16,23,5
2019/11/17,20,13
2019/11/18,22,14
2019/11/19,34,13
2019/11/20,19,13
2019/11/21,25,12
2019/11/22,32,9
2019/11/23,27,7
2019/11/24,24,11
2019/11/25,19,12
2019/11/26,27,11
2019/11/27,28,14
2019/11/28,17,14
2019/11/29,30,10
2019/11/30,15,10
2019/12/1,18,13
2019/12/2,20,20
2019/12/3,41,19
2019/12/4,39,13
2019/12/5,37,15
2019/12/6,41,15
2019/12/7,35,14
2019/12/8,34,20
2019/12/9,36,16
2019/12/10,27,22
2019/12/11,39,21
2019/12/12,43,18
2019/12/13,27,15
2019/12/14,20,15
2019/12/15,20,22
2019/12/16,23,24
2019/12/17,24,23
2019/12/18,35,20
2019/12/19,25,12
2019/12/20,30,10
2019/12/21,10,13
2019/12/22,12,12
2019/12/23,15,15
2019/12/24,23,13
2019/12/25,16,13
2019/12/26,15,13
2019/12/27,16,6
2019/12/28,14,11
2019/12/29,16,
2019/7/1,27,8
2019/7/2,20,7
2019/7/3,18,6
2019/7/4,19,9
2019/7/5,25,4
2019/7/6,21,3
2019/7/7,10,6
2019/7/8,14,7
2019/7/9,18,7
2019/7/10,17,9
2019/7/11,17,7
2019/7/12,14,5
2019/7/13,9,3
2019/7/14,8,6
2019/7/15,15,8
2019/7/16,18,7
2019/7/17,20,6
2019/7/18,14,8
2019/7/19,17,5
2019/7/20,17,4
2019/7/21,14,7
2019/7/22,18,8
2019/7/23,19,6
2019/7/24,23,8
2019/7/25,25,8
2019/7/26,26,7
2019/7/27,19,3
2019/7/28,12,6
2019/7/29,17,7
2019/7/30,19,7
2019/7/31,18,6
2019/8/1,12,8
2019/8/2,13,4
2019/8/3,10,5
2019/8/4,9,8
2019/8/5,16,7
2019/8/6,18,8
2019/8/7,19,7
2019/8/8,12,7
2019/8/9,15,5
2019/8/10,17,3
2019/8/11,11,6
2019/8/12,18,6
2019/8/13,14,6
2019/8/14,9,4
2019/8/15,15,7
2019/8/16,13,5
2019/8/17,11,5
2019/8/18,12,7
2019/8/19,17,7
2019/8/20,18,5
2019/8/21,11,8
2019/8/22,12,10
2019/8/23,22,6
2019/8/24,18,4
2019/8/25,15,7
2019/8/26,22,8
2019/8/27,23,8
2019/8/28,36,9
2019/8/29,34,8
2019/8/30,21,7
2019/8/31,24,4
2019/9/1,22,9
2019/9/2,15,6
2019/9/3,13,8
2019/9/4,18,11
2019/9/5,21,8
2019/9/6,12,6
2019/9/7,11,5
2019/9/8,10,7
2019/9/9,9,10
2019/9/10,21,8
2019/9/11,17,9
2019/9/12,18,9
2019/9/13,19,7
2019/9/14,15,5
2019/9/15,15,10
2019/9/16,20,8
2019/9/17,20,6
2019/9/18,16,8
2019/9/19,17,8
2019/9/20,15,6
2019/9/21,15,6
2019/9/22,16,10
2019/9/23,20,13
2019/9/24,18,
2019/9/25,16,13
2019/9/26,17,
2019/9/27,19,
2019/9/28,12,
2019/9/29,11,
2019/9/30,17,
2019/4/1,32,13
2019/4/2,39,12
2019/4/3,38,11
2019/4/4,28,8
2019/4/5,21,4
2019/4/6,13,8
2019/4/7,18,9
2019/4/8,27,8
2019/4/9,29,12
2019/4/10,24,11
2019/4/11,20,7
2019/4/12,26,6
2019/4/13,26,5
2019/4/14,23,12
2019/4/15,31,9
2019/4/16,30,10
2019/4/17,28,10
2019/4/18,23,10
2019/4/19,19,7
2019/4/20,22,7
2019/4/21,31,4
2019/4/22,22,10
2019/4/23,26,6
2019/4/24,36,7
2019/4/25,32,13
2019/4/26,41,4
2019/4/27,10,3
2019/4/28,8,7
2019/4/29,12,8
2019/4/30,12,4
2019/5/1,14,11
2019/5/2,23,7
2019/5/3,15,4
2019/5/4,7,2
2019/5/5,6,5
2019/5/6,11,8
2019/5/7,17,6
2019/5/8,19,12
2019/5/9,14,8
2019/5/10,20,5
2019/5/11,15,2
2019/5/12,7,5
2019/5/13,13,5
2019/5/14,14,10
2019/5/15,14,7
2019/5/16,16,6
2019/5/17,20,6
2019/5/18,23,5
2019/5/19,21,9
2019/5/20,20,8
2019/5/21,18,8
2019/5/22,15,9
2019/5/23,13,8
2019/5/24,18,6
2019/5/25,17,4
2019/5/26,14,11
2019/5/27,21,11
2019/5/28,13,8
2019/5/29,7,4
2019/5/30,9,7
2019/5/31,19,7
2019/6/1,22,5
2019/6/2,16,8
2019/6/3,21,8
2019/6/4,22,8
2019/6/5,23,5
2019/6/6,22,7
2019/6/7,23,6
2019/6/8,22,3
2019/6/9,16,3
2019/6/10,25,7
2019/6/11,29,8
2019/6/12,29,7
2019/6/13,34,10
2019/6/14,29,7
2019/6/15,30,4
2019/6/16,23,9
2019/6/17,20,8
2019/6/18,21,7
2019/6/19,19,3
2019/6/20,15,5
2019/6/21,13,6
2019/6/22,13,3
2019/6/23,11,8
2019/6/24,20,7
2019/6/25,23,7
2019/6/26,26,10
2019/6/27,33,9
2019/6/28,24,5
2019/6/29,18,4
2019/6/30,18,10
2019/1/1,38,9
2019/1/2,9,8
2019/1/3,7,18
2019/1/4,22,21
2019/1/5,39,12
2019/1/6,15,15
2019/1/7,17,18
2019/1/8,31,21
2019/1/9,34,16
2019/1/10,33,18
2019/1/11,28,23
2019/1/12,34,21
2019/1/13,45,15
2019/1/14,16,23
2019/1/15,36,30
2019/1/16,51,29
2019/1/17,40,20
2019/1/18,23,13
2019/1/19,24,13
2019/1/20,29,17
2019/1/21,42,18
2019/1/22,43,18
2019/1/23,37,18
2019/1/24,34,17
2019/1/25,44,20
2019/1/26,45,25
2019/1/27,60,22
2019/1/28,31,19
2019/1/29,32,15
2019/1/30,33,19
2019/1/31,34,20
2019/2/1,35,19
2019/2/2,20,8
2019/2/3,13,13
2019/2/4,23,18
2019/2/5,35,22
2019/2/6,41,23
2019/2/7,47,23
2019/2/8,49,21
2019/2/9,46,17
2019/2/10,36,15
2019/2/11,15,8
2019/2/12,17,19
2019/2/13,31,22
2019/2/14,37,22
2019/2/15,38,20
2019/2/16,36,20
2019/2/17,35,23
2019/2/18,47,25
2019/2/19,52,23
2019/2/20,53,20
2019/2/21,48,10
2019/2/22,19,9
2019/2/23,15,15
2019/2/24,22,25
2019/2/25,40,14
2019/2/26,25,20
2019/2/27,33,21
2019/2/28,35,18
2019/3/1,25,13
2019/3/2,18,15
2019/3/3,26,13
2019/3/4,25,14
2019/3/5,20,14
2019/3/6,27,8
2019/3/7,26,10
2019/3/8,18,10
2019/3/9,15,8
2019/3/10,16,5
2019/3/11,11,12
2019/3/12,15,14
2019/3/13,16,16
2019/3/14,25,16
2019/3/15,24,13
2019/3/16,22,7
2019/3/17,18,9
2019/3/18,15,16
2019/3/19,23,13
2019/3/20,25,15
2019/3/21,27,21
2019/3/22,33,15
2019/3/23,27,11
2019/3/24,23,10
2019/3/25,30,7
2019/3/26,13,15
2019/3/27,23,16
2019/3/28,25,11
2019/3/29,22,11
2019/3/30,27,10
2019/3/31,23,15
2018/10/1,23,13
2018/10/2,14,17
2018/10/3,25,16
2018/10/4,25,16
2018/10/5,31,11
2018/10/6,30,6
2018/10/7,20,13
2018/10/8,23,15
2018/10/9,35,16
2018/10/10,40,18
2018/10/11,42,18
2018/10/12,46,13
2018/10/13,40,11
2018/10/14,35,18
2018/10/15,43,18
2018/10/16,46,14
2018/10/17,43,18
2018/10/18,44,20
2018/10/19,48,13
2018/10/20,40,7
2018/10/21,18,16
2018/10/22,25,18
2018/10/23,29,12
2018/10/24,19,15
2018/10/25,24,12
2018/10/26,24,9
2018/10/27,13,8
2018/10/28,8,14
2018/10/29,18,8
2018/10/30,16,15
2018/10/31,25,13
2018/11/1,23,13
2018/11/2,22,12
2018/11/3,32,7
2018/11/4,27,10
2018/11/5,37,12
2018/11/6,43,12
2018/11/7,47,14
2018/11/8,31,13
2018/11/9,34,10
2018/11/10,35,12
2018/11/11,20,14
2018/11/12,24,12
2018/11/13,29,15
2018/11/14,26,15
2018/11/15,28,17
2018/11/16,25,12
2018/11/17,20,11
2018/11/18,22,14
2018/11/19,21,13
2018/11/20,13,14
2018/11/21,29,12
2018/11/22,30,12
2018/11/23,46,9
2018/11/24,29,9
2018/11/25,17,12
2018/11/26,5,13
2018/11/27,10,14
2018/11/28,31,14
2018/11/29,29,13
2018/11/30,40,13
2018/12/1,49,14
2018/12/2,49,19
2018/12/3,47,18
2018/12/4,31,19
2018/12/5,33,18
2018/12/6,43,18
2018/12/7,54,18
2018/12/8,24,16
2018/12/9,26,20
2018/12/10,27,21
2018/12/11,31,16
2018/12/12,38,12
2018/12/13,19,12
2018/12/14,20,12
2018/12/15,25,13
2018/12/16,32,22
2018/12/17,50,25
2018/12/18,45,21
2018/12/19,40,19
2018/12/20,44,21
2018/12/21,45,20
2018/12/22,24,20
2018/12/23,24,8
2018/12/24,16,13
2018/12/25,16,17
2018/12/26,28,22
2018/12/27,41,21
2018/12/28,37,19
2018/12/29,34,13
2018/12/30,34,
2018/7/1,12,10
2018/7/2,16,10
2018/7/3,23,12
2018/7/4,25,13
2018/7/5,20,12
2018/7/6,10,3
2018/7/7,11,4
2018/7/8,13,9
2018/7/9,17,11
2018/7/10,22,14
2018/7/11,13,10
2018/7/12,14,9
2018/7/13,16,5
2018/7/14,13,4
2018/7/15,13,10
2018/7/16,19,9
2018/7/17,20,12
2018/7/18,23,8
2018/7/19,19,9
2018/7/20,23,6
2018/7/21,17,3
2018/7/22,10,12
2018/7/23,20,12
2018/7/24,23,9
2018/7/25,21,9
2018/7/26,16,9
2018/7/27,17,5
2018/7/28,14,4
2018/7/29,15,8
2018/7/30,21,9
2018/7/31,23,10
2018/8/1,26,8
2018/8/2,20,9
2018/8/3,22,6
2018/8/4,20,4
2018/8/5,17,8
2018/8/6,22,8
2018/8/7,23,8
2018/8/8,19,9
2018/8/9,22,8
2018/8/10,25,6
2018/8/11,10,5
2018/8/12,12,11
2018/8/13,19,13
2018/8/14,14,5
2018/8/15,12,8
2018/8/16,16,9
2018/8/17,17,6
2018/8/18,16,5
2018/8/19,16,11
2018/8/20,19,11
2018/8/21,23,10
2018/8/22,25,14
2018/8/23,28,9
2018/8/24,25,8
2018/8/25,9,3
2018/8/26,5,12
2018/8/27,13,12
2018/8/28,18,12
2018/8/29,20,11
2018/8/30,18,11
2018/8/31,13,10
2018/9/1,9,7
2018/9/3,20,11
2018/9/4,16,11
2018/9/5,20,11
2018/9/6,25,12
2018/9/7,21,8
2018/9/8,16,6
2018/9/9,14,11
2018/9/10,20,15
2018/9/11,23,13
2018/9/12,27,12
2018/9/13,27,11
2018/9/14,27,
2018/9/17,25,13
2018/9/18,30,13
2018/9/19,29,12
2018/9/20,25,13
2018/9/21,29,7
2018/9/22,12,6
2018/9/23,11,7
2018/9/24,9,10
2018/9/25,14,13
2018/9/26,18,16
2018/9/27,24,17
2018/9/28,27,11
2018/9/29,19,8
2018/9/30,15,17
2018/4/1,9,11
2018/4/2,16,13
2018/4/3,21,8
2018/4/4,23,19
2018/4/5,23,13
2018/4/6,24,8
2018/4/7,25,10
2018/4/8,23,14
2018/4/9,29,11
2018/4/10,22,12
2018/4/11,28,15
2018/4/12,30,10
2018/4/13,19,10
2018/4/14,16,7
2018/4/15,30,13
2018/4/16,41,12
2018/4/17,22,17
2018/4/18,32,16
2018/4/19,29,15
2018/4/20,27,9
2018/4/21,23,8
2018/4/22,24,12
2018/4/23,31,14
2018/4/24,24,14
2018/4/25,30,13
2018/4/26,26,12
2018/4/27,26,8
2018/4/28,24,9
2018/4/29,33,8
2018/4/30,28,5
2018/5/1,17,10
2018/5/2,29,10
2018/5/3,24,15
2018/5/4,33,8
2018/5/5,22,7
2018/5/6,23,13
2018/5/7,25,13
2018/5/8,27,10
2018/5/9,21,5
2018/5/10,20,12
2018/5/11,17,5
2018/5/12,18,5
2018/5/13,15,11
2018/5/14,14,11
2018/5/15,11,12
2018/5/16,15,9
2018/5/17,16,12
2018/5/18,19,7
2018/5/19,18,4
2018/5/20,16,4
2018/5/21,14,10
2018/5/22,23,11
2018/5/23,21,12
2018/5/24,19,12
2018/5/25,20,7
2018/5/26,14,4
2018/5/27,14,12
2018/5/28,28,12
2018/5/29,31,10
2018/5/30,28,5
2018/5/31,29,8
2018/6/1,25,5
2018/6/2,15,4
2018/6/3,11,9
2018/6/4,17,10
2018/6/5,20,10
2018/6/6,22,10
2018/6/7,21,10
2018/6/8,20,6
2018/6/9,17,4
2018/6/10,17,11
2018/6/11,23,9
2018/6/12,30,9
2018/6/13,15,6
2018/6/14,12,7
2018/6/15,14,8
2018/6/16,19,5
2018/6/17,19,5
2018/6/18,14,8
2018/6/19,17,11
2018/6/20,19,9
2018/6/21,23,7
2018/6/22,17,4
2018/6/23,9,4
2018/6/24,9,10
2018/6/25,11,9
2018/6/26,14,6
2018/6/27,10,14
2018/6/28,13,5
2018/6/29,14,5
2018/6/30,16,4
2018/1/1,32,20
2018/1/2,19,22
2018/1/3,21,24
2018/1/4,29,26
2018/1/5,30,16
2018/1/6,15,12
2018/1/7,14,15
2018/1/8,25,11
2018/1/9,19,13
2018/1/10,14,16
2018/1/11,34,17
2018/1/12,29,10
2018/1/13,14,10
2018/1/14,12,15
2018/1/15,16,18
2018/1/16,34,20
2018/1/17,29,21
2018/1/18,37,24
2018/1/19,28,23
2018/1/20,35,12
2018/1/21,20,19
2018/1/22,33,21
2018/1/23,41,26
2018/1/24,46,21
2018/1/25,39,20
2018/1/26,49,13
2018/1/27,24,14
2018/1/28,24,25
2018/1/29,48,24
2018/1/30,31,18
2018/1/31,34,18
2018/2/1,28,23
2018/2/2,12,20
2018/2/3,19,17
2018/2/4,21,18
2018/2/5,34,15
2018/2/6,46,18
2018/2/7,31,20
2018/2/8,28,16
2018/2/9,44,14
2018/2/10,60,13
2018/2/11,47,22
2018/2/12,27,25
2018/2/13,28,20
2018/2/14,31,23
2018/2/15,45,27
2018/2/16,54,18
2018/2/17,47,8
2018/2/18,27,12
2018/2/19,30,18
2018/2/20,19,24
2018/2/21,35,20
2018/2/22,30,22
2018/2/23,27,12
2018/2/24,38,11
2018/2/25,27,17
2018/2/26,32,14
2018/2/27,30,23
2018/2/28,53,21
2018/3/1,66,21
2018/3/2,77,15
2018/3/3,60,13
2018/3/4,59,21
2018/3/5,48,25
2018/3/6,41,27
2018/3/7,48,25
2018/3/8,34,29
2018/3/9,49,23
2018/3/10,37,16
2018/3/11,26,15
2018/3/12,24,14
2018/3/13,27,18
2018/3/14,27,15
2018/3/15,27,21
2018/3/16,26,13
2018/3/17,15,10
2018/3/18,20,16
2018/3/19,22,15
2018/3/20,38,15
2018/3/21,34,18
2018/3/22,31,20
2018/3/23,33,12
2018/3/24,24,7
2018/3/25,34,14
2018/3/26,42,16
2018/3/27,38,16
2018/3/28,32,17
2018/3/29,35,17
2018/3/30,18,13
2018/3/31,25,6
2017/10/1,31,15
2017/10/2,36,17
2017/10/3,33,13
2017/10/4,25,15
2017/10/5,32,10
2017/10/6,12,10
2017/10/7,13,9
2017/10/8,12,13
2017/10/9,19,14
2017/10/10,27,16
2017/10/11,31,19
2017/10/12,34,18
2017/10/13,31,12
2017/10/14,31,13
2017/10/15,30,19
2017/10/16,38,19
2017/10/17,40,18
2017/10/18,40,17
2017/10/19,41,17
2017/10/20,42,17
2017/10/21,34,11
2017/10/22,17,12
2017/10/23,12,9
2017/10/24,10,18
2017/10/25,30,12
2017/10/26,23,10
2017/10/27,20,15
2017/10/28,13,9
2017/10/29,11,17
2017/10/30,15,21
2017/10/31,28,15
2017/11/1,22,17
2017/11/2,36,18
2017/11/3,29,13
2017/11/4,34,15
2017/11/5,31,14
2017/11/6,10,19
2017/11/7,19,17
2017/11/8,20,15
2017/11/9,24,14
2017/11/10,32,11
2017/11/11,24,10
2017/11/12,22,11
2017/11/13,9,17
2017/11/14,21,21
2017/11/15,38,21
2017/11/16,37,14
2017/11/17,33,11
2017/11/18,31,12
2017/11/19,20,18
2017/11/20,21,23
2017/11/21,35,
2017/11/23,58,25
2017/11/24,48,14
2017/11/25,34,6
2017/11/26,5,20
2017/11/27,29,19
2017/11/28,32,18
2017/11/29,35,20
2017/11/30,18,18
2017/12/1,20,15
2017/12/2,27,18
2017/12/3,30,29
2017/12/4,49,35
2017/12/5,42,26
2017/12/6,27,28
2017/12/7,43,22
2017/12/8,25,14
2017/12/9,14,22
2017/12/10,31,24
2017/12/11,15,18
2017/12/12,16,19
2017/12/13,13,21
2017/12/14,38,22
2017/12/15,21,15
2017/12/16,13,21
2017/12/17,28,24
2017/12/18,35,26
2017/12/19,40,24
2017/12/20,35,25
2017/12/21,42,25
2017/12/22,33,18
2017/12/23,22,23
2017/12/24,36,20
2017/12/25,23,
2017/12/27,14,11
2017/12/28,10,14
2017/12/29,21,21
2017/12/30,25,
2017/7/1,10,4
2017/7/2,7,7
2017/7/3,10,17
2017/7/4,14,11
2017/7/5,17,14
2017/7/6,21,14
2017/7/7,19,9
2017/7/8,15,5
2017/7/9,15,9
2017/7/10,19,9
2017/7/11,13,10
2017/7/12,13,8
2017/7/13,9,11
2017/7/14,15,4
2017/7/15,8,7
2017/7/16,9,12
2017/7/17,13,14
2017/7/18,17,10
2017/7/19,17,13
2017/7/20,19,12
2017/7/21,12,6
2017/7/22,14,5
2017/7/23,15,8
2017/7/24,8,11
2017/7/25,10,13
2017/7/26,13,15
2017/7/27,16,12
2017/7/28,17,9
2017/7/29,15,5
2017/7/30,14,11
2017/7/31,16,13
2017/8/1,22,10
2017/8/2,26,13
2017/8/3,37,9
2017/8/4,26,8
2017/8/5,15,7
2017/8/6,9,10
2017/8/7,15,11
2017/8/8,22,10
2017/8/9,28,11
2017/8/10,29,11
2017/8/11,25,3
2017/8/12,8,5
2017/8/13,8,8
2017/8/14,10,7
2017/8/15,11,12
2017/8/16,16,10
2017/8/17,16,13
2017/8/18,21,10
2017/8/19,13,6
2017/8/20,6,8
2017/8/21,11,12
2017/8/22,17,10
2017/8/23,20,12
2017/8/24,22,10
2017/8/25,22,9
2017/8/26,20,7
2017/8/27,17,8
2017/8/28,17,9
2017/8/29,20,11
2017/8/30,20,12
2017/8/31,25,10
2017/9/1,14,6
2017/9/2,9,3
2017/9/3,5,10
2017/9/4,15,12
2017/9/5,17,9
2017/9/6,15,
2017/9/11,16,12
2017/9/12,11,9
2017/9/13,19,7
2017/9/14,13,11
2017/9/15,12,9
2017/9/16,10,7
2017/9/17,8,10
2017/9/18,17,11
2017/9/19,6,13
2017/9/20,13,11
2017/9/21,17,13
2017/9/22,20,8
2017/9/23,16,8
2017/9/24,21,12
2017/9/25,24,13
2017/9/26,16,13
2017/9/27,33,11
2017/9/28,37,14
2017/9/29,36,9
2017/9/30,30,9
2017/4/1,25,12
2017/4/2,20,16
2017/4/3,29,13
2017/4/4,28,13
2017/4/5,20,9
2017/4/6,13,13
2017/4/7,15,10
2017/4/8,11,6
2017/4/9,15,12
2017/4/10,20,11
2017/4/11,20,13
2017/4/12,30,15
2017/4/13,26,12
2017/4/14,19,7
2017/4/15,22,5
2017/4/16,21,5
2017/4/17,8,8
2017/4/18,10,5
2017/4/19,15,5
2017/4/20,16,10
2017/4/21,18,11
2017/4/22,16,4
2017/4/23,8,13
2017/4/24,18,10
2017/4/25,24,5
2017/4/26,22,11
2017/4/27,11,13
2017/4/28,8,10
2017/4/29,16,8
2017/4/30,17,8
2017/5/1,23,11
2017/5/2,24,15
2017/5/3,20,12
2017/5/4,20,13
2017/5/5,17,9
2017/5/6,15,6
2017/5/7,14,7
2017/5/8,10,8
2017/5/9,13,9
2017/5/10,14,9
2017/5/11,19,8
2017/5/12,18,7
2017/5/13,10,7
2017/5/14,11,11
2017/5/15,14,11
2017/5/16,16,13
2017/5/17,23,11
2017/5/18,21,11
2017/5/19,23,4
2017/5/20,11,2
2017/5/21,10,9
2017/5/22,17,8
2017/5/23,16,12
2017/5/24,17,3
2017/5/25,8,9
2017/5/26,14,8
2017/5/27,16,6
2017/5/28,14,11
2017/5/29,20,12
2017/5/30,27,12
2017/5/31,24,10
2017/6/1,21,9
2017/6/2,20,7
2017/6/3,15,4
2017/6/4,14,5
2017/6/5,11,9
2017/6/6,17,12
2017/6/7,12,8
2017/6/8,14,10
2017/6/9,15,7
2017/6/10,12,5
2017/6/11,12,11
2017/6/12,20,8
2017/6/13,23,10
2017/6/14,22,6
2017/6/15,20,9
2017/6/16,20,4
2017/6/17,13,3
2017/6/18,9,10
2017/6/19,15,11
2017/6/20,23,11
2017/6/21,25,17
2017/6/22,28,14
2017/6/23,25,7
2017/6/24,25,5
2017/6/25,14,9
2017/6/26,18,9
2017/6/27,21,10
2017/6/28,21,6
2017/6/29,10,7
2017/6/30,13,5
2017/1/2,46,27
2017/1/3,50,25
2017/1/4,36,11
2017/1/5,16,3
2017/1/6,20,8
2017/1/7,26,15
2017/1/8,29,20
2017/1/9,36,14
2017/1/10,30,29
2017/1/11,56,33
2017/1/12,61,26
2017/1/13,21,23
2017/1/14,19,23
2017/1/15,20,26
2017/1/16,22,27
2017/1/17,34,27
2017/1/18,49,29
2017/1/19,60,31
2017/1/20,66,31
2017/1/21,67,31
2017/1/22,73,31
2017/1/23,85,22
2017/1/24,85,19
2017/1/25,62,22
2017/1/26,45,24
2017/1/27,55,18
2017/1/28,61,19
2017/1/29,64,23
2017/1/30,66,23
2017/1/31,72,30
2017/2/1,77,28
2017/2/2,65,26
2017/2/3,28,19
2017/2/4,24,18
2017/2/5,26,21
2017/2/6,13,16
2017/2/7,27,13
2017/2/8,43,16
2017/2/9,55,13
2017/2/10,50,11
2017/2/11,49,9
2017/2/12,58,17
2017/2/13,57,21
2017/2/14,49,24
2017/2/15,56,21
2017/2/16,37,26
2017/2/17,49,19
2017/2/18,33,14
2017/2/19,30,22
2017/2/20,40,29
2017/2/21,57,22
2017/2/22,51,23
2017/2/23,49,12
2017/2/24,24,15
2017/2/25,24,17
2017/2/26,28,25
2017/2/27,40,13
2017/2/28,26,17
2017/3/1,22,21
2017/3/2,32,22
2017/3/3,34,9
2017/3/4,23,9
2017/3/5,14,15
2017/3/6,24,8
2017/3/7,19,15
2017/3/8,24,15
2017/3/9,25,6
2017/3/10,12,7
2017/3/11,12,9
2017/3/12,19,17
2017/3/13,30,18
2017/3/14,33,21
2017/3/15,41,19
2017/3/16,43,19
2017/3/17,37,18
2017/3/18,41,11
2017/3/19,24,14
2017/3/20,29,12
2017/3/21,32,12
2017/3/22,30,17
2017/3/23,35,12
2017/3/24,32,10
2017/3/25,30,9
2017/3/26,21,15
2017/3/27,23,19
2017/3/28,32,15
2017/3/29,28,21
2017/3/30,35,17
2017/3/31,29,12
2016/10/1,21,12
2016/10/2,19,13
2016/10/3,10,13
2016/10/4,17,12
2016/10/5,14,12
2016/10/6,14,9
2016/10/7,13,7
2016/10/8,15,7
2016/10/9,14,8
2016/10/10,14,11
2016/10/11,12,12
2016/10/12,21,13
2016/10/13,23,13
2016/10/14,31,11
2016/10/15,31,6
2016/10/16,31,13
2016/10/17,35,9
2016/10/18,22,10
2016/10/19,19,17
2016/10/20,9,14
2016/10/21,19,11
2016/10/22,21,8
2016/10/23,22,16
2016/10/24,35,12
2016/10/25,27,8
2016/10/26,14,13
2016/10/27,24,13
2016/10/28,38,14
2016/10/29,29,10
2016/10/30,24,15
2016/10/31,30,14
2016/11/1,25,14
2016/11/2,30,13
2016/11/3,18,16
2016/11/4,27,16
2016/11/5,35,8
2016/11/6,21,15
2016/11/7,10,15
2016/11/8,13,15
2016/11/9,33,16
2016/11/10,35,17
2016/11/11,37,9
2016/11/12,10,9
2016/11/13,18,16
2016/11/14,26,18
2016/11/15,39,21
2016/11/16,42,16
2016/11/17,44,22
2016/11/18,29,16
2016/11/19,20,12
2016/11/20,16,17
2016/11/21,33,17
2016/11/22,32,10
2016/11/23,30,18
2016/11/24,34,11
2016/11/25,44,10
2016/11/26,23,10
2016/11/27,33,8
2016/11/28,14,21
2016/11/29,25,28
2016/11/30,39,29
2016/12/1,44,16
2016/12/2,22,16
2016/12/3,21,17
2016/12/4,27,24
2016/12/5,48,26
2016/12/6,55,23
2016/12/7,53,18
2016/12/8,29,44
2016/12/9,67,30
2016/12/10,44,24
2016/12/11,34,27
2016/12/12,36,12
2016/12/13,20,30
2016/12/14,61,20
2016/12/15,49,17
2016/12/16,32,22
2016/12/17,39,25
2016/12/18,49,15
2016/12/19,50,19
2016/12/20,49,18
2016/12/21,42,16
2016/12/22,35,17
2016/12/23,38,16
2016/12/24,35,14
2016/12/25,47,17
2016/12/26,39,7
2016/12/27,21,9
2016/12/28,13,22
2016/12/29,18,27
2016/12/30,27,26
2016/12/31,38,25
2017/1/1,65,29
2016/7/1,19,8
2016/7/2,19,3
2016/7/3,8,8
2016/7/4,15,9
2016/7/5,16,7
2016/7/6,13,8
2016/7/7,25,8
2016/7/8,22,6
2016/7/9,24,5
2016/7/10,17,9
2016/7/11,26,8
2016/7/12,22,7
2016/7/13,16,4
2016/7/14,8,5
2016/7/15,10,3
2016/7/16,11,5
2016/7/17,13,8
2016/7/18,13,9
2016/7/19,17,7
2016/7/20,21,8
2016/7/21,24,7
2016/7/22,19,5
2016/7/23,18,5
2016/7/24,22,10
2016/7/25,19,8
2016/7/26,19,10
2016/7/27,23,11
2016/7/28,20,9
2016/7/29,18,6
2016/7/30,17,5
2016/7/31,11,11
2016/8/1,18,8
2016/8/2,19,8
2016/8/3,21,10
2016/8/4,23,6
2016/8/5,24,2
2016/8/6,8,6
2016/8/7,15,9
2016/8/8,18,8
2016/8/9,16,8
2016/8/10,10,7
2016/8/11,15,8
2016/8/16,13,7
2016/8/17,17,9
2016/8/18,20,9
2016/8/19,16,5
2016/8/20,15,3
2016/8/21,11,8
2016/8/22,11,9
2016/8/23,16,10
2016/8/24,17,8
2016/8/25,21,9
2016/8/26,19,8
2016/8/27,23,5
2016/8/28,29,12
2016/8/29,21,12
2016/8/30,18,9
2016/8/31,19,9
2016/9/1,19,12
2016/9/2,22,9
2016/9/3,18,7
2016/9/4,17,7
2016/9/5,9,10
2016/9/6,12,11
2016/9/7,21,12
2016/9/8,28,12
2016/9/9,26,9
2016/9/10,26,5
2016/9/11,25,12
2016/9/12,35,9
2016/9/13,33,9
2016/9/14,29,7
2016/9/15,30,
2016/9/16,23,
2016/9/17,11,
2016/9/18,10,7
2016/9/19,9,7
2016/9/20,13,10
2016/9/21,18,11
2016/9/22,18,12
2016/9/23,18,11
2016/9/24,17,9
2016/9/25,15,13
2016/9/26,24,14
2016/9/27,26,15
2016/9/28,28,15
2016/9/29,27,15
2016/9/30,25,14
2016/4/1,37,9
2016/4/2,19,11
2016/4/3,32,16
2016/4/4,41,15
2016/4/5,67,13
2016/4/6,60,12
2016/4/7,23,13
2016/4/8,29,7
2016/4/9,12,5
2016/4/10,14,10
2016/4/11,21,12
2016/4/12,23,11
2016/4/13,25,13
2016/4/14,12,14
2016/4/15,18,8
2016/4/16,13,5
2016/4/17,17,13
2016/4/18,16,10
2016/4/19,13,14
2016/4/20,21,12
2016/4/21,23,13
2016/4/22,24,8
2016/4/23,20,3
2016/4/24,11,8
2016/4/25,12,11
2016/4/26,16,14
2016/4/27,11,16
2016/4/28,19,13
2016/4/29,16,10
2016/4/30,17,6
2016/5/1,21,12
2016/5/2,12,9
2016/5/3,16,7
2016/5/4,8,5
2016/5/5,12,12
2016/5/6,20,9
2016/5/7,19,5
2016/5/8,14,12
2016/5/9,18,14
2016/5/10,27,14
2016/5/11,27,16
2016/5/12,23,9
2016/5/13,12,9
2016/5/14,9,4
2016/5/15,14,5
2016/5/16,12,11
2016/5/17,15,11
2016/5/18,18,11
2016/5/19,17,12
2016/5/20,16,11
2016/5/21,17,7
2016/5/22,18,9
2016/5/23,22,6
2016/5/24,8,10
2016/5/25,16,5
2016/5/26,16,8
2016/5/27,18,6
2016/5/28,20,4
2016/5/29,23,9
2016/5/30,16,10
2016/5/31,15,8
2016/6/1,13,12
2016/6/2,18,10
2016/6/3,16,7
2016/6/4,18,7
2016/6/5,15,9
2016/6/6,20,11
2016/6/7,22,12
2016/6/8,21,11
2016/6/9,19,10
2016/6/10,14,6
2016/6/11,14,6
2016/6/12,13,9
2016/6/13,14,9
2016/6/14,11,7
2016/6/15,14,8
2016/6/16,19,6
2016/6/17,21,5
2016/6/18,12,4
2016/6/19,10,11
2016/6/20,12,9
2016/6/21,16,10
2016/6/22,20,10
2016/6/23,25,10
2016/6/24,38,6
2016/6/25,35,4
2016/6/26,13,8
2016/6/27,13,8
2016/6/28,13,10
2016/6/29,15,12
2016/6/30,22,11
2016/1/4,49,19
2016/1/5,66,21
2016/1/6,78,30
2016/1/7,53,27
2016/1/8,52,21
2016/1/9,54,16
2016/1/10,38,17
2016/1/11,17,21
2016/1/12,19,17
2016/1/13,19,24
2016/1/14,41,24
2016/1/15,45,15
2016/1/16,22,12
2016/1/17,20,17
2016/1/18,30,23
2016/1/19,49,26
2016/1/20,58,27
2016/1/21,46,20
2016/1/22,44,21
2016/1/23,54,26
2016/1/24,54,31
2016/1/25,60,33
2016/1/26,56,29
2016/1/27,58,27
2016/1/28,52,29
2016/1/29,51,20
2016/1/30,44,12
2016/1/31,21,22
2016/2/1,42,21
2016/2/2,43,22
2016/2/3,30,16
2016/2/4,22,16
2016/2/5,24,22
2016/2/6,35,17
2016/2/7,24,22
2016/2/8,26,16
2016/2/9,21,26
2016/2/10,30,23
2016/2/11,29,20
2016/2/12,25,14
2016/2/13,23,15
2016/2/14,26,21
2016/2/15,27,19
2016/2/16,34,16
2016/2/17,17,20
2016/2/18,22,16
2016/2/19,16,13
2016/2/20,23,16
2016/2/21,27,21
2016/2/22,40,21
2016/2/23,43,15
2016/2/24,23,13
2016/2/25,24,13
2016/2/26,28,10
2016/2/27,28,14
2016/2/28,47,17
2016/2/29,27,10
2016/3/1,14,21
2016/3/2,34,14
2016/3/3,11,11
2016/3/4,18,14
2016/3/5,19,6
2016/3/6,12,15
2016/3/7,12,16
2016/3/8,17,15
2016/3/9,29,15
2016/3/10,31,17
2016/3/11,27,12
2016/3/12,25,10
2016/3/13,18,17
2016/3/14,27,20
2016/3/15,29,14
2016/3/16,23,17
2016/3/17,34,20
2016/3/18,37,14
2016/3/19,34,9
2016/3/20,29,11
2016/3/21,38,12
2016/3/22,30,11
2016/3/23,19,12
2016/3/24,19,15
2016/3/25,24,10
2016/3/26,35,11
2016/3/27,38,9
2016/3/28,21,13
2016/3/29,23,14
2016/3/30,28,11
2016/3/31,19,16
2015/10/1,25,14
2015/10/2,26,11
2015/10/3,31,8
2015/10/4,21,14
2015/10/5,21,15
2015/10/6,30,14
2015/10/7,16,13
2015/10/8,14,11
2015/10/9,26,7
2015/10/10,28,8
2015/10/11,10,10
2015/10/12,34,12
2015/10/13,39,11
2015/10/14,13,14
2015/10/15,11,14
2015/10/16,17,9
2015/10/17,17,7
2015/10/18,22,11
2015/10/19,16,12
2015/10/20,21,16
2015/10/21,28,15
2015/10/22,25,17
2015/10/23,33,11
2015/10/24,27,12
2015/10/25,28,10
2015/10/26,28,15
2015/10/27,46,13
2015/10/28,52,11
2015/10/29,55,14
2015/10/30,47,9
2015/10/31,40,
2015/11/2,39,22
2015/11/3,43,26
2015/11/4,54,25
2015/11/5,56,28
2015/11/6,48,22
2015/11/7,41,17
2015/11/8,30,22
2015/11/9,39,23
2015/11/10,37,27
2015/11/11,33,24
2015/11/12,33,21
2015/11/13,39,16
2015/11/14,41,11
2015/11/15,37,31
2015/11/16,44,23
2015/11/17,44,23
2015/11/18,42,26
2015/11/19,39,20
2015/11/20,33,13
2015/11/21,16,14
2015/11/22,22,18
2015/11/23,29,19
2015/11/24,29,18
2015/11/25,32,19
2015/11/26,34,22
2015/11/27,32,17
2015/11/28,35,18
2015/11/29,42,27
2015/11/30,42,30
2015/12/1,53,18
2015/12/2,40,17
2015/12/3,43,17
2015/12/4,39,19
2015/12/5,41,14
2015/12/6,34,24
2015/12/7,41,12
2015/12/8,29,17
2015/12/9,31,21
2015/12/10,31,25
2015/12/11,40,26
2015/12/12,56,24
2015/12/13,46,24
2015/12/14,38,21
2015/12/15,48,23
2015/12/16,55,17
2015/12/17,44,16
2015/12/18,35,20
2015/12/19,47,13
2015/12/20,26,16
2015/12/21,25,22
2015/12/22,40,26
2015/12/23,41,19
2015/12/24,40,19
2015/12/25,41,18
2015/12/26,36,21
2015/12/27,36,25
2015/12/28,43,17
2015/12/29,53,11
2015/12/30,28,
2015/7/1,22,14
2015/7/2,26,11
2015/7/3,25,7
2015/7/4,23,7
2015/7/5,20,12
2015/7/6,23,11
2015/7/7,31,11
2015/7/8,22,7
2015/7/9,11,9
2015/7/10,12,5
2015/7/11,15,6
2015/7/12,16,11
2015/7/13,21,9
2015/7/14,14,11
2015/7/15,21,9
2015/7/16,24,11
2015/7/17,28,7
2015/7/18,15,5
2015/7/19,20,10
2015/7/20,17,11
2015/7/21,27,13
2015/7/22,30,13
2015/7/23,31,10
2015/7/24,19,6
2015/7/25,14,5
2015/7/26,10,10
2015/7/27,19,9
2015/7/28,18,11
2015/7/29,13,10
2015/7/30,12,11
2015/7/31,15,7
2015/8/1,16,5
2015/8/2,18,12
2015/8/3,24,11
2015/8/4,32,10
2015/8/5,40,12
2015/8/6,44,12
2015/8/7,43,8
2015/8/8,39,7
2015/8/9,36,11
2015/8/10,40,11
2015/8/11,39,15
2015/8/12,40,16
2015/8/13,40,16
2015/8/14,40,5
2015/8/15,27,6
2015/8/16,17,9
2015/8/17,8,7
2015/8/18,9,10
2015/8/19,16,11
2015/8/20,19,11
2015/8/21,26,8
2015/8/22,19,6
2015/8/23,21,7
2015/8/24,22,10
2015/8/25,14,10
2015/8/26,13,12
2015/8/27,21,10
2015/8/28,26,11
2015/8/29,21,11
2015/8/30,27,14
2015/8/31,35,18
2015/9/1,28,14
2015/9/2,23,11
2015/9/3,18,10
2015/9/4,15,6
2015/9/5,11,5
2015/9/6,10,9
2015/9/7,10,10
2015/9/8,14,10
2015/9/9,17,11
2015/9/10,23,10
2015/9/11,20,9
2015/9/12,17,7
2015/9/13,22,16
2015/9/14,22,14
2015/9/15,34,13
2015/9/16,26,19
2015/9/17,40,13
2015/9/18,27,9
2015/9/19,17,6
2015/9/20,10,13
2015/9/21,15,14
2015/9/22,20,12
2015/9/23,19,6
2015/9/24,9,8
2015/9/25,11,9
2015/9/26,13,3
2015/9/27,13,13
2015/9/28,16,14
2015/9/29,24,15
2015/9/30,30,14
2015/4/1,7,9
2015/4/2,8,5
2015/4/3,9,7
2015/4/4,17,4
2015/4/5,17,5
2015/4/6,11,7
2015/4/7,11,11
2015/4/8,16,14
2015/4/9,36,13
2015/4/10,33,13
2015/4/11,29,8
2015/4/12,19,11
2015/4/13,17,11
2015/4/14,18,17
2015/4/15,23,17
2015/4/16,24,15
2015/4/17,24,5
2015/4/18,12,8
2015/4/19,14,10
2015/4/20,17,12
2015/4/21,21,14
2015/4/22,25,15
2015/4/23,24,12
2015/4/24,23,9
2015/4/25,21,8
2015/4/26,19,8
2015/4/27,22,13
2015/4/28,23,9
2015/4/29,16,11
2015/4/30,16,6
2015/5/1,13,6
2015/5/2,10,6
2015/5/3,15,12
2015/5/4,21,14
2015/5/5,28,12
2015/5/6,27,10
2015/5/7,13,11
2015/5/8,18,9
2015/5/9,15,6
2015/5/10,14,14
2015/5/11,20,13
2015/5/12,20,16
2015/5/13,30,5
2015/5/14,15,9
2015/5/15,19,8
2015/5/16,20,8
2015/5/17,18,13
2015/5/18,25,10
2015/5/19,22,8
2015/5/20,16,9
2015/5/21,11,14
2015/5/22,16,8
2015/5/23,9,6
2015/5/24,9,5
2015/5/25,12,9
2015/5/26,14,6
2015/5/27,11,10
2015/5/28,18,11
2015/5/29,19,7
2015/5/30,17,4
2015/5/31,19,9
2015/6/1,19,9
2015/6/2,19,15
2015/6/3,23,7
2015/6/4,19,9
2015/6/5,24,7
2015/6/6,23,6
2015/6/7,23,12
2015/6/8,26,11
2015/6/9,31,9
2015/6/10,20,10
2015/6/11,31,10
2015/6/12,28,6
2015/6/13,27,5
2015/6/14,22,10
2015/6/15,22,10
2015/6/16,13,8
2015/6/17,17,10
2015/6/18,17,8
2015/6/19,15,7
2015/6/20,11,5
2015/6/21,9,11
2015/6/22,15,11
2015/6/23,9,8
2015/6/24,12,9
2015/6/25,13,11
2015/6/26,16,10
2015/6/27,18,6
2015/6/28,14,11
2015/6/29,17,12
2015/6/30,20,11
2015/1/1,88,28
2015/1/2,60,22
2015/1/3,43,7
2015/1/4,22,13
2015/1/5,12,15
2015/1/6,27,17
2015/1/7,43,22
2015/1/8,60,28
2015/1/9,70,21
2015/1/10,42,13
2015/1/11,17,24
2015/1/12,35,26
2015/1/13,45,27
2015/1/14,37,23
2015/1/15,29,16
2015/1/16,34,12
2015/1/17,31,10
2015/1/18,20,17
2015/1/19,43,15
2015/1/20,43,17
2015/1/21,49,15
2015/1/22,43,12
2015/1/23,27,9
2015/1/24,13,5
2015/1/25,9,20
2015/1/26,31,23
2015/1/27,47,26
2015/1/28,42,24
2015/1/29,35,17
2015/1/30,20,22
2015/1/31,21,18
2015/2/1,22,28
2015/2/2,35,23
2015/2/3,39,25
2015/2/4,47,23
2015/2/5,35,19
2015/2/6,41,19
2015/2/7,46,15
2015/2/8,36,11
2015/2/9,14,14
2015/2/10,28,18
2015/2/11,47,16
2015/2/12,45,18
2015/2/13,48,16
2015/2/14,54,19
2015/2/15,54,25
2015/2/16,66,17
2015/2/17,53,11
2015/2/18,40,19
2015/2/19,51,25
2015/2/20,51,16
2015/2/21,41,15
2015/2/22,25,16
2015/2/23,36,14
2015/2/24,24,6
2015/2/25,9,11
2015/2/26,17,13
2015/2/27,34,12
2015/2/28,31,13
2015/3/1,33,20
2015/3/2,34,15
2015/3/3,20,14
2015/3/4,20,9
2015/3/5,15,13
2015/3/6,21,17
2015/3/7,29,15
2015/3/8,28,20
2015/3/9,35,21
2015/3/10,42,19
2015/3/11,35,5
2015/3/12,15,8
2015/3/13,21,13
2015/3/14,33,9
2015/3/15,45,18
2015/3/16,52,18
2015/3/17,53,18
2015/3/18,47,18
2015/3/19,45,19
2015/3/20,48,17
2015/3/21,42,12
2015/3/22,46,20
2015/3/23,49,17
2015/3/24,52,17
2015/3/25,41,13
2015/3/26,32,7
2015/3/27,13,6
2015/3/28,13,10
2015/3/29,19,10
2015/3/30,18,9
2015/3/31,10,5
2014/10/1,30,16
2014/10/2,22,18
2014/10/3,28,9
2014/10/4,37,7
2014/10/5,38,11
2014/10/6,46,13
2014/10/7,54,14
2014/10/8,37,13
2014/10/9,24,14
2014/10/10,24,13
2014/10/11,27,10
2014/10/12,26,11
2014/10/13,30,14
2014/10/14,24,15
2014/10/15,27,
2014/10/17,21,12
2014/10/18,18,10
2014/10/19,18,17
2014/10/20,32,12
2014/10/21,26,12
2014/10/22,15,13
2014/10/23,14,7
2014/10/24,13,6
2014/10/25,27,8
2014/10/26,24,12
2014/10/27,34,11
2014/10/28,34,22
2014/10/29,46,19
2014/10/30,53,17
2014/10/31,47,14
2014/11/1,45,12
2014/11/2,38,15
2014/11/3,47,15
2014/11/4,30,21
2014/11/5,35,17
2014/11/6,29,14
2014/11/7,31,13
2014/11/8,15,9
2014/11/9,20,15
2014/11/10,29,16
2014/11/11,32,14
2014/11/12,45,12
2014/11/13,44,14
2014/11/14,48,10
2014/11/15,28,9
2014/11/16,29,12
2014/11/17,27,15
2014/11/18,21,14
2014/11/19,24,17
2014/11/20,28,16
2014/11/21,26,13
2014/11/22,32,11
2014/11/23,45,12
2014/11/24,33,13
2014/11/25,45,13
2014/11/26,41,12
2014/11/27,55,11
2014/11/28,44,9
2014/11/29,19,8
2014/11/30,14,9
2014/12/1,11,10
2014/12/2,12,13
2014/12/3,14,14
2014/12/4,17,15
2014/12/5,24,12
2014/12/6,20,10
2014/12/7,7,11
2014/12/8,17,12
2014/12/9,18,19
2014/12/10,31,23
2014/12/11,51,24
2014/12/12,47,23
2014/12/13,39,19
2014/12/14,37,25
2014/12/15,50,21
2014/12/16,46,20
2014/12/17,44,18
2014/12/18,44,22
2014/12/19,51,19
2014/12/20,35,16
2014/12/21,18,26
2014/12/22,39,29
2014/12/23,45,24
2014/12/24,38,19
2014/12/25,33,13
2014/12/26,19,14
2014/12/27,27,8
2014/12/28,17,
2014/7/1,16,11
2014/7/2,17,9
2014/7/3,13,12
2014/7/4,20,7
2014/7/5,20,7
2014/7/6,15,11
2014/7/7,20,10
2014/7/8,21,9
2014/7/9,12,11
2014/7/10,11,8
2014/7/11,9,7
2014/7/12,13,5
2014/7/13,13,10
2014/7/14,16,12
2014/7/15,15,9
2014/7/16,17,10
2014/7/17,19,11
2014/7/18,22,10
2014/7/19,24,6
2014/7/20,25,10
2014/7/21,22,13
2014/7/22,19,6
2014/7/23,14,10
2014/7/24,20,9
2014/7/25,18,6
2014/7/26,22,7
2014/7/27,19,10
2014/7/28,25,8
2014/7/29,22,10
2014/7/30,19,10
2014/7/31,25,9
2014/8/1,18,7
2014/8/2,22,4
2014/8/3,24,9
2014/8/4,18,11
2014/8/5,17,8
2014/8/6,17,11
2014/8/7,21,11
2014/8/8,21,7
2014/8/9,19,5
2014/8/10,14,8
2014/8/11,17,11
2014/8/12,11,11
2014/8/13,15,10
2014/8/14,14,6
2014/8/15,12,6
2014/8/16,11,4
2014/8/17,8,11
2014/8/18,21,11
2014/8/19,24,11
2014/8/20,20,9
2014/8/21,13,9
2014/8/22,18,7
2014/8/23,16,6
2014/8/24,11,9
2014/8/25,13,12
2014/8/26,22,7
2014/8/27,17,10
2014/8/28,15,11
2014/8/29,20,8
2014/8/30,20,5
2014/8/31,15,6
2014/9/1,6,6
2014/9/2,6,10
2014/9/3,15,14
2014/9/4,38,11
2014/9/5,39,9
2014/9/6,22,6
2014/9/7,24,11
2014/9/8,29,12
2014/9/9,27,15
2014/9/10,24,13
2014/9/11,18,12
2014/9/12,11,9
2014/9/13,9,9
2014/9/14,11,12
2014/9/15,22,10
2014/9/16,21,13
2014/9/17,25,13
2014/9/18,32,11
2014/9/19,36,9
2014/9/20,28,5
2014/9/21,11,9
2014/9/22,23,9
2014/9/23,15,12
2014/9/24,23,15
2014/9/25,24,14
2014/9/26,22,11
2014/9/27,18,7
2014/9/28,15,13
2014/9/29,25,12
2014/9/30,25,7
2014/4/1,43,17
2014/4/2,51,21
2014/4/3,50,17
2014/4/4,44,11
2014/4/5,41,9
2014/4/6,32,13
2014/4/7,31,15
2014/4/8,32,8
2014/4/9,12,13
2014/4/10,18,11
2014/4/11,18,11
2014/4/12,20,10
2014/4/13,20,12
2014/4/14,21,5
2014/4/15,10,6
2014/4/16,8,7
2014/4/17,12,11
2014/4/18,16,10
2014/4/19,19,
2014/4/22,23,12
2014/4/23,18,15
2014/4/24,28,15
2014/4/25,27,9
2014/4/26,27,7
2014/4/27,31,11
2014/4/28,25,16
2014/4/29,26,17
2014/4/30,27,8
2014/5/1,19,11
2014/5/2,22,7
2014/5/3,11,2
2014/5/4,9,12
2014/5/5,20,11
2014/5/6,24,15
2014/5/7,29,13
2014/5/8,25,13
2014/5/9,18,3
2014/5/10,8,
2014/5/12,11,11
2014/5/13,8,6
2014/5/14,10,2
2014/5/15,10,5
2014/5/16,7,8
2014/5/17,7,7
2014/5/18,12,12
2014/5/19,18,15
2014/5/20,19,12
2014/5/21,23,16
2014/5/22,33,9
2014/5/23,41,7
2014/5/24,31,5
2014/5/25,16,11
2014/5/26,20,8
2014/5/27,17,11
2014/5/28,8,7
2014/5/29,9,6
2014/5/30,9,6
2014/5/31,10,3
2014/6/1,10,9
2014/6/2,18,14
2014/6/3,22,10
2014/6/4,16,14
2014/6/5,19,12
2014/6/6,17,10
2014/6/7,20,7
2014/6/8,20,7
2014/6/9,20,14
2014/6/10,25,15
2014/6/11,27,17
2014/6/12,32,11
2014/6/13,27,8
2014/6/14,20,5
2014/6/15,12,9
2014/6/16,15,12
2014/6/17,21,13
2014/6/18,21,8
2014/6/19,19,9
2014/6/20,14,7
2014/6/21,11,5
2014/6/22,14,12
2014/6/23,20,11
2014/6/24,18,12
2014/6/25,18,12
2014/6/26,15,10
2014/6/27,16,7
2014/6/28,16,5
2014/6/29,16,8
2014/6/30,8,11
2014/2/4,43,18
2014/2/5,60,30
2014/2/6,59,26
2014/2/7,23,17
2014/2/8,21,14
2014/2/9,17,24
2014/2/10,33,8
2014/2/11,25,
2014/2/12,24,27
2014/2/13,43,15
2014/2/14,36,18
2014/2/15,32,12
2014/2/16,18,25
2014/2/17,16,17
2014/2/18,27,22
2014/2/19,37,20
2014/2/20,31,16
2014/2/21,41,13
2014/2/22,16,16
2014/2/23,26,19
2014/2/24,37,18
2014/2/25,47,20
2014/2/26,47,16
2014/2/27,50,19
2014/2/28,42,13
2014/3/1,22,9
2014/3/2,33,17
2014/3/3,36,12
2014/3/4,24,13
2014/3/5,31,13
2014/3/6,32,16
2014/3/7,50,13
2014/3/8,48,15
2014/3/9,38,16
2014/3/10,42,21
2014/3/11,38,24
2014/3/12,48,24
2014/3/13,52,26
2014/3/14,52,17
2014/3/15,38,6
2014/3/16,10,18
2014/3/17,22,18
2014/3/18,37,12
2014/3/19,24,20
2014/3/20,28,22
2014/3/21,38,7
2014/3/22,23,8
2014/3/23,19,10
2014/3/24,14,13
2014/3/25,18,13
2014/3/26,25,14
2014/3/27,31,16
2014/3/28,28,13
2014/3/29,26,12
2014/3/30,32,21
2014/3/31,45,14
2023/4/6,,6
2023/1/15,,17
2022/5/28,,4
2020/10/17,,8
2020/3/31,,6
2019/12/31,,15
2018/12/31,,15
2018/9/2,,9
2018/9/16,,14
2017/12/31,,20
2017/12/26,,24
2017/9/10,,10
2016/8/12,,6
2016/8/13,,6
2016/8/14,,4
2016/8/15,,7
2016/1/3,,11
2015/11/1,,20
2014/12/31,,21
2014/10/16,,14
2014/4/21,,16
2014/5/11,,10
2014/2/3,,17