date,pm10,no2,co
2023/5/1,12,6,
2023/5/2,12,8,
2023/5/3,14,5,
2023/5/4,13,6,
2023/5/5,16,5,
2023/5/6,14,2,
2023/5/7,10,3,
2023/5/8,17,3,
2023/5/9,13,4,
2023/5/10,13,4,
2023/5/11,11,2,
2023/5/12,2,1,
2023/5/13,6,3,
2023/5/14,6,3,
2023/5/15,5,7,
2023/5/16,7,4,
2023/5/17,5,1,
2023/5/18,4,3,
2023/5/19,12,,
2023/5/20,11,,
2023/5/21,14,,
2023/5/22,16,5,
2023/5/23,19,,
2023/5/24,7,,
2023/5/25,7,,
2023/4/1,8,4,
2023/4/2,6,2,
2023/4/3,6,,
2023/4/7,23,4,
2023/4/8,19,5,
2023/4/9,11,4,
2023/4/10,12,12,
2023/4/11,27,8,
2023/4/12,14,8,
2023/4/13,11,5,
2023/4/14,7,5,
2023/4/15,7,4,
2023/4/16,8,4,
2023/4/17,8,7,
2023/4/18,15,5,
2023/4/19,13,7,
2023/4/20,11,8,
2023/4/21,17,5,
2023/4/22,17,3,
2023/4/23,15,7,
2023/4/24,10,5,
2023/4/25,11,6,
2023/4/26,9,4,
2023/4/27,15,8,
2023/4/28,20,4,
2023/4/29,11,4,
2023/4/30,9,4,
2023/1/2,26,13,
2023/1/3,27,12,
2023/1/4,18,14,
2023/1/5,27,12,
2023/1/6,14,12,
2023/1/7,18,12,
2023/1/8,21,16,
2023/1/9,12,7,
2023/1/10,7,22,
2023/1/11,32,19,
2023/1/12,32,19,
2023/1/13,35,16,
2023/1/14,19,,
2023/1/16,7,11,
2023/1/17,11,14,
2023/1/18,14,10,
2023/1/19,10,11,
2023/1/20,14,6,
2023/1/21,6,8,
2023/1/22,9,17,
2023/1/23,15,15,
2023/1/24,11,11,
2023/1/25,15,9,
2023/1/26,20,10,
2023/1/27,13,10,
2023/1/28,22,7,
2023/1/29,18,13,
2023/1/30,19,13,
2023/1/31,14,19,
2023/2/1,21,10,
2023/2/2,5,13,
2023/2/3,13,4,
2023/2/4,7,6,
2023/2/5,8,13,
2023/2/6,22,16,
2023/2/7,28,11,
2023/2/8,23,14,
2023/2/9,24,20,
2023/2/10,36,21,
2023/2/11,35,15,
2023/2/12,19,15,
2023/2/13,18,16,
2023/2/14,27,15,
2023/2/15,35,20,
2023/2/16,42,26,
2023/2/17,39,17,
2023/2/18,24,9,
2023/2/19,18,13,
2023/2/20,18,14,
2023/2/21,19,11,
2023/2/22,19,17,
2023/2/23,35,15,
2023/2/24,40,6,
2023/2/25,11,3,
2023/2/26,8,5,
2023/2/27,11,7,
2023/2/28,20,11,
2023/3/1,26,11,
2023/3/2,24,13,
2023/3/3,30,9,
2023/3/4,23,5,
2023/3/5,22,5,
2023/3/6,19,9,
2023/3/7,25,11,
2023/3/8,26,11,
2023/3/9,15,12,
2023/3/10,18,4,
2023/3/11,8,4,
2023/3/12,10,15,
2023/3/13,24,10,
2023/3/14,15,4,
2023/3/15,7,7,
2023/3/16,11,9,
2023/3/17,20,7,
2023/3/18,22,9,
2023/3/19,26,14,
2023/3/20,28,10,
2023/3/21,19,11,
2023/3/22,22,14,
2023/3/23,31,13,
2023/3/24,29,5,
2023/3/25,8,5,
2023/3/26,9,4,
2023/3/27,8,3,
2023/3/28,7,11,
2023/3/29,16,15,
2023/3/30,29,7,
2023/3/31,12,4,
2022/10/1,8,5,
2022/10/2,6,9,
2022/10/3,9,9,
2022/10/4,13,11,
2022/10/5,21,11,
2022/10/6,20,9,
2022/10/7,22,8,
2022/10/8,23,6,
2022/10/9,13,9,
2022/10/10,19,9,
2022/10/11,25,8,
2022/10/12,25,9,
2022/10/13,33,10,
2022/10/14,39,10,
2022/10/15,40,7,
2022/10/16,31,10,
2022/10/17,33,13,
2022/10/18,38,7,
2022/10/19,22,7,
2022/10/20,15,11,
2022/10/21,29,11,
2022/10/22,21,8,
2022/10/23,11,10,
2022/10/24,23,11,
2022/10/25,13,9,
2022/10/26,15,11,
2022/10/27,24,13,
2022/10/28,24,10,
2022/10/29,18,9,
2022/10/30,21,9,
2022/10/31,26,7,
2022/11/1,14,12,
2022/11/2,20,7,
2022/11/3,14,8,
2022/11/4,12,7,
2022/11/5,3,8,
2022/11/6,8,13,
2022/11/7,15,13,
2022/11/8,20,10,
2022/11/9,24,11,
2022/11/10,33,15,
2022/11/11,34,13,
2022/11/12,23,10,
2022/11/13,17,14,
2022/11/14,34,10,
2022/11/15,33,10,
2022/11/16,18,12,
2022/11/17,22,10,
2022/11/18,19,10,
2022/11/19,12,9,
2022/11/20,12,12,
2022/11/21,19,12,
2022/11/22,16,13,
2022/11/23,11,15,
2022/11/24,24,16,
2022/11/25,24,15,
2022/11/26,21,12,
2022/11/27,15,14,
2022/11/28,28,8,
2022/11/29,31,12,
2022/11/30,18,14,
2022/12/1,10,12,
2022/12/2,24,9,
2022/12/3,24,8,
2022/12/4,15,9,
2022/12/5,15,12,
2022/12/6,12,14,
2022/12/7,23,9,
2022/12/8,22,12,
2022/12/9,22,10,
2022/12/10,15,4,
2022/12/11,5,12,
2022/12/12,15,17,
2022/12/13,21,17,
2022/12/14,33,18,
2022/12/15,47,15,
2022/12/16,43,14,
2022/12/17,26,11,
2022/12/18,19,13,
2022/12/19,31,12,
2022/12/20,32,12,
2022/12/21,35,14,
2022/12/22,38,17,
2022/12/23,26,14,
2022/12/24,19,13,
2022/12/25,22,12,
2022/12/26,23,13,
2022/12/27,18,13,
2022/12/28,19,16,
2022/12/29,32,17,
2022/12/30,29,17,
2022/12/31,30,13,
2023/1/1,57,15,
2022/7/1,22,2,
2022/7/2,4,3,
2022/7/3,10,7,
2022/7/4,14,5,
2022/7/5,8,7,
2022/7/6,13,7,
2022/7/7,13,5,
2022/7/8,8,4,
2022/7/9,6,,
2022/7/10,6,3,
2022/7/11,8,6,
2022/7/12,9,8,
2022/7/13,11,9,
2022/7/14,16,6,
2022/7/15,15,3,
2022/7/16,14,3,
2022/7/17,13,6,
2022/7/18,17,5,
2022/7/19,17,6,
2022/7/20,18,8,
2022/7/21,21,5,
2022/7/22,24,5,
2022/7/23,20,2,
2022/7/24,12,5,
2022/7/25,18,4,
2022/7/26,11,6,
2022/7/27,13,5,
2022/7/28,15,6,
2022/7/29,19,4,
2022/7/30,7,4,
2022/7/31,12,8,
2022/8/1,16,4,
2022/8/2,14,5,
2022/8/3,12,5,
2022/8/4,14,7,
2022/8/5,19,3,
2022/8/6,12,1,
2022/8/7,8,5,
2022/8/8,15,4,
2022/8/9,12,5,
2022/8/10,14,5,
2022/8/11,16,4,
2022/8/12,12,5,
2022/8/13,11,2,
2022/8/14,12,5,
2022/8/15,12,5,
2022/8/16,11,8,
2022/8/17,17,8,
2022/8/18,22,7,
2022/8/19,15,5,
2022/8/20,8,,
2022/8/21,5,,
2022/8/22,7,,
2022/8/23,7,6,
2022/8/24,10,7,
2022/8/25,17,7,
2022/8/26,25,6,
2022/8/27,21,3,
2022/8/28,10,7,
2022/8/29,10,5,
2022/8/30,13,8,
2022/8/31,16,5,
2022/9/1,12,4,
2022/9/2,12,4,
2022/9/3,14,3,
2022/9/4,9,6,
2022/9/5,16,5,
2022/9/6,18,6,
2022/9/7,12,6,
2022/9/8,11,9,
2022/9/9,12,5,
2022/9/10,9,6,
2022/9/11,7,7,
2022/9/12,10,7,
2022/9/13,14,9,
2022/9/14,20,9,
2022/9/15,10,8,
2022/9/16,6,6,
2022/9/17,6,5,
2022/9/18,5,6,
2022/9/19,6,7,
2022/9/20,7,7,
2022/9/21,8,8,
2022/9/22,10,9,
2022/9/23,10,8,
2022/9/24,13,7,
2022/9/25,9,9,
2022/9/26,9,9,
2022/9/27,8,6,
2022/9/28,8,8,
2022/9/29,6,7,
2022/9/30,6,5,
2022/4/1,6,,
2022/4/2,9,3,
2022/4/3,9,1,
2022/4/4,14,15,
2022/4/5,21,5,
2022/4/6,14,10,
2022/4/7,16,7,
2022/4/8,16,4,
2022/4/9,4,3,
2022/4/10,3,6,
2022/4/11,8,9,
2022/4/12,14,10,
2022/4/13,20,9,
2022/4/14,22,13,
2022/4/15,25,3,
2022/4/16,5,2,
2022/4/17,6,4,
2022/4/18,7,7,
2022/4/19,6,7,
2022/4/20,11,7,
2022/4/21,14,8,
2022/4/22,10,8,
2022/4/23,21,4,
2022/4/24,11,8,
2022/4/25,8,7,
2022/4/26,11,9,
2022/4/27,6,9,
2022/4/28,13,8,
2022/4/29,13,8,
2022/4/30,14,8,
2022/5/1,11,9,
2022/5/2,10,8,
2022/5/3,12,9,
2022/5/4,19,7,
2022/5/5,11,11,
2022/5/6,13,8,
2022/5/7,8,6,
2022/5/8,11,7,
2022/5/9,13,6,
2022/5/10,15,9,
2022/5/11,17,10,
2022/5/12,22,8,
2022/5/13,15,5,
2022/5/14,14,4,
2022/5/15,13,7,
2022/5/16,16,6,
2022/5/17,8,3,
2022/5/18,11,6,
2022/5/19,14,10,
2022/5/20,20,4,
2022/5/21,12,2,
2022/5/22,10,3,
2022/5/23,12,5,
2022/5/24,11,6,
2022/5/25,8,5,
2022/5/26,9,5,
2022/5/27,12,4,
2022/5/28,6,3,
2022/5/29,6,5,
2022/5/30,6,4,
2022/5/31,6,4,
2022/6/1,8,4,
2022/6/2,7,4,
2022/6/3,9,2,
2022/6/4,10,3,
2022/6/5,10,1,
2022/6/6,4,5,
2022/6/7,8,5,
2022/6/8,8,6,
2022/6/9,6,4,
2022/6/10,5,5,
2022/6/11,7,4,
2022/6/12,10,9,
2022/6/13,13,4,
2022/6/14,13,5,
2022/6/15,15,5,
2022/6/16,13,5,
2022/6/17,14,4,
2022/6/18,13,4,
2022/6/19,13,9,
2022/6/20,25,5,
2022/6/21,20,7,
2022/6/22,21,5,
2022/6/23,13,5,
2022/6/24,14,4,
2022/6/25,6,4,
2022/6/26,6,9,
2022/6/27,17,4,
2022/6/28,20,5,
2022/6/29,24,3,
2022/6/30,20,,
2022/1/3,27,19,
2022/1/4,28,13,
2022/1/5,8,8,
2022/1/6,8,13,
2022/1/7,13,16,
2022/1/8,24,17,
2022/1/9,25,17,
2022/1/10,31,11,
2022/1/11,10,17,
2022/1/12,27,23,
2022/1/13,43,29,
2022/1/14,48,17,
2022/1/15,24,15,
2022/1/16,29,12,
2022/1/17,26,12,
2022/1/18,13,17,
2022/1/19,28,17,
2022/1/20,27,4,
2022/1/21,5,8,
2022/1/22,9,12,
2022/1/23,17,13,
2022/1/24,19,12,
2022/1/25,26,,
2022/1/26,28,21,
2022/1/27,42,11,
2022/1/28,16,14,
2022/1/29,16,10,
2022/1/30,13,20,
2022/1/31,22,15,
2022/2/1,13,12,
2022/2/2,8,15,
2022/2/3,16,18,
2022/2/4,22,13,
2022/2/5,14,17,
2022/2/6,18,9,
2022/2/7,8,15,
2022/2/8,20,20,
2022/2/9,27,14,
2022/2/10,21,33,
2022/2/11,21,10,
2022/2/12,10,11,
2022/2/13,15,18,
2022/2/14,27,17,
2022/2/15,19,,
2022/2/16,14,12,
2022/2/17,17,15,
2022/2/18,20,7,
2022/2/19,10,8,
2022/2/20,13,14,
2022/2/21,18,11,
2022/2/22,12,17,
2022/2/23,14,13,
2022/2/24,14,11,
2022/2/25,10,9,
2022/2/26,9,3,
2022/2/27,9,7,
2022/2/28,12,10,
2022/3/1,16,16,
2022/3/2,21,15,
2022/3/3,21,14,
2022/3/4,24,6,
2022/3/5,12,5,
2022/3/6,16,9,
2022/3/7,22,8,
2022/3/8,12,15,
2022/3/9,19,10,
2022/3/10,19,6,
2022/3/11,19,8,
2022/3/12,20,11,
2022/3/13,23,13,
2022/3/14,27,25,
2022/3/15,42,12,
2022/3/16,25,10,
2022/3/17,26,9,
2022/3/18,31,10,
2022/3/19,29,6,
2022/3/20,25,10,
2022/3/21,21,14,
2022/3/22,24,17,
2022/3/23,27,19,
2022/3/24,32,13,
2022/3/25,29,13,
2022/3/26,30,10,
2022/3/27,22,13,
2022/3/28,27,16,
2022/3/29,37,13,
2022/3/30,31,14,
2022/3/31,16,8,
2021/10/1,12,8,
2021/10/2,19,6,
2021/10/3,19,15,
2021/10/4,14,10,
2021/10/5,16,10,
2021/10/6,10,12,
2021/10/7,4,12,
2021/10/8,19,9,
2021/10/9,24,12,
2021/10/10,20,14,
2021/10/11,20,20,
2021/10/12,26,12,
2021/10/13,9,18,
2021/10/14,16,15,
2021/10/15,15,14,
2021/10/16,16,11,
2021/10/17,13,18,
2021/10/18,23,18,
2021/10/19,27,17,
2021/10/20,27,11,
2021/10/21,15,14,
2021/10/22,12,10,
2021/10/23,10,10,
2021/10/24,13,15,
2021/10/25,17,18,
2021/10/26,23,20,
2021/10/27,27,19,
2021/10/28,26,21,
2021/10/29,39,17,
2021/10/30,34,17,
2021/10/31,35,13,
2021/11/1,22,16,
2021/11/2,10,17,
2021/11/3,15,14,
2021/11/4,12,15,
2021/11/5,15,17,
2021/11/6,13,15,
2021/11/7,16,18,
2021/11/8,17,17,
2021/11/9,14,16,
2021/11/10,23,15,
2021/11/11,27,14,
2021/11/12,13,13,
2021/11/13,10,10,
2021/11/14,9,12,
2021/11/15,22,9,
2021/11/16,25,12,
2021/11/17,31,13,
2021/11/18,31,16,
2021/11/19,24,12,
2021/11/20,20,10,
2021/11/21,22,11,
2021/11/22,22,10,
2021/11/23,21,16,
2021/11/24,25,14,
2021/11/25,34,16,
2021/11/26,22,9,
2021/11/27,10,9,
2021/11/28,11,15,
2021/11/29,14,,
2021/11/30,23,24,
2021/12/1,22,16,
2021/12/2,12,,
2021/12/3,13,,
2021/12/4,19,18,
2021/12/5,16,14,
2021/12/6,14,20,
2021/12/7,26,18,
2021/12/8,24,17,
2021/12/9,19,14,
2021/12/10,19,10,
2021/12/11,18,7,
2021/12/12,10,25,
2021/12/13,24,22,
2021/12/14,22,,
2021/12/15,29,,
2021/12/16,27,,
2021/12/17,26,,
2021/12/18,28,,
2021/12/19,28,20,
2021/12/20,26,13,
2021/12/21,18,14,
2021/12/22,22,17,
2021/12/23,32,23,
2021/12/24,43,19,
2021/12/25,31,5,
2021/12/26,8,10,
2021/12/27,13,12,
2021/12/28,23,16,
2021/12/29,16,17,
2021/12/30,21,14,
2021/12/31,24,13,
2022/1/1,35,12,
2022/1/2,21,16,
2021/7/1,7,10,
2021/7/2,10,5,
2021/7/3,10,6,
2021/7/4,11,5,
2021/7/5,11,6,
2021/7/6,13,5,
2021/7/7,16,6,
2021/7/8,23,5,
2021/7/9,16,3,
2021/7/10,7,4,
2021/7/11,9,5,
2021/7/12,13,8,
2021/7/13,25,4,
2021/7/14,17,5,
2021/7/15,10,6,
2021/7/16,11,4,
2021/7/17,8,3,
2021/7/18,9,4,
2021/7/19,16,6,
2021/7/20,12,4,
2021/7/21,16,5,
2021/7/22,17,5,
2021/7/23,16,5,
2021/7/24,16,3,
2021/7/25,12,5,
2021/7/26,20,8,
2021/7/27,20,5,
2021/7/28,21,7,
2021/7/29,10,8,
2021/7/30,16,6,
2021/7/31,8,5,
2021/8/1,3,6,
2021/8/2,7,6,
2021/8/3,8,11,
2021/8/4,9,9,
2021/8/5,6,9,
2021/8/6,8,7,
2021/8/7,9,6,
2021/8/8,8,6,
2021/8/9,7,7,
2021/8/10,9,6,
2021/8/11,10,9,
2021/8/12,14,12,
2021/8/13,19,8,
2021/8/14,19,9,
2021/8/15,20,11,
2021/8/16,16,6,
2021/8/17,5,7,
2021/8/18,10,11,
2021/8/19,12,9,
2021/8/20,12,9,
2021/8/21,12,8,
2021/8/22,12,9,
2021/8/23,6,7,
2021/8/24,7,6,
2021/8/25,11,12,
2021/8/26,14,8,
2021/8/27,7,8,
2021/8/28,7,6,
2021/8/29,3,13,
2021/8/30,7,12,
2021/8/31,9,12,
2021/9/1,10,11,
2021/9/2,13,11,
2021/9/3,15,10,
2021/9/4,12,9,
2021/9/5,12,12,
2021/9/6,18,12,
2021/9/7,20,13,
2021/9/8,21,13,
2021/9/9,21,14,
2021/9/10,21,12,
2021/9/11,23,9,
2021/9/12,13,11,
2021/9/13,18,15,
2021/9/14,21,15,
2021/9/15,27,12,
2021/9/16,18,4,
2021/9/17,7,10,
2021/9/18,9,7,
2021/9/19,10,8,
2021/9/20,7,10,
2021/9/21,14,12,
2021/9/22,13,14,
2021/9/23,17,17,
2021/9/24,18,13,
2021/9/25,16,9,
2021/9/26,15,18,
2021/9/27,19,,
2021/9/28,18,13,
2021/9/29,16,10,
2021/9/30,9,8,
2021/4/1,29,8,
2021/4/2,28,4,
2021/4/3,11,4,
2021/4/4,8,7,
2021/4/5,12,6,
2021/4/6,9,10,
2021/4/7,13,10,
2021/4/8,15,9,
2021/4/9,17,7,
2021/4/10,18,5,
2021/4/11,11,9,
2021/4/12,11,5,
2021/4/13,7,4,
2021/4/14,8,8,
2021/4/15,11,8,
2021/4/16,12,7,
2021/4/17,12,5,
2021/4/18,14,9,
2021/4/19,12,11,
2021/4/20,16,12,
2021/4/21,21,9,
2021/4/22,16,8,
2021/4/23,18,6,
2021/4/24,17,6,
2021/4/25,17,9,
2021/4/26,18,12,
2021/4/27,27,9,
2021/4/28,24,7,
2021/4/29,18,9,
2021/4/30,12,5,
2021/5/1,11,4,
2021/5/2,8,6,
2021/5/3,9,6,
2021/5/4,13,8,
2021/5/5,14,4,
2021/5/6,7,10,
2021/5/7,10,5,
2021/5/8,9,4,
2021/5/9,10,7,
2021/5/10,16,7,
2021/5/11,17,7,
2021/5/12,9,4,
2021/5/13,4,5,
2021/5/14,5,4,
2021/5/15,5,4,
2021/5/16,5,6,
2021/5/17,5,6,
2021/5/18,7,6,
2021/5/19,5,6,
2021/5/20,7,7,
2021/5/21,10,7,
2021/5/22,8,5,
2021/5/23,7,5,
2021/5/24,7,9,
2021/5/25,6,8,
2021/5/26,12,8,
2021/5/27,9,8,
2021/5/28,10,5,
2021/5/29,9,4,
2021/5/30,7,6,
2021/5/31,10,7,
2021/6/1,13,8,
2021/6/2,17,6,
2021/6/3,17,6,
2021/6/4,18,5,
2021/6/5,15,4,
2021/6/6,6,8,
2021/6/7,14,7,
2021/6/8,18,9,
2021/6/9,19,9,
2021/6/10,14,6,
2021/6/11,10,6,
2021/6/12,12,3,
2021/6/13,9,4,
2021/6/14,12,7,
2021/6/15,17,8,
2021/6/16,17,8,
2021/6/17,17,7,
2021/6/18,18,6,
2021/6/19,20,4,
2021/6/20,20,5,
2021/6/21,38,6,
2021/6/22,38,7,
2021/6/23,26,7,
2021/6/24,43,,
2021/6/25,18,5,
2021/6/26,7,3,
2021/6/27,8,7,
2021/6/28,15,8,
2021/6/29,25,3,
2021/6/30,16,6,
2021/1/4,15,9,
2021/1/5,14,7,
2021/1/6,10,14,
2021/1/7,20,14,
2021/1/8,22,14,
2021/1/9,23,11,
2021/1/10,22,16,
2021/1/11,19,20,
2021/1/12,38,20,
2021/1/13,37,12,
2021/1/14,20,16,
2021/1/15,28,11,
2021/1/16,21,5,
2021/1/17,24,17,
2021/1/18,41,25,
2021/1/19,45,24,
2021/1/20,39,19,
2021/1/21,22,18,
2021/1/22,16,11,
2021/1/23,9,8,
2021/1/24,9,17,
2021/1/25,22,18,
2021/1/26,21,20,
2021/1/27,28,20,
2021/1/28,30,24,
2021/1/29,28,15,
2021/1/30,28,4,
2021/1/31,10,15,
2021/2/1,27,21,
2021/2/2,47,18,
2021/2/3,45,17,
2021/2/4,25,18,
2021/2/5,31,10,
2021/2/6,24,9,
2021/2/7,27,9,
2021/2/8,11,11,
2021/2/9,12,13,
2021/2/10,19,7,
2021/2/11,21,7,
2021/2/12,15,5,
2021/2/13,11,4,
2021/2/14,8,17,
2021/2/15,23,22,
2021/2/16,36,21,
2021/2/17,39,16,
2021/2/18,21,16,
2021/2/19,29,11,
2021/2/20,29,9,
2021/2/21,49,17,
2021/2/22,44,22,
2021/2/23,52,22,
2021/2/24,62,18,
2021/2/25,58,20,
2021/2/26,59,9,
2021/2/27,23,7,
2021/2/28,13,14,
2021/3/1,24,16,
2021/3/2,29,20,
2021/3/3,34,21,
2021/3/4,38,13,
2021/3/5,23,6,
2021/3/6,11,10,
2021/3/7,16,12,
2021/3/8,25,6,
2021/3/9,18,9,
2021/3/10,25,16,
2021/3/11,38,12,
2021/3/12,19,9,
2021/3/13,13,6,
2021/3/14,9,10,
2021/3/15,12,8,
2021/3/16,10,8,
2021/3/17,9,8,
2021/3/18,11,10,
2021/3/19,14,7,
2021/3/20,10,7,
2021/3/21,14,8,
2021/3/22,14,10,
2021/3/23,16,9,
2021/3/24,14,12,
2021/3/25,27,15,
2021/3/26,29,9,
2021/3/27,20,6,
2021/3/28,11,12,
2021/3/29,23,14,
2021/3/30,22,12,
2021/3/31,24,15,
2020/10/1,17,15,
2020/10/2,21,8,
2020/10/3,14,3,
2020/10/4,5,11,
2020/10/5,14,10,
2020/10/6,14,11,
2020/10/7,14,10,
2020/10/8,14,12,
2020/10/9,22,7,
2020/10/10,14,4,
2020/10/11,5,5,
2020/10/12,8,8,
2020/10/13,7,10,
2020/10/14,11,13,
2020/10/15,13,9,
2020/10/16,8,,
2020/10/18,14,10,
2020/10/19,18,10,
2020/10/20,27,15,
2020/10/21,33,12,
2020/10/22,26,12,
2020/10/23,35,10,
2020/10/24,26,7,
2020/10/25,14,7,
2020/10/26,16,8,
2020/10/27,11,10,
2020/10/28,16,11,
2020/10/29,24,13,
2020/10/30,19,13,
2020/10/31,25,9,
2020/11/1,21,14,
2020/11/2,35,15,
2020/11/3,37,11,
2020/11/4,12,10,
2020/11/5,20,14,
2020/11/6,22,11,
2020/11/7,22,10,
2020/11/8,24,11,
2020/11/9,28,11,
2020/11/10,17,8,
2020/11/11,16,9,
2020/11/12,20,9,
2020/11/13,23,10,
2020/11/14,23,8,
2020/11/15,17,12,
2020/11/16,21,14,
2020/11/17,24,13,
2020/11/18,27,11,
2020/11/19,26,7,
2020/11/20,12,10,
2020/11/21,13,13,
2020/11/22,23,19,
2020/11/23,46,15,
2020/11/24,27,14,
2020/11/25,28,14,
2020/11/26,27,14,
2020/11/27,36,14,
2020/11/28,33,11,
2020/11/29,24,15,
2020/11/30,26,14,
2020/12/1,32,9,
2020/12/2,27,14,
2020/12/3,25,16,
2020/12/4,35,13,
2020/12/5,48,11,
2020/12/6,37,11,
2020/12/7,16,9,
2020/12/8,14,16,
2020/12/9,9,16,
2020/12/10,13,12,
2020/12/11,19,10,
2020/12/12,22,11,
2020/12/13,24,13,
2020/12/14,20,12,
2020/12/15,15,11,
2020/12/16,22,11,
2020/12/17,19,9,
2020/12/18,17,12,
2020/12/19,11,9,
2020/12/20,12,12,
2020/12/21,21,12,
2020/12/22,24,14,
2020/12/23,32,11,
2020/12/24,18,7,
2020/12/25,8,8,
2020/12/26,11,8,
2020/12/27,14,10,
2020/12/28,17,15,
2020/12/29,17,14,
2020/12/30,19,12,
2020/12/31,14,12,
2021/1/1,36,13,
2021/1/2,19,8,
2021/1/3,18,12,
2020/7/1,12,7,
2020/7/2,9,7,
2020/7/3,7,6,
2020/7/4,10,6,
2020/7/5,12,7,
2020/7/6,14,4,
2020/7/7,7,5,
2020/7/8,12,6,
2020/7/9,15,8,
2020/7/10,18,5,
2020/7/11,10,3,
2020/7/12,8,6,
2020/7/13,13,6,
2020/7/14,14,8,
2020/7/15,14,6,
2020/7/16,10,4,
2020/7/17,6,4,
2020/7/18,5,4,
2020/7/19,5,7,
2020/7/20,13,7,
2020/7/21,17,6,
2020/7/22,14,7,
2020/7/23,16,8,
2020/7/24,12,6,
2020/7/25,10,6,
2020/7/26,12,6,
2020/7/27,11,8,
2020/7/28,17,7,
2020/7/29,10,6,
2020/7/30,13,6,
2020/7/31,18,3,
2020/8/1,18,4,
2020/8/2,14,5,
2020/8/3,10,4,
2020/8/4,4,5,
2020/8/5,6,5,
2020/8/6,11,6,
2020/8/7,19,6,
2020/8/8,22,6,
2020/8/9,22,8,
2020/8/10,22,8,
2020/8/11,18,6,
2020/8/12,13,7,
2020/8/13,17,7,
2020/8/14,10,3,
2020/8/15,6,2,
2020/8/16,7,7,
2020/8/17,10,8,
2020/8/18,8,9,
2020/8/19,12,6,
2020/8/20,13,7,
2020/8/21,15,5,
2020/8/22,16,3,
2020/8/23,5,7,
2020/8/24,12,6,
2020/8/25,11,9,
2020/8/26,18,6,
2020/8/27,15,7,
2020/8/28,20,5,
2020/8/29,15,4,
2020/8/30,9,7,
2020/8/31,7,7,
2020/9/1,9,8,
2020/9/2,13,5,
2020/9/3,10,9,
2020/9/4,15,8,
2020/9/5,15,6,
2020/9/6,11,6,
2020/9/7,8,6,
2020/9/8,17,8,
2020/9/9,22,9,
2020/9/10,22,8,
2020/9/11,21,7,
2020/9/12,23,6,
2020/9/13,22,8,
2020/9/14,20,10,
2020/9/15,25,11,
2020/9/16,33,10,
2020/9/17,25,5,
2020/9/18,15,7,
2020/9/19,19,6,
2020/9/20,15,10,
2020/9/21,24,9,
2020/9/22,32,9,
2020/9/23,22,9,
2020/9/24,15,8,
2020/9/25,7,6,
2020/9/26,3,4,
2020/9/27,5,9,
2020/9/28,7,10,
2020/9/29,14,10,
2020/9/30,12,13,
2020/4/1,13,9,
2020/4/2,20,10,
2020/4/3,19,7,
2020/4/4,18,6,
2020/4/5,18,9,
2020/4/6,27,7,
2020/4/7,24,9,
2020/4/8,23,12,
2020/4/9,29,10,
2020/4/10,24,6,
2020/4/11,17,6,
2020/4/12,17,5,
2020/4/13,15,4,
2020/4/14,9,8,
2020/4/15,15,11,
2020/4/16,18,11,
2020/4/17,19,8,
2020/4/18,23,5,
2020/4/19,11,9,
2020/4/20,15,3,
2020/4/21,13,7,
2020/4/22,16,8,
2020/4/23,17,11,
2020/4/24,22,7,
2020/4/25,18,2,
2020/4/26,13,6,
2020/4/27,15,6,
2020/4/28,14,11,
2020/4/29,11,7,
2020/4/30,9,3,
2020/5/1,6,3,
2020/5/2,4,4,
2020/5/3,6,6,
2020/5/4,9,8,
2020/5/5,10,6,
2020/5/6,10,8,
2020/5/7,10,7,
2020/5/8,13,8,
2020/5/9,15,5,
2020/5/10,15,8,
2020/5/11,17,4,
2020/5/12,7,5,
2020/5/13,12,5,
2020/5/14,15,6,
2020/5/15,10,,
2020/5/16,12,,
2020/5/17,14,,
2020/5/18,14,,
2020/5/19,19,9,
2020/5/20,15,4,
2020/5/21,10,6,
2020/5/22,14,4,
2020/5/23,13,2,
2020/5/24,5,5,
2020/5/25,8,4,
2020/5/26,7,6,
2020/5/27,9,8,
2020/5/28,12,4,
2020/5/29,9,4,
2020/5/30,7,4,
2020/5/31,6,3,
2020/6/1,8,7,
2020/6/2,13,6,
2020/6/3,11,6,
2020/6/4,9,6,
2020/6/5,7,4,
2020/6/6,8,2,
2020/6/7,10,5,
2020/6/8,6,7,
2020/6/9,10,8,
2020/6/10,10,4,
2020/6/11,8,7,
2020/6/12,10,5,
2020/6/13,11,5,
2020/6/14,11,8,
2020/6/15,7,8,
2020/6/16,12,6,
2020/6/17,14,5,
2020/6/18,8,6,
2020/6/19,9,5,
2020/6/20,6,4,
2020/6/21,9,5,
2020/6/22,11,7,
2020/6/23,12,6,
2020/6/24,15,7,
2020/6/25,11,6,
2020/6/26,13,5,
2020/6/27,14,4,
2020/6/28,12,7,
2020/6/29,10,5,
2020/6/30,9,7,
2020/1/1,44,20,
2020/1/2,42,25,
2020/1/3,42,22,
2020/1/4,34,11,
2020/1/5,14,16,
2020/1/6,19,22,
2020/1/7,35,22,
2020/1/8,34,24,
2020/1/9,46,21,
2020/1/10,39,17,
2020/1/11,30,16,
2020/1/12,22,22,
2020/1/13,39,20,
2020/1/14,43,20,
2020/1/15,43,26,
2020/1/16,53,17,
2020/1/17,35,14,
2020/1/18,33,14,
2020/1/19,30,18,
2020/1/20,23,19,
2020/1/21,31,17,
2020/1/22,34,21,
2020/1/23,36,19,
2020/1/24,37,18,
2020/1/25,44,14,
2020/1/26,39,17,
2020/1/27,42,20,
2020/1/28,29,20,
2020/1/29,27,21,
2020/1/30,25,27,
2020/1/31,39,19,
2020/2/1,27,15,
2020/2/2,22,17,
2020/2/3,20,13,
2020/2/4,11,6,
2020/2/5,10,15,
2020/2/6,12,20,
2020/2/7,24,16,
2020/2/8,20,18,
2020/2/9,30,12,
2020/2/10,19,10,
2020/2/11,13,17,
2020/2/12,15,20,
2020/2/13,20,17,
2020/2/14,19,16,
2020/2/15,14,14,
2020/2/16,19,19,
2020/2/17,29,17,
2020/2/18,21,15,
2020/2/19,14,15,
2020/2/20,16,14,
2020/2/21,13,15,
2020/2/22,13,18,
2020/2/23,18,10,
2020/2/24,14,13,
2020/2/25,20,14,
2020/2/26,12,12,
2020/2/27,15,8,
2020/2/28,9,14,
2020/2/29,14,10,
2020/3/1,12,11,
2020/3/2,11,8,
2020/3/3,8,10,
2020/3/4,10,13,
2020/3/5,16,16,
2020/3/6,11,12,
2020/3/7,12,9,
2020/3/8,11,18,
2020/3/9,23,14,
2020/3/10,16,17,
2020/3/11,18,16,
2020/3/12,19,13,
2020/3/13,12,8,
2020/3/14,12,4,
2020/3/15,10,10,
2020/3/16,17,13,
2020/3/17,23,8,
2020/3/18,14,11,
2020/3/19,18,10,
2020/3/20,19,8,
2020/3/21,18,1,
2020/3/22,7,2,
2020/3/23,11,3,
2020/3/24,17,4,
2020/3/25,16,9,
2020/3/26,19,7,
2020/3/27,68,8,
2020/3/28,66,9,
2020/3/29,35,,
2019/10/1,7,14,
2019/10/2,14,9,
2019/10/3,7,9,
2019/10/4,11,10,
2019/10/5,11,5,
2019/10/6,6,8,
2019/10/7,12,10,
2019/10/8,15,10,
2019/10/9,16,11,
2019/10/10,10,10,
2019/10/11,14,11,
2019/10/12,13,11,
2019/10/13,17,13,
2019/10/14,24,10,
2019/10/15,23,9,
2019/10/16,14,12,
2019/10/17,16,12,
2019/10/18,21,11,
2019/10/19,14,7,
2019/10/20,11,17,
2019/10/21,23,10,
2019/10/22,25,,
2019/10/23,28,,
2019/10/24,26,,
2019/10/25,26,,
2019/10/26,20,15,
2019/10/27,21,11,
2019/10/28,23,8,
2019/10/29,8,9,
2019/10/30,11,9,
2019/10/31,16,7,
2019/11/1,17,10,
2019/11/2,23,7,
2019/11/3,10,13,
2019/11/4,12,14,
2019/11/5,13,16,
2019/11/6,11,13,
2019/11/7,10,11,
2019/11/8,16,11,
2019/11/9,15,9,
2019/11/10,8,13,
2019/11/11,16,12,
2019/11/12,14,13,
2019/11/13,8,16,
2019/11/14,16,13,
2019/11/15,25,12,
2019/11/16,18,7,
2019/11/17,17,14,
2019/11/18,15,17,
2019/11/19,22,16,
2019/11/20,19,13,
2019/11/21,16,,
2019/11/22,19,10,
2019/11/23,23,9,
2019/11/24,21,12,
2019/11/25,12,12,
2019/11/26,15,12,
2019/11/27,16,14,
2019/11/28,17,16,
2019/11/29,24,12,
2019/11/30,9,10,
2019/12/1,15,15,
2019/12/2,21,22,
2019/12/3,34,19,
2019/12/4,30,14,
2019/12/5,34,15,
2019/12/6,39,17,
2019/12/7,33,17,
2019/12/8,34,23,
2019/12/9,39,17,
2019/12/10,20,23,
2019/12/11,27,24,
2019/12/12,35,20,
2019/12/13,27,16,
2019/12/14,18,20,
2019/12/15,23,22,
2019/12/16,25,19,
2019/12/17,19,20,
2019/12/18,27,20,
2019/12/19,27,17,
2019/12/20,30,10,
2019/12/21,8,15,
2019/12/22,10,13,
2019/12/23,8,13,
2019/12/24,8,13,
2019/12/25,9,14,
2019/12/26,9,14,
2019/12/27,13,7,
2019/12/28,12,11,
2019/12/29,12,,
2019/7/1,25,10,
2019/7/2,16,8,
2019/7/3,12,7,
2019/7/4,15,10,
2019/7/5,19,7,
2019/7/6,18,6,
2019/7/7,7,8,
2019/7/8,10,7,
2019/7/9,11,9,
2019/7/10,13,10,
2019/7/11,12,11,
2019/7/12,11,8,
2019/7/13,6,5,
2019/7/14,4,7,
2019/7/15,10,10,
2019/7/16,14,8,
2019/7/17,15,8,
2019/7/18,10,11,
2019/7/19,16,8,
2019/7/20,16,7,
2019/7/21,13,9,
2019/7/22,14,10,
2019/7/23,17,8,
2019/7/24,21,9,
2019/7/25,25,13,
2019/7/26,26,9,
2019/7/27,15,5,
2019/7/28,10,8,
2019/7/29,13,9,
2019/7/30,14,10,
2019/7/31,14,6,
2019/8/1,8,12,
2019/8/2,10,7,
2019/8/3,8,8,
2019/8/4,8,9,
2019/8/5,14,10,
2019/8/6,18,9,
2019/8/7,17,8,
2019/8/8,8,7,
2019/8/9,11,8,
2019/8/10,15,4,
2019/8/11,8,7,
2019/8/12,16,7,
2019/8/13,8,8,
2019/8/14,7,6,
2019/8/15,9,9,
2019/8/16,9,7,
2019/8/17,10,8,
2019/8/18,11,8,
2019/8/19,17,8,
2019/8/20,13,10,
2019/8/21,9,9,
2019/8/22,12,12,
2019/8/23,19,10,
2019/8/24,17,6,
2019/8/25,14,10,
2019/8/26,20,8,
2019/8/27,20,12,
2019/8/28,28,12,
2019/8/29,30,11,
2019/8/30,19,8,
2019/8/31,22,7,
2019/9/1,22,11,
2019/9/2,13,8,
2019/9/3,12,9,
2019/9/4,14,11,
2019/9/5,18,9,
2019/9/6,10,7,
2019/9/7,9,7,
2019/9/8,7,9,
2019/9/9,7,8,
2019/9/10,12,9,
2019/9/11,13,11,
2019/9/12,14,11,
2019/9/13,15,8,
2019/9/14,13,7,
2019/9/15,14,11,
2019/9/16,17,9,
2019/9/17,16,7,
2019/9/18,14,8,
2019/9/19,15,10,
2019/9/20,14,9,
2019/9/21,15,8,
2019/9/22,13,10,
2019/9/23,16,10,
2019/9/24,15,13,
2019/9/25,17,11,
2019/9/26,10,11,
2019/9/27,14,11,
2019/9/28,9,7,
2019/9/29,8,11,
2019/9/30,16,11,
2019/4/1,28,12,
2019/4/2,33,14,
2019/4/3,33,12,
2019/4/4,21,11,
2019/4/5,18,8,
2019/4/6,10,10,
2019/4/7,15,13,
2019/4/8,19,10,
2019/4/9,21,15,
2019/4/10,20,13,
2019/4/11,18,10,
2019/4/12,19,7,
2019/4/13,22,6,
2019/4/14,21,14,
2019/4/15,22,13,
2019/4/16,24,12,
2019/4/17,23,12,
2019/4/18,16,12,
2019/4/19,15,10,
2019/4/20,18,11,
2019/4/21,27,7,
2019/4/22,19,9,
2019/4/23,22,9,
2019/4/24,31,9,
2019/4/25,27,16,
2019/4/26,36,6,
2019/4/27,6,5,
2019/4/28,5,9,
2019/4/29,9,12,
2019/4/30,9,7,
2019/5/1,12,12,
2019/5/2,16,9,
2019/5/3,10,7,
2019/5/4,6,4,
2019/5/5,4,8,
2019/5/6,9,11,
2019/5/7,14,8,
2019/5/8,15,13,
2019/5/9,8,12,
2019/5/10,10,7,
2019/5/11,9,4,
2019/5/12,4,5,
2019/5/13,9,7,
2019/5/14,8,11,
2019/5/15,8,7,
2019/5/16,7,6,
2019/5/17,9,7,
2019/5/18,16,8,
2019/5/19,19,10,
2019/5/20,11,9,
2019/5/21,8,12,
2019/5/22,9,13,
2019/5/23,9,9,
2019/5/24,13,9,
2019/5/25,12,7,
2019/5/26,10,14,
2019/5/27,16,10,
2019/5/28,8,9,
2019/5/29,5,6,
2019/5/30,7,9,
2019/5/31,13,8,
2019/6/1,10,7,
2019/6/2,11,10,
2019/6/3,15,11,
2019/6/4,15,9,
2019/6/5,14,8,
2019/6/6,15,8,
2019/6/7,16,7,
2019/6/8,18,6,
2019/6/9,14,5,
2019/6/10,22,9,
2019/6/11,26,8,
2019/6/12,21,8,
2019/6/13,31,11,
2019/6/14,26,11,
2019/6/15,27,7,
2019/6/16,19,8,
2019/6/17,13,8,
2019/6/18,16,10,
2019/6/19,15,6,
2019/6/20,11,7,
2019/6/21,9,8,
2019/6/22,8,5,
2019/6/23,6,8,
2019/6/24,12,9,
2019/6/25,17,9,
2019/6/26,20,13,
2019/6/27,32,7,
2019/6/28,19,6,
2019/6/29,16,7,
2019/6/30,16,12,
2019/1/1,32,10,
2019/1/2,9,6,
2019/1/3,24,13,
2019/1/4,14,22,
2019/1/5,31,11,
2019/1/6,11,11,
2019/1/7,17,17,
2019/1/8,34,20,
2019/1/9,24,14,
2019/1/10,16,16,
2019/1/11,14,23,
2019/1/12,32,18,
2019/1/13,29,14,
2019/1/14,12,19,
2019/1/15,20,33,
2019/1/16,47,26,
2019/1/17,37,16,
2019/1/18,14,13,
2019/1/19,17,11,
2019/1/20,21,13,
2019/1/21,34,16,
2019/1/22,35,17,
2019/1/23,41,16,
2019/1/24,38,15,
2019/1/25,35,19,
2019/1/26,38,25,
2019/1/27,53,22,
2019/1/28,34,16,
2019/1/29,24,10,
2019/1/30,24,18,
2019/1/31,39,19,
2019/2/1,32,17,
2019/2/2,20,9,
2019/2/3,12,9,
2019/2/4,12,15,
2019/2/5,26,20,
2019/2/6,30,23,
2019/2/7,41,24,
2019/2/8,43,20,
2019/2/9,34,18,
2019/2/10,32,12,
2019/2/11,12,7,
2019/2/12,9,17,
2019/2/13,22,20,
2019/2/14,26,20,
2019/2/15,23,20,
2019/2/16,29,20,
2019/2/17,31,22,
2019/2/18,39,23,
2019/2/19,35,21,
2019/2/20,35,18,
2019/2/21,37,10,
2019/2/22,13,6,
2019/2/23,9,14,
2019/2/24,20,23,
2019/2/25,35,17,
2019/2/26,28,19,
2019/2/27,24,20,
2019/2/28,31,16,
2019/3/1,16,11,
2019/3/2,14,12,
2019/3/3,18,13,
2019/3/4,22,13,
2019/3/5,13,13,
2019/3/6,18,6,
2019/3/7,18,12,
2019/3/8,10,10,
2019/3/9,10,9,
2019/3/10,12,8,
2019/3/11,12,13,
2019/3/12,15,17,
2019/3/13,14,17,
2019/3/14,21,16,
2019/3/15,19,16,
2019/3/16,17,10,
2019/3/17,17,12,
2019/3/18,11,16,
2019/3/19,14,13,
2019/3/20,16,17,
2019/3/21,23,21,
2019/3/22,28,16,
2019/3/23,21,15,
2019/3/24,19,13,
2019/3/25,27,9,
2019/3/26,8,17,
2019/3/27,17,16,
2019/3/28,18,13,
2019/3/29,17,14,
2019/3/30,19,11,
2019/3/31,19,16,
2018/10/1,17,12,
2018/10/2,8,19,
2018/10/3,17,12,
2018/10/4,13,13,
2018/10/5,22,11,
2018/10/6,24,7,
2018/10/7,15,12,
2018/10/8,14,12,
2018/10/9,27,12,
2018/10/10,31,14,
2018/10/11,32,15,
2018/10/12,38,11,
2018/10/13,33,10,
2018/10/14,29,18,
2018/10/15,35,17,
2018/10/16,36,17,
2018/10/17,37,15,
2018/10/18,31,15,
2018/10/19,33,12,
2018/10/20,29,7,
2018/10/21,12,15,
2018/10/22,17,17,
2018/10/23,21,8,
2018/10/24,11,12,
2018/10/25,15,12,
2018/10/26,15,9,
2018/10/27,11,7,
2018/10/28,6,11,
2018/10/29,12,6,
2018/10/30,10,14,
2018/10/31,12,13,
2018/11/1,18,13,
2018/11/2,18,11,
2018/11/3,27,6,
2018/11/4,27,6,
2018/11/5,30,10,
2018/11/6,37,13,
2018/11/7,44,11,
2018/11/8,25,12,
2018/11/9,26,9,
2018/11/10,30,12,
2018/11/11,13,13,
2018/11/12,13,13,
2018/11/13,21,14,
2018/11/14,19,12,
2018/11/15,19,11,
2018/11/16,15,11,
2018/11/17,13,10,
2018/11/18,16,10,
2018/11/19,20,11,
2018/11/20,11,13,
2018/11/21,24,10,
2018/11/22,26,12,
2018/11/23,31,8,
2018/11/24,22,9,
2018/11/25,15,11,
2018/11/26,5,9,
2018/11/27,10,11,
2018/11/28,22,10,
2018/11/29,22,13,
2018/11/30,37,13,
2018/12/1,47,15,
2018/12/2,53,20,
2018/12/3,52,20,
2018/12/4,29,16,
2018/12/5,18,17,
2018/12/6,30,20,
2018/12/7,47,18,
2018/12/8,23,16,
2018/12/9,19,19,
2018/12/10,16,17,
2018/12/11,17,13,
2018/12/12,13,11,
2018/12/13,19,8,
2018/12/14,14,11,
2018/12/15,21,14,
2018/12/16,28,23,
2018/12/17,44,26,
2018/12/18,45,20,
2018/12/19,38,19,
2018/12/20,44,21,
2018/12/21,46,21,
2018/12/22,30,20,
2018/12/23,24,10,
2018/12/24,18,10,
2018/12/25,10,17,
2018/12/26,21,22,
2018/12/27,31,24,
2018/12/28,38,17,
2018/12/29,27,13,
2018/12/30,25,,
2018/7/1,9,5,
2018/7/2,13,6,
2018/7/3,20,9,
2018/7/4,22,10,
2018/7/5,19,10,
2018/7/6,7,5,
2018/7/7,9,6,
2018/7/8,10,10,
2018/7/9,15,10,
2018/7/10,17,11,
2018/7/11,9,7,
2018/7/12,11,8,
2018/7/13,15,6,
2018/7/14,12,5,
2018/7/15,12,9,
2018/7/16,15,10,
2018/7/17,14,12,
2018/7/18,18,10,
2018/7/19,17,10,
2018/7/20,21,7,
2018/7/21,16,4,
2018/7/22,8,13,
2018/7/23,16,9,
2018/7/24,19,10,
2018/7/25,19,10,
2018/7/26,11,9,
2018/7/27,13,5,
2018/7/28,13,5,
2018/7/29,13,11,
2018/7/30,19,10,
2018/7/31,19,8,
2018/8/1,25,9,
2018/8/2,19,12,
2018/8/3,20,7,
2018/8/4,20,7,
2018/8/5,17,8,
2018/8/6,19,8,
2018/8/7,21,7,
2018/8/8,16,7,
2018/8/9,18,8,
2018/8/10,23,4,
2018/8/11,7,5,
2018/8/12,9,10,
2018/8/13,17,9,
2018/8/14,11,7,
2018/8/15,9,8,
2018/8/16,12,9,
2018/8/17,15,8,
2018/8/18,15,7,
2018/8/19,15,13,
2018/8/20,19,13,
2018/8/21,21,10,
2018/8/22,21,12,
2018/8/23,24,11,
2018/8/24,23,7,
2018/8/25,7,3,
2018/8/26,3,9,
2018/8/27,9,10,
2018/8/28,14,10,
2018/8/29,16,9,
2018/8/30,16,11,
2018/8/31,11,9,
2018/9/1,7,5,
2018/9/2,8,8,
2018/9/3,11,10,
2018/9/4,12,9,
2018/9/5,14,10,
2018/9/6,20,11,
2018/9/7,18,9,
2018/9/8,12,7,
2018/9/9,14,9,
2018/9/10,16,13,
2018/9/11,20,12,
2018/9/12,20,11,
2018/9/13,23,10,
2018/9/14,23,,
2018/9/17,17,9,
2018/9/18,21,12,
2018/9/19,25,11,
2018/9/20,17,13,
2018/9/21,22,6,
2018/9/22,9,5,
2018/9/23,9,6,
2018/9/24,6,9,
2018/9/25,8,11,
2018/9/26,11,15,
2018/9/27,16,16,
2018/9/28,19,9,
2018/9/29,12,8,
2018/9/30,12,16,
2018/4/1,7,9,
2018/4/2,9,9,
2018/4/3,17,7,
2018/4/4,18,14,
2018/4/5,16,8,
2018/4/6,12,8,
2018/4/7,18,7,
2018/4/8,19,13,
2018/4/9,24,8,
2018/4/10,15,9,
2018/4/11,19,13,
2018/4/12,23,8,
2018/4/13,13,10,
2018/4/14,12,9,
2018/4/15,27,13,
2018/4/16,36,12,
2018/4/17,15,12,
2018/4/18,22,13,
2018/4/19,20,11,
2018/4/20,22,10,
2018/4/21,18,11,
2018/4/22,22,14,
2018/4/23,29,9,
2018/4/24,14,13,
2018/4/25,23,13,
2018/4/26,18,9,
2018/4/27,16,9,
2018/4/28,19,10,
2018/4/29,29,8,
2018/4/30,23,4,
2018/5/1,13,8,
2018/5/2,22,8,
2018/5/3,17,12,
2018/5/4,26,8,
2018/5/5,16,5,
2018/5/6,18,9,
2018/5/7,18,10,
2018/5/8,17,10,
2018/5/9,14,7,
2018/5/10,16,8,
2018/5/11,12,7,
2018/5/12,16,5,
2018/5/13,12,8,
2018/5/14,9,10,
2018/5/15,6,11,
2018/5/16,8,10,
2018/5/17,9,12,
2018/5/18,14,8,
2018/5/19,13,8,
2018/5/20,13,7,
2018/5/21,11,9,
2018/5/22,15,8,
2018/5/23,17,16,
2018/5/24,16,10,
2018/5/25,13,7,
2018/5/26,10,9,
2018/5/27,12,12,
2018/5/28,21,12,
2018/5/29,26,11,
2018/5/30,21,8,
2018/5/31,27,11,
2018/6/1,22,7,
2018/6/2,11,7,
2018/6/3,9,9,
2018/6/4,13,9,
2018/6/5,14,10,
2018/6/6,16,9,
2018/6/7,14,9,
2018/6/8,15,6,
2018/6/9,12,7,
2018/6/10,14,10,
2018/6/11,17,10,
2018/6/12,23,10,
2018/6/13,10,7,
2018/6/14,6,10,
2018/6/15,9,18,
2018/6/16,16,10,
2018/6/17,16,11,
2018/6/18,12,8,
2018/6/19,12,8,
2018/6/20,14,8,
2018/6/21,19,6,
2018/6/22,11,6,
2018/6/23,6,3,
2018/6/24,5,6,
2018/6/25,8,7,
2018/6/26,10,6,
2018/6/27,7,9,
2018/6/28,7,7,
2018/6/29,13,5,
2018/6/30,14,3,
2018/1/1,30,21,
2018/1/2,21,22,
2018/1/3,19,26,
2018/1/4,28,29,
2018/1/5,40,15,
2018/1/6,12,12,
2018/1/7,12,15,
2018/1/8,27,11,
2018/1/9,21,12,
2018/1/10,19,14,
2018/1/11,21,18,
2018/1/12,23,9,
2018/1/13,14,6,
2018/1/14,12,10,
2018/1/15,21,19,
2018/1/16,35,16,
2018/1/17,18,18,
2018/1/18,19,23,
2018/1/19,23,21,
2018/1/20,23,13,
2018/1/21,19,15,
2018/1/22,20,21,
2018/1/23,37,25,
2018/1/24,39,23,
2018/1/25,40,22,
2018/1/26,46,13,
2018/1/27,28,14,
2018/1/28,26,27,
2018/1/29,52,21,
2018/1/30,31,17,
2018/1/31,23,18,
2018/2/1,24,23,
2018/2/2,17,19,
2018/2/3,21,15,
2018/2/4,19,15,
2018/2/5,22,10,
2018/2/6,33,16,
2018/2/7,34,18,
2018/2/8,25,15,
2018/2/9,45,13,
2018/2/10,59,12,
2018/2/11,40,22,
2018/2/12,25,19,
2018/2/13,18,17,
2018/2/14,21,20,
2018/2/15,34,27,
2018/2/16,47,16,
2018/2/17,39,7,
2018/2/18,24,8,
2018/2/19,24,17,
2018/2/20,19,23,
2018/2/21,32,18,
2018/2/22,32,18,
2018/2/23,27,,
2018/2/24,38,,
2018/2/25,20,19,
2018/2/26,29,15,
2018/2/27,28,20,
2018/2/28,44,19,
2018/3/1,60,21,
2018/3/2,74,12,
2018/3/3,58,10,
2018/3/4,57,16,
2018/3/5,53,21,
2018/3/6,44,24,
2018/3/7,39,19,
2018/3/8,20,27,
2018/3/9,35,19,
2018/3/10,27,12,
2018/3/11,16,13,
2018/3/12,17,12,
2018/3/13,16,15,
2018/3/14,17,10,
2018/3/15,18,17,
2018/3/16,16,10,
2018/3/17,11,7,
2018/3/18,17,10,
2018/3/19,27,12,
2018/3/20,33,15,
2018/3/21,27,13,
2018/3/22,24,18,
2018/3/23,28,12,
2018/3/24,23,5,
2018/3/25,32,12,
2018/3/26,39,13,
2018/3/27,33,15,
2018/3/28,25,17,
2018/3/29,29,15,
2018/3/30,11,12,
2018/3/31,17,5,
2017/10/1,26,15,
2017/10/2,30,19,
2017/10/3,30,14,
2017/10/4,19,15,
2017/10/5,19,11,
2017/10/6,7,12,
2017/10/7,8,11,
2017/10/8,9,13,
2017/10/9,14,13,
2017/10/10,19,15,
2017/10/11,20,20,
2017/10/12,28,18,
2017/10/13,23,16,
2017/10/14,27,14,
2017/10/15,24,22,
2017/10/16,34,21,
2017/10/17,34,20,
2017/10/18,30,19,
2017/10/19,29,23,
2017/10/20,33,18,
2017/10/21,25,13,
2017/10/22,14,13,
2017/10/23,10,11,
2017/10/24,8,19,
2017/10/25,17,13,
2017/10/26,16,11,
2017/10/27,16,16,
2017/10/28,11,10,
2017/10/29,8,13,
2017/10/30,9,18,
2017/10/31,17,15,
2017/11/1,17,18,
2017/11/2,35,18,
2017/11/3,25,15,
2017/11/4,30,16,
2017/11/5,25,14,
2017/11/6,9,19,
2017/11/7,20,17,
2017/11/8,19,16,
2017/11/9,19,15,
2017/11/10,25,14,
2017/11/11,20,11,
2017/11/12,20,11,
2017/11/13,8,14,
2017/11/14,13,25,
2017/11/15,33,23,
2017/11/16,31,18,
2017/11/17,34,15,
2017/11/18,27,16,
2017/11/19,19,17,
2017/11/20,14,27,
2017/11/21,32,,
2017/11/23,43,28,
2017/11/24,41,20,
2017/11/25,33,11,
2017/11/26,4,22,
2017/11/27,20,25,
2017/11/28,30,21,
2017/11/29,29,21,
2017/11/30,18,20,
2017/12/1,17,16,
2017/12/2,24,17,
2017/12/3,28,32,
2017/12/4,49,32,
2017/12/5,46,25,
2017/12/6,29,32,
2017/12/7,46,24,
2017/12/8,32,15,
2017/12/9,14,20,
2017/12/10,20,24,
2017/12/11,18,14,
2017/12/12,11,16,
2017/12/13,12,21,
2017/12/14,22,22,
2017/12/15,20,17,
2017/12/16,14,20,
2017/12/17,22,23,
2017/12/18,27,26,
2017/12/19,36,23,
2017/12/20,33,26,
2017/12/21,40,25,
2017/12/22,32,19,
2017/12/23,26,24,
2017/12/24,39,17,
2017/12/25,27,,
2017/12/27,17,13,
2017/12/28,10,16,
2017/12/29,12,22,
2017/12/30,21,,
2017/7/1,7,6,
2017/7/2,6,11,
2017/7/3,8,12,
2017/7/4,12,11,
2017/7/5,15,12,
2017/7/6,18,12,
2017/7/7,16,10,
2017/7/8,13,7,
2017/7/9,14,8,
2017/7/10,17,10,
2017/7/11,12,8,
2017/7/12,10,7,
2017/7/13,7,9,
2017/7/14,14,6,
2017/7/15,6,7,
2017/7/16,9,9,
2017/7/17,14,12,
2017/7/18,16,12,
2017/7/19,16,10,
2017/7/20,15,10,
2017/7/21,9,9,
2017/7/22,14,6,
2017/7/23,11,10,
2017/7/24,7,8,
2017/7/25,5,11,
2017/7/26,10,13,
2017/7/27,8,14,
2017/7/28,12,7,
2017/7/29,11,7,
2017/7/30,14,9,
2017/7/31,13,9,
2017/8/1,19,10,
2017/8/2,23,12,
2017/8/3,17,12,
2017/8/4,21,7,
2017/8/5,11,5,
2017/8/6,7,6,
2017/8/7,9,6,
2017/8/8,15,9,
2017/8/9,21,13,
2017/8/10,25,8,
2017/8/11,19,5,
2017/8/12,4,7,
2017/8/13,5,9,
2017/8/14,8,8,
2017/8/15,10,13,
2017/8/16,13,11,
2017/8/17,14,12,
2017/8/18,19,13,
2017/8/19,11,9,
2017/8/20,5,12,
2017/8/21,10,11,
2017/8/22,14,10,
2017/8/23,15,14,
2017/8/24,19,11,
2017/8/25,17,12,
2017/8/26,20,8,
2017/8/27,15,11,
2017/8/28,13,10,
2017/8/29,14,13,
2017/8/30,18,14,
2017/8/31,21,10,
2017/9/1,10,6,
2017/9/2,6,5,
2017/9/3,3,11,
2017/9/4,8,12,
2017/9/5,10,12,
2017/9/6,13,,
2017/9/11,10,10,
2017/9/12,6,11,
2017/9/13,10,8,
2017/9/14,10,9,
2017/9/15,7,10,
2017/9/16,8,8,
2017/9/17,7,12,
2017/9/18,11,12,
2017/9/19,5,15,
2017/9/20,9,13,
2017/9/21,11,15,
2017/9/22,14,9,
2017/9/23,13,8,
2017/9/24,17,12,
2017/9/25,18,16,
2017/9/26,15,16,
2017/9/27,25,13,
2017/9/28,30,12,
2017/9/29,31,9,
2017/9/30,24,10,
2017/4/1,21,14,
2017/4/2,18,14,
2017/4/3,22,12,
2017/4/4,19,12,
2017/4/5,13,10,
2017/4/6,11,15,
2017/4/7,11,12,
2017/4/8,9,8,
2017/4/9,11,16,
2017/4/10,19,18,
2017/4/11,15,14,
2017/4/12,20,22,
2017/4/13,24,13,
2017/4/14,15,8,
2017/4/15,16,11,
2017/4/16,15,4,
2017/4/17,5,11,
2017/4/18,8,6,
2017/4/19,16,6,
2017/4/20,16,13,
2017/4/21,16,15,
2017/4/22,14,8,
2017/4/23,7,13,
2017/4/24,15,11,
2017/4/25,16,9,
2017/4/26,18,9,
2017/4/27,9,12,
2017/4/28,5,12,
2017/4/29,12,9,
2017/4/30,11,7,
2017/5/1,19,10,
2017/5/2,17,14,
2017/5/3,14,14,
2017/5/4,15,15,
2017/5/5,12,11,
2017/5/6,10,10,
2017/5/7,10,16,
2017/5/8,8,9,
2017/5/9,7,7,
2017/5/10,10,11,
2017/5/11,15,14,
2017/5/12,13,12,
2017/5/13,6,9,
2017/5/14,8,11,
2017/5/15,8,12,
2017/5/16,10,13,
2017/5/17,17,11,
2017/5/18,15,11,
2017/5/19,17,7,
2017/5/20,10,4,
2017/5/21,7,9,
2017/5/22,14,9,
2017/5/23,11,16,
2017/5/24,13,6,
2017/5/25,7,10,
2017/5/26,11,9,
2017/5/27,12,6,
2017/5/28,12,11,
2017/5/29,15,14,
2017/5/30,23,16,
2017/5/31,19,11,
2017/6/1,17,11,
2017/6/2,15,8,
2017/6/3,14,7,
2017/6/4,11,6,
2017/6/5,8,12,
2017/6/6,14,13,
2017/6/7,7,10,
2017/6/8,12,11,
2017/6/9,12,8,
2017/6/10,11,7,
2017/6/11,10,12,
2017/6/12,19,8,
2017/6/13,19,7,
2017/6/14,18,7,
2017/6/15,18,11,
2017/6/16,17,6,
2017/6/17,12,5,
2017/6/18,8,10,
2017/6/19,14,12,
2017/6/20,21,12,
2017/6/21,21,15,
2017/6/22,27,16,
2017/6/23,21,8,
2017/6/24,24,7,
2017/6/25,12,9,
2017/6/26,13,10,
2017/6/27,15,11,
2017/6/28,18,6,
2017/6/29,17,9,
2017/6/30,12,6,
2017/1/2,60,27,
2017/1/3,51,25,
2017/1/4,35,14,
2017/1/5,18,5,
2017/1/6,12,11,
2017/1/7,14,15,
2017/1/8,26,21,
2017/1/9,47,12,
2017/1/10,34,28,
2017/1/11,56,33,
2017/1/12,65,26,
2017/1/13,25,24,
2017/1/14,21,22,
2017/1/15,21,25,
2017/1/16,27,23,
2017/1/17,35,28,
2017/1/18,52,28,
2017/1/19,52,32,
2017/1/20,57,31,
2017/1/21,60,28,
2017/1/22,70,34,
2017/1/23,91,25,
2017/1/24,88,22,
2017/1/25,58,23,
2017/1/26,39,23,
2017/1/27,49,22,
2017/1/28,60,21,
2017/1/29,66,23,
2017/1/30,67,24,
2017/1/31,75,28,
2017/2/1,80,37,
2017/2/2,76,27,
2017/2/3,24,22,
2017/2/4,22,21,
2017/2/5,22,22,
2017/2/6,10,18,
2017/2/7,23,12,
2017/2/8,36,18,
2017/2/9,54,15,
2017/2/10,54,13,
2017/2/11,48,11,
2017/2/12,58,16,
2017/2/13,58,22,
2017/2/14,48,26,
2017/2/15,51,26,
2017/2/16,40,29,
2017/2/17,47,20,
2017/2/18,26,16,
2017/2/19,20,24,
2017/2/20,34,29,
2017/2/21,43,22,
2017/2/22,37,23,
2017/2/23,37,14,
2017/2/24,16,16,
2017/2/25,18,18,
2017/2/26,26,25,
2017/2/27,35,15,
2017/2/28,20,19,
2017/3/1,16,22,
2017/3/2,22,20,
2017/3/3,21,12,
2017/3/4,22,9,
2017/3/5,11,15,
2017/3/6,19,12,
2017/3/7,14,15,
2017/3/8,15,17,
2017/3/9,20,9,
2017/3/10,8,10,
2017/3/11,10,9,
2017/3/12,15,17,
2017/3/13,23,21,
2017/3/14,28,23,
2017/3/15,36,21,
2017/3/16,34,22,
2017/3/17,29,23,
2017/3/18,35,13,
2017/3/19,22,15,
2017/3/20,21,16,
2017/3/21,25,13,
2017/3/22,26,18,
2017/3/23,28,13,
2017/3/24,22,12,
2017/3/25,27,9,
2017/3/26,16,17,
2017/3/27,19,21,
2017/3/28,28,20,
2017/3/29,24,23,
2017/3/30,28,15,
2017/3/31,20,12,
2016/10/1,19,14,
2016/10/2,16,14,
2016/10/3,7,14,
2016/10/4,12,12,
2016/10/5,9,15,
2016/10/6,15,11,
2016/10/7,11,9,
2016/10/8,13,8,
2016/10/9,11,11,
2016/10/10,12,8,
2016/10/11,8,13,
2016/10/12,13,12,
2016/10/13,18,8,
2016/10/14,22,,
2016/10/17,6,4,
2016/10/18,4,11,
2016/10/19,4,17,
2016/10/20,8,14,
2016/10/21,16,12,
2016/10/22,17,10,
2016/10/23,16,19,
2016/10/24,27,14,
2016/10/25,20,8,
2016/10/26,12,11,
2016/10/27,23,15,
2016/10/28,33,16,
2016/10/29,25,11,
2016/10/30,18,17,
2016/10/31,21,15,
2016/11/1,23,16,
2016/11/2,27,12,
2016/11/3,13,14,
2016/11/4,20,17,
2016/11/5,27,10,
2016/11/6,12,15,
2016/11/7,11,16,
2016/11/8,12,17,
2016/11/9,22,17,
2016/11/10,25,18,
2016/11/11,32,10,
2016/11/12,9,9,
2016/11/13,17,12,
2016/11/14,15,20,
2016/11/15,36,25,
2016/11/16,45,18,
2016/11/17,47,18,
2016/11/18,23,18,
2016/11/19,19,12,
2016/11/20,14,16,
2016/11/21,24,17,
2016/11/22,28,13,
2016/11/23,25,15,
2016/11/24,26,11,
2016/11/25,37,11,
2016/11/26,23,12,
2016/11/27,32,11,
2016/11/28,11,17,
2016/11/29,19,26,
2016/11/30,37,31,
2016/12/1,46,16,
2016/12/2,19,16,
2016/12/3,17,15,
2016/12/4,25,24,
2016/12/5,48,28,
2016/12/6,59,24,
2016/12/7,56,18,
2016/12/8,37,49,
2016/12/9,76,32,
2016/12/10,49,27,
2016/12/11,43,25,
2016/12/12,31,14,
2016/12/13,18,30,
2016/12/14,58,20,
2016/12/15,42,16,
2016/12/16,28,21,
2016/12/17,37,24,
2016/12/18,46,15,
2016/12/19,52,19,
2016/12/20,49,17,
2016/12/21,45,15,
2016/12/22,40,18,
2016/12/23,43,16,
2016/12/24,39,15,
2016/12/25,49,18,
2016/12/26,39,8,
2016/12/27,19,11,
2016/12/28,10,21,
2016/12/29,19,27,
2016/12/30,38,28,
2016/12/31,47,24,
2017/1/1,84,30,
2016/7/1,10,8,
2016/7/2,13,5,
2016/7/3,5,8,
2016/7/4,10,9,
2016/7/5,13,7,
2016/7/6,9,8,
2016/7/7,11,9,
2016/7/8,14,9,
2016/7/9,9,6,
2016/7/10,11,9,
2016/7/11,17,9,
2016/7/12,16,10,
2016/7/13,6,5,
2016/7/14,3,7,
2016/7/15,5,6,
2016/7/16,6,7,
2016/7/17,8,11,
2016/7/18,7,7,
2016/7/19,12,8,
2016/7/20,14,9,
2016/7/21,16,7,
2016/7/22,11,6,
2016/7/23,10,7,
2016/7/24,14,13,
2016/7/25,10,10,
2016/7/26,11,13,
2016/7/27,17,11,
2016/7/28,8,10,
2016/7/29,11,9,
2016/7/30,10,5,
2016/7/31,6,13,
2016/8/1,9,9,
2016/8/2,12,7,
2016/8/3,11,10,
2016/8/4,15,7,
2016/8/5,18,5,
2016/8/6,4,7,
2016/8/7,9,11,
2016/8/8,13,11,
2016/8/9,16,9,
2016/8/10,5,8,
2016/8/11,9,11,
2016/8/12,14,8,
2016/8/13,10,7,
2016/8/14,9,7,
2016/8/15,9,7,
2016/8/16,12,8,
2016/8/17,13,9,
2016/8/18,15,12,
2016/8/19,11,10,
2016/8/20,14,,
2016/8/22,8,11,
2016/8/23,11,10,
2016/8/24,13,10,
2016/8/25,16,10,
2016/8/26,17,9,
2016/8/27,21,8,
2016/8/28,27,13,
2016/8/29,17,9,
2016/8/30,12,9,
2016/8/31,16,13,
2016/9/1,16,14,
2016/9/2,19,12,
2016/9/3,15,10,
2016/9/4,15,9,
2016/9/5,7,12,
2016/9/6,8,11,
2016/9/7,16,14,
2016/9/8,24,13,
2016/9/9,22,12,
2016/9/10,23,10,
2016/9/11,25,15,
2016/9/12,32,13,
2016/9/13,29,12,
2016/9/14,29,14,
2016/9/15,27,,
2016/9/16,17,,
2016/9/17,9,,
2016/9/18,8,8,
2016/9/19,7,10,
2016/9/20,11,11,
2016/9/21,16,13,
2016/9/22,13,14,
2016/9/23,14,12,
2016/9/24,17,10,
2016/9/25,14,15,
2016/9/26,18,13,
2016/9/27,21,20,
2016/9/28,30,17,
2016/9/29,25,19,
2016/9/30,22,16,
2016/4/1,24,8,
2016/4/2,13,13,
2016/4/3,24,15,
2016/4/4,38,15,
2016/4/5,59,13,
2016/4/6,52,12,
2016/4/7,21,16,
2016/4/8,16,6,
2016/4/9,7,6,
2016/4/10,10,10,
2016/4/11,18,11,
2016/4/12,17,13,
2016/4/13,20,11,
2016/4/14,13,13,
2016/4/15,13,9,
2016/4/16,14,6,
2016/4/17,13,11,
2016/4/18,10,12,
2016/4/19,10,14,
2016/4/20,18,13,
2016/4/21,19,13,
2016/4/22,20,8,
2016/4/23,16,6,
2016/4/24,9,10,
2016/4/25,9,11,
2016/4/26,13,13,
2016/4/27,7,17,
2016/4/28,15,14,
2016/4/29,17,11,
2016/4/30,12,9,
2016/5/1,16,13,
2016/5/2,11,12,
2016/5/3,17,10,
2016/5/4,9,7,
2016/5/5,9,11,
2016/5/6,16,12,
2016/5/7,15,7,
2016/5/8,12,11,
2016/5/9,13,12,
2016/5/10,18,10,
2016/5/11,18,11,
2016/5/12,14,11,
2016/5/13,10,13,
2016/5/14,9,6,
2016/5/15,9,5,
2016/5/16,6,11,
2016/5/17,9,10,
2016/5/18,13,12,
2016/5/19,13,9,
2016/5/20,9,10,
2016/5/21,11,8,
2016/5/22,13,12,
2016/5/23,17,9,
2016/5/24,6,8,
2016/5/25,11,7,
2016/5/26,12,9,
2016/5/27,15,6,
2016/5/28,15,5,
2016/5/29,17,10,
2016/5/30,11,11,
2016/5/31,10,10,
2016/6/1,9,13,
2016/6/2,10,11,
2016/6/3,10,10,
2016/6/4,9,10,
2016/6/5,9,13,
2016/6/6,12,8,
2016/6/7,15,9,
2016/6/8,16,11,
2016/6/9,13,10,
2016/6/10,9,9,
2016/6/11,9,7,
2016/6/12,7,10,
2016/6/13,9,10,
2016/6/14,6,8,
2016/6/15,5,9,
2016/6/16,12,8,
2016/6/17,12,7,
2016/6/18,6,6,
2016/6/19,4,10,
2016/6/20,7,9,
2016/6/21,8,10,
2016/6/22,14,10,
2016/6/23,21,10,
2016/6/24,30,8,
2016/6/25,25,5,
2016/6/26,8,9,
2016/6/27,5,11,
2016/6/28,8,10,
2016/6/29,12,10,
2016/6/30,15,11,
2016/1/4,42,20,
2016/1/5,60,22,
2016/1/6,68,31,
2016/1/7,52,28,
2016/1/8,49,25,
2016/1/9,51,19,
2016/1/10,44,21,
2016/1/11,14,21,
2016/1/12,15,15,
2016/1/13,15,22,
2016/1/14,23,26,
2016/1/15,34,17,
2016/1/16,13,13,
2016/1/17,16,15,
2016/1/18,20,24,
2016/1/19,40,25,
2016/1/20,47,27,
2016/1/21,39,20,
2016/1/22,36,22,
2016/1/23,46,25,
2016/1/24,47,31,
2016/1/25,54,34,
2016/1/26,50,23,
2016/1/27,30,30,
2016/1/28,49,27,
2016/1/29,40,21,
2016/1/30,35,13,
2016/1/31,17,24,
2016/2/1,37,21,
2016/2/2,33,21,
2016/2/3,29,14,
2016/2/4,12,17,
2016/2/5,14,20,
2016/2/6,25,16,
2016/2/7,18,24,
2016/2/8,21,18,
2016/2/9,19,20,
2016/2/10,15,20,
2016/2/11,20,19,
2016/2/12,19,14,
2016/2/13,15,19,
2016/2/14,21,21,
2016/2/15,23,18,
2016/2/16,21,15,
2016/2/17,14,20,
2016/2/18,20,15,
2016/2/19,13,14,
2016/2/20,17,18,
2016/2/21,25,21,
2016/2/22,38,21,
2016/2/23,34,12,
2016/2/24,11,14,
2016/2/25,17,13,
2016/2/26,19,10,
2016/2/27,23,19,
2016/2/28,40,17,
2016/2/29,23,10,
2016/3/1,10,19,
2016/3/2,20,15,
2016/3/3,10,11,
2016/3/4,9,15,
2016/3/5,15,7,
2016/3/6,8,13,
2016/3/7,9,16,
2016/3/8,14,15,
2016/3/9,20,15,
2016/3/10,20,12,
2016/3/11,13,13,
2016/3/12,19,11,
2016/3/13,15,12,
2016/3/14,15,20,
2016/3/15,21,13,
2016/3/16,15,18,
2016/3/17,27,21,
2016/3/18,28,15,
2016/3/19,27,10,
2016/3/20,25,14,
2016/3/21,32,14,
2016/3/22,24,13,
2016/3/23,14,12,
2016/3/24,12,15,
2016/3/25,20,11,
2016/3/26,17,11,
2016/3/27,32,10,
2016/3/28,19,15,
2016/3/29,19,17,
2016/3/30,23,11,
2016/3/31,18,14,
2015/10/1,14,16,
2015/10/2,19,13,
2015/10/3,23,12,
2015/10/4,16,14,
2015/10/5,12,20,
2015/10/6,20,17,
2015/10/7,13,16,
2015/10/8,10,13,
2015/10/9,16,,
2015/10/11,10,9,
2015/10/12,27,13,
2015/10/13,33,12,
2015/10/14,12,14,
2015/10/15,7,14,
2015/10/16,12,10,
2015/10/17,12,7,
2015/10/18,17,13,
2015/10/19,11,15,
2015/10/20,13,16,
2015/10/21,20,16,
2015/10/22,14,18,
2015/10/23,20,14,
2015/10/24,18,14,
2015/10/25,21,10,
2015/10/26,20,12,
2015/10/27,33,13,
2015/10/28,42,12,
2015/10/29,43,16,
2015/10/30,38,12,
2015/10/31,31,,
2015/11/2,33,24,
2015/11/3,38,25,
2015/11/4,43,25,
2015/11/5,41,29,
2015/11/6,37,24,
2015/11/7,32,19,
2015/11/8,22,24,
2015/11/9,32,29,
2015/11/10,35,27,
2015/11/11,28,25,
2015/11/12,26,20,
2015/11/13,30,17,
2015/11/14,29,16,
2015/11/15,28,24,
2015/11/16,31,24,
2015/11/17,35,27,
2015/11/18,43,28,
2015/11/19,31,21,
2015/11/20,23,15,
2015/11/21,11,14,
2015/11/22,13,19,
2015/11/23,18,20,
2015/11/24,22,19,
2015/11/25,27,20,
2015/11/26,32,22,
2015/11/27,28,19,
2015/11/28,33,22,
2015/11/29,28,31,
2015/11/30,40,34,
2015/12/1,49,20,
2015/12/2,29,24,
2015/12/3,41,18,
2015/12/4,30,22,
2015/12/5,36,15,
2015/12/6,30,25,
2015/12/7,43,16,
2015/12/8,29,18,
2015/12/9,31,21,
2015/12/10,33,25,
2015/12/11,38,30,
2015/12/12,57,25,
2015/12/13,53,23,
2015/12/14,30,21,
2015/12/15,39,24,
2015/12/16,50,17,
2015/12/17,43,17,
2015/12/18,31,22,
2015/12/19,39,14,
2015/12/20,23,15,
2015/12/21,24,24,
2015/12/22,38,26,
2015/12/23,40,21,
2015/12/24,30,19,
2015/12/25,37,20,
2015/12/26,38,22,
2015/12/27,46,24,
2015/12/28,43,17,
2015/12/29,45,11,
2015/12/30,25,,
2015/7/1,18,10,
2015/7/2,21,9,
2015/7/3,23,9,
2015/7/4,22,7,
2015/7/5,20,14,
2015/7/6,23,11,
2015/7/7,28,11,
2015/7/8,20,6,
2015/7/9,9,8,
2015/7/10,10,7,
2015/7/11,14,6,
2015/7/12,13,11,
2015/7/13,17,10,
2015/7/14,12,10,
2015/7/15,17,9,
2015/7/16,20,11,
2015/7/17,24,5,
2015/7/18,11,7,
2015/7/19,17,9,
2015/7/20,13,11,
2015/7/21,22,10,
2015/7/22,25,14,
2015/7/23,25,12,
2015/7/24,16,7,
2015/7/25,12,4,
2015/7/26,6,10,
2015/7/27,11,10,
2015/7/28,13,12,
2015/7/29,8,8,
2015/7/30,7,9,
2015/7/31,11,9,
2015/8/1,13,9,
2015/8/2,16,9,
2015/8/3,20,10,
2015/8/4,26,9,
2015/8/5,22,14,
2015/8/6,28,12,
2015/8/7,29,11,
2015/8/8,28,9,
2015/8/9,26,12,
2015/8/10,29,13,
2015/8/11,30,14,
2015/8/12,29,19,
2015/8/13,35,13,
2015/8/14,37,10,
2015/8/15,26,6,
2015/8/16,14,10,
2015/8/17,5,7,
2015/8/18,6,11,
2015/8/19,11,13,
2015/8/20,15,13,
2015/8/21,23,9,
2015/8/22,17,4,
2015/8/23,15,8,
2015/8/24,19,13,
2015/8/25,10,11,
2015/8/26,9,14,
2015/8/27,15,11,
2015/8/28,23,14,
2015/8/29,19,12,
2015/8/30,23,16,
2015/8/31,29,19,
2015/9/1,25,11,
2015/9/2,14,12,
2015/9/3,12,10,
2015/9/4,7,7,
2015/9/5,5,6,
2015/9/6,4,12,
2015/9/7,8,10,
2015/9/8,8,11,
2015/9/9,10,11,
2015/9/10,15,11,
2015/9/11,16,10,
2015/9/12,14,10,
2015/9/13,17,13,
2015/9/14,17,15,
2015/9/15,21,15,
2015/9/16,18,20,
2015/9/17,30,12,
2015/9/18,16,10,
2015/9/19,12,8,
2015/9/20,5,12,
2015/9/21,10,12,
2015/9/22,13,14,
2015/9/23,18,8,
2015/9/24,6,10,
2015/9/25,7,12,
2015/9/26,9,9,
2015/9/27,11,13,
2015/9/28,11,12,
2015/9/29,13,9,
2015/9/30,13,14,
2015/4/1,7,9,
2015/4/2,9,6,
2015/4/3,6,9,
2015/4/4,14,6,
2015/4/5,15,6,
2015/4/6,8,6,
2015/4/7,11,13,
2015/4/8,17,14,
2015/4/9,32,16,
2015/4/10,33,18,
2015/4/11,27,12,
2015/4/12,15,13,
2015/4/13,16,11,
2015/4/14,15,16,
2015/4/15,17,17,
2015/4/16,19,14,
2015/4/17,20,7,
2015/4/18,12,7,
2015/4/19,11,13,
2015/4/20,16,14,
2015/4/21,18,13,
2015/4/22,20,12,
2015/4/23,21,12,
2015/4/24,14,12,
2015/4/25,17,9,
2015/4/26,16,11,
2015/4/27,19,14,
2015/4/28,16,7,
2015/4/29,14,12,
2015/4/30,16,9,
2015/5/1,10,7,
2015/5/2,8,7,
2015/5/3,11,12,
2015/5/4,19,13,
2015/5/5,19,9,
2015/5/6,23,9,
2015/5/7,11,10,
2015/5/8,16,10,
2015/5/9,12,9,
2015/5/10,12,10,
2015/5/11,17,12,
2015/5/12,18,18,
2015/5/13,33,6,
2015/5/14,7,8,
2015/5/15,16,9,
2015/5/16,19,9,
2015/5/17,17,11,
2015/5/18,18,10,
2015/5/19,21,9,
2015/5/20,16,8,
2015/5/21,7,11,
2015/5/22,10,7,
2015/5/23,6,6,
2015/5/24,6,5,
2015/5/25,11,12,
2015/5/26,16,6,
2015/5/27,9,8,
2015/5/28,14,11,
2015/5/29,19,9,
2015/5/30,14,6,
2015/5/31,12,9,
2015/6/1,17,7,
2015/6/2,15,11,
2015/6/3,19,6,
2015/6/4,19,6,
2015/6/5,23,6,
2015/6/6,24,5,
2015/6/7,22,9,
2015/6/8,24,10,
2015/6/9,28,7,
2015/6/10,17,8,
2015/6/11,27,9,
2015/6/12,28,7,
2015/6/13,29,5,
2015/6/14,20,11,
2015/6/15,19,11,
2015/6/16,11,8,
2015/6/17,14,10,
2015/6/18,16,9,
2015/6/19,12,7,
2015/6/20,9,5,
2015/6/21,5,9,
2015/6/22,9,10,
2015/6/23,6,7,
2015/6/24,7,9,
2015/6/25,10,9,
2015/6/26,12,10,
2015/6/27,14,7,
2015/6/28,9,11,
2015/6/29,14,10,
2015/6/30,14,9,
2015/1/1,76,29,
2015/1/2,59,23,
2015/1/3,41,9,
2015/1/4,17,12,
2015/1/5,9,15,
2015/1/6,15,18,
2015/1/7,31,23,
2015/1/8,52,35,
2015/1/9,57,17,
2015/1/10,16,12,
2015/1/11,12,18,
2015/1/12,17,25,
2015/1/13,22,27,
2015/1/14,28,21,
2015/1/15,20,22,
2015/1/16,32,12,
2015/1/17,22,11,
2015/1/18,16,17,
2015/1/19,26,18,
2015/1/20,31,19,
2015/1/21,34,17,
2015/1/22,31,13,
2015/1/23,17,12,
2015/1/24,9,6,
2015/1/25,7,21,
2015/1/26,19,26,
2015/1/27,38,25,
2015/1/28,29,26,
2015/1/29,31,18,
2015/1/30,17,22,
2015/1/31,19,22,
2015/2/1,23,26,
2015/2/2,29,23,
2015/2/3,34,25,
2015/2/4,38,21,
2015/2/5,29,21,
2015/2/6,33,18,
2015/2/7,36,17,
2015/2/8,34,12,
2015/2/9,14,16,
2015/2/10,21,16,
2015/2/11,35,18,
2015/2/12,39,21,
2015/2/13,41,18,
2015/2/14,47,20,
2015/2/15,43,25,
2015/2/16,54,17,
2015/2/17,50,13,
2015/2/18,33,21,
2015/2/19,42,27,
2015/2/20,47,17,
2015/2/21,32,19,
2015/2/22,17,17,
2015/2/23,22,19,
2015/2/24,17,9,
2015/2/25,8,9,
2015/2/26,12,12,
2015/2/27,23,13,
2015/2/28,28,14,
2015/3/1,28,19,
2015/3/2,28,13,
2015/3/3,12,16,
2015/3/4,15,9,
2015/3/5,10,11,
2015/3/6,11,17,
2015/3/7,23,15,
2015/3/8,24,19,
2015/3/9,29,23,
2015/3/10,38,19,
2015/3/11,35,7,
2015/3/12,17,11,
2015/3/13,18,15,
2015/3/14,28,10,
2015/3/15,36,17,
2015/3/16,46,16,
2015/3/17,46,16,
2015/3/18,40,15,
2015/3/19,37,19,
2015/3/20,43,17,
2015/3/21,36,15,
2015/3/22,39,17,
2015/3/23,41,18,
2015/3/24,48,19,
2015/3/25,39,17,
2015/3/26,27,9,
2015/3/27,12,8,
2015/3/28,13,11,
2015/3/29,16,13,
2015/3/30,17,8,
2015/3/31,9,6,
2014/10/1,21,15,
2014/10/2,12,14,
2014/10/3,20,9,
2014/10/4,27,8,
2014/10/5,29,12,
2014/10/6,36,14,
2014/10/7,42,18,
2014/10/8,28,13,
2014/10/9,16,,
2014/10/10,17,,
2014/10/11,21,,
2014/10/12,18,,
2014/10/13,27,13,
2014/10/14,15,19,
2014/10/15,18,17,
2014/10/16,15,15,
2014/10/17,13,13,
2014/10/18,11,11,
2014/10/19,13,20,
2014/10/20,27,13,
2014/10/21,17,11,
2014/10/22,7,11,
2014/10/23,8,7,
2014/10/24,4,8,
2014/10/25,25,7,
2014/10/26,21,13,
2014/10/27,29,15,
2014/10/28,32,20,
2014/10/29,35,20,
2014/10/30,43,17,
2014/10/31,35,15,
2014/11/1,34,13,
2014/11/2,29,17,
2014/11/3,38,15,
2014/11/4,20,22,
2014/11/5,21,16,
2014/11/6,14,14,
2014/11/7,21,15,
2014/11/8,9,11,
2014/11/9,14,14,
2014/11/10,21,15,
2014/11/11,18,15,
2014/11/12,34,13,
2014/11/13,39,13,
2014/11/14,40,10,
2014/11/15,23,12,
2014/11/16,23,12,
2014/11/17,21,13,
2014/11/18,13,13,
2014/11/19,16,16,
2014/11/20,24,15,
2014/11/21,22,14,
2014/11/22,26,13,
2014/11/23,42,13,
2014/11/24,31,11,
2014/11/25,34,11,
2014/11/26,32,11,
2014/11/27,45,13,
2014/11/28,39,10,
2014/11/29,16,8,
2014/11/30,11,8,
2014/12/1,6,8,
2014/12/2,7,12,
2014/12/3,10,13,
2014/12/4,11,14,
2014/12/5,19,13,
2014/12/6,14,10,
2014/12/7,5,11,
2014/12/8,12,15,
2014/12/9,14,20,
2014/12/10,23,26,
2014/12/11,48,26,
2014/12/12,41,25,
2014/12/13,30,22,
2014/12/14,26,23,
2014/12/15,37,20,
2014/12/16,33,15,
2014/12/17,30,25,
2014/12/18,45,23,
2014/12/19,44,20,
2014/12/20,27,14,
2014/12/21,8,27,
2014/12/22,28,27,
2014/12/23,28,26,
2014/12/24,34,20,
2014/12/25,31,18,
2014/12/26,12,15,
2014/12/27,19,8,
2014/12/28,15,,
2014/7/1,9,12,
2014/7/2,13,9,
2014/7/3,8,12,
2014/7/4,14,10,
2014/7/5,14,9,
2014/7/6,10,11,
2014/7/7,16,10,
2014/7/8,16,8,
2014/7/9,5,12,
2014/7/10,8,12,
2014/7/11,6,9,
2014/7/12,7,7,
2014/7/13,9,12,
2014/7/14,12,12,
2014/7/15,9,13,
2014/7/16,11,13,
2014/7/17,14,15,
2014/7/18,17,12,
2014/7/19,19,8,
2014/7/20,20,12,
2014/7/21,17,16,
2014/7/22,14,9,
2014/7/23,10,10,
2014/7/24,14,11,
2014/7/25,10,8,
2014/7/26,15,10,
2014/7/27,12,12,
2014/7/28,15,8,
2014/7/29,12,12,
2014/7/30,11,11,
2014/7/31,12,10,
2014/8/1,7,8,
2014/8/2,13,7,
2014/8/3,17,10,
2014/8/4,12,14,
2014/8/5,12,11,
2014/8/6,8,14,
2014/8/7,16,12,
2014/8/8,14,10,
2014/8/9,13,7,
2014/8/10,8,10,
2014/8/11,13,13,
2014/8/12,5,12,
2014/8/13,7,11,
2014/8/14,7,7,
2014/8/15,6,10,
2014/8/16,6,11,
2014/8/17,6,12,
2014/8/18,11,12,
2014/8/19,14,12,
2014/8/20,15,9,
2014/8/21,7,9,
2014/8/22,10,11,
2014/8/23,10,8,
2014/8/24,6,10,
2014/8/25,9,15,
2014/8/26,13,12,
2014/8/27,13,10,
2014/8/28,11,13,
2014/8/29,12,13,
2014/8/30,14,8,
2014/8/31,8,9,
2014/9/1,4,8,
2014/9/2,4,10,
2014/9/3,9,13,
2014/9/4,26,13,
2014/9/5,28,13,
2014/9/6,16,8,
2014/9/7,18,12,
2014/9/8,20,16,
2014/9/9,20,17,
2014/9/10,14,16,
2014/9/11,13,11,
2014/9/12,5,12,
2014/9/13,4,12,
2014/9/14,5,15,
2014/9/15,14,10,
2014/9/16,12,15,
2014/9/17,18,11,
2014/9/18,22,13,
2014/9/19,27,11,
2014/9/20,20,9,
2014/9/21,8,13,
2014/9/22,19,11,
2014/9/23,8,13,
2014/9/24,14,17,
2014/9/25,15,15,
2014/9/26,16,12,
2014/9/27,9,10,
2014/9/28,10,14,
2014/9/29,18,15,
2014/9/30,23,17,
2014/4/1,31,17,
2014/4/2,41,22,
2014/4/3,42,20,
2014/4/4,36,14,
2014/4/5,35,11,
2014/4/6,25,14,
2014/4/7,26,16,
2014/4/8,32,11,
2014/4/9,11,15,
2014/4/10,12,10,
2014/4/11,13,11,
2014/4/12,13,13,
2014/4/13,14,17,
2014/4/14,21,8,
2014/4/15,9,10,
2014/4/16,8,8,
2014/4/17,10,11,
2014/4/18,14,10,
2014/4/19,17,7,
2014/4/20,11,6,
2014/4/21,14,15,
2014/4/22,12,15,
2014/4/23,14,18,
2014/4/24,21,14,
2014/4/25,17,10,
2014/4/26,21,9,
2014/4/27,23,11,
2014/4/28,15,16,
2014/4/29,16,12,
2014/4/30,14,11,
2014/5/1,13,11,
2014/5/2,17,10,
2014/5/3,8,4,
2014/5/4,12,10,
2014/5/5,17,12,
2014/5/6,19,15,
2014/5/7,20,10,
2014/5/8,8,16,
2014/5/9,13,6,
2014/5/10,5,,
2014/5/12,8,13,
2014/5/13,4,10,
2014/5/14,9,2,
2014/5/15,6,8,
2014/5/16,6,9,
2014/5/17,4,8,
2014/5/18,5,11,
2014/5/19,12,11,
2014/5/20,11,12,
2014/5/21,15,11,
2014/5/22,24,10,
2014/5/23,32,6,
2014/5/24,20,7,
2014/5/25,11,11,
2014/5/26,13,11,
2014/5/27,14,11,
2014/5/28,3,10,
2014/5/29,4,7,
2014/5/30,4,9,
2014/5/31,8,5,
2014/6/1,8,12,
2014/6/2,14,12,
2014/6/3,14,12,
2014/6/4,11,17,
2014/6/5,11,10,
2014/6/6,8,11,
2014/6/7,13,8,
2014/6/8,14,9,
2014/6/9,13,14,
2014/6/10,18,15,
2014/6/11,19,19,
2014/6/12,21,11,
2014/6/13,18,9,
2014/6/14,15,6,
2014/6/15,10,8,
2014/6/16,9,13,
2014/6/17,17,14,
2014/6/18,16,11,
2014/6/19,14,13,
2014/6/20,12,8,
2014/6/21,9,7,
2014/6/22,12,11,
2014/6/23,16,12,
2014/6/24,14,13,
2014/6/25,13,8,
2014/6/26,9,9,
2014/6/27,12,9,
2014/6/28,14,7,
2014/6/29,12,10,
2014/6/30,5,11,
2014/1/1,34,16,
2014/1/2,22,21,
2014/1/3,28,23,
2014/1/4,35,15,
2014/1/5,20,12,
2014/1/6,11,22,
2014/1/7,38,25,
2014/1/8,40,22,
2014/1/9,35,19,
2014/1/10,29,19,
2014/1/11,27,16,
2014/1/12,29,22,
2014/1/13,33,23,
2014/1/14,36,17,
2014/1/15,40,14,
2014/1/16,31,21,
2014/1/17,26,21,
2014/1/18,21,19,
2014/1/19,22,20,
2014/1/20,24,15,
2014/1/21,14,13,
2014/1/22,14,12,
2014/1/23,18,13,
2014/1/24,20,16,
2014/1/25,25,11,
2014/1/26,28,20,
2014/1/27,66,23,
2014/1/28,67,17,
2014/1/29,51,22,
2014/1/30,63,19,
2014/1/31,44,12,
2014/2/1,38,13,
2014/2/2,26,11,
2014/2/3,21,17,
2014/2/4,39,19,
2014/2/5,57,32,
2014/2/6,60,28,
2014/2/7,22,18,
2014/2/8,14,17,
2014/2/9,15,28,
2014/2/10,28,22,
2014/2/11,28,24,
2014/2/12,20,28,
2014/2/13,37,22,
2014/2/14,24,21,
2014/2/15,25,15,
2014/2/16,14,22,
2014/2/17,10,20,
2014/2/18,20,21,
2014/2/19,25,21,
2014/2/20,19,17,
2014/2/21,30,15,
2014/2/22,14,14,
2014/2/23,12,18,
2014/2/24,24,17,
2014/2/25,35,21,
2014/2/26,34,18,
2014/2/27,27,20,
2014/2/28,27,15,
2014/3/1,19,11,
2014/3/2,24,16,
2014/3/3,27,13,
2014/3/4,14,16,
2014/3/5,21,9,
2014/3/6,20,11,
2014/3/7,33,14,
2014/3/8,44,15,
2014/3/9,32,17,
2014/3/10,31,20,
2014/3/11,26,26,
2014/3/12,41,24,
2014/3/13,46,26,
2014/3/14,46,23,
2014/3/15,40,9,
2014/3/16,8,17,
2014/3/17,15,17,
2014/3/18,25,15,
2014/3/19,20,19,
2014/3/20,19,21,
2014/3/21,25,11,
2014/3/22,20,8,
2014/3/23,13,12,
2014/3/24,8,15,
2014/3/25,13,15,
2014/3/26,19,15,
2014/3/27,23,14,
2014/3/28,19,15,
2014/3/29,19,12,
2014/3/30,24,24,
2014/3/31,34,14,
2023/4/6,,4,
2023/1/15,,15,
2020/10/17,,8,
2020/3/31,,7,
2019/12/31,,14,
2018/12/31,,12,
2018/9/16,,9,
2017/12/31,,16,
2017/12/26,,24,
2017/9/10,,11,
2016/10/16,,11,
2016/8/21,,9,
2016/1/3,,12,
2015/10/10,,8,
2015/11/1,,23,
2014/12/31,,23,
2014/5/11,,13,
2013/12/31,,11,
2017/11/22,,,