date,pm10,no2,so2
2023/5/2,6,5,
2023/5/3,12,8,7
2023/5/4,20,8,2
2023/5/5,12,6,
2023/5/6,12,1,
2023/5/7,6,3,
2023/5/8,15,2,
2023/5/9,20,4,
2023/5/10,18,3,
2023/5/11,11,1,
2023/5/12,4,1,
2023/5/13,5,1,
2023/5/14,6,2,
2023/5/15,6,3,
2023/5/16,6,1,
2023/5/17,4,,
2023/5/18,5,2,
2023/5/19,11,2,
2023/5/20,11,4,
2023/5/21,12,6,1
2023/5/22,20,5,
2023/5/23,14,4,
2023/5/24,7,5,
2023/5/25,6,,
2023/4/1,6,,
2023/4/2,6,,
2023/4/3,7,,
2023/4/7,25,,
2023/4/8,19,,
2023/4/9,11,2,
2023/4/10,11,6,1
2023/4/11,12,4,
2023/4/12,11,3,
2023/4/13,8,,
2023/4/14,4,1,
2023/4/15,7,1,
2023/4/16,6,1,
2023/4/17,7,5,
2023/4/18,7,2,
2023/4/19,10,4,
2023/4/20,8,5,
2023/4/21,15,4,
2023/4/22,12,,
2023/4/24,7,3,
2023/4/25,7,5,
2023/4/26,11,4,
2023/4/27,16,7,
2023/4/28,19,4,
2023/4/29,10,,23
2023/1/2,11,7,1
2023/1/3,21,5,1
2023/1/4,20,7,1
2023/1/5,17,7,
2023/1/6,15,6,1
2023/1/7,17,7,
2023/1/8,17,6,
2023/1/9,16,2,
2023/1/10,3,13,1
2023/1/11,29,14,2
2023/1/12,24,13,2
2023/1/13,17,10,
2023/1/14,15,,
2023/1/16,11,9,
2023/1/17,13,9,
2023/1/18,15,4,
2023/1/19,9,3,
2023/1/20,8,1,
2023/1/21,4,3,
2023/1/22,5,6,23
2023/1/23,12,10,
2023/1/24,12,7,
2023/1/25,14,5,
2023/1/26,15,5,
2023/1/27,10,7,
2023/1/28,18,4,
2023/1/29,17,10,1
2023/1/30,16,6,
2023/1/31,7,12,
2023/2/1,18,7,
2023/2/2,7,9,1
2023/2/3,14,1,
2023/2/4,4,5,
2023/2/5,13,10,
2023/2/6,25,13,
2023/2/7,32,12,
2023/2/8,27,11,1
2023/2/9,28,16,1
2023/2/10,29,16,1
2023/2/11,28,11,1
2023/2/12,21,13,1
2023/2/13,22,13,
2023/2/14,26,13,
2023/2/15,37,15,2
2023/2/16,36,19,2
2023/2/17,32,13,
2023/2/18,22,5,
2023/2/19,12,9,
2023/2/20,19,10,1
2023/2/21,18,12,1
2023/2/22,22,13,1
2023/2/23,34,7,1
2023/2/24,26,3,
2023/2/25,10,1,
2023/2/26,5,5,
2023/2/27,12,5,
2023/2/28,24,7,1
2023/3/1,28,7,1
2023/3/2,21,7,
2023/3/3,24,6,
2023/3/4,22,4,
2023/3/5,21,5,
2023/3/6,24,8,
2023/3/7,22,9,1
2023/3/8,21,9,
2023/3/9,15,9,1
2023/3/10,17,1,
2023/3/11,8,4,
2023/3/12,10,13,1
2023/3/13,21,8,1
2023/3/14,15,5,
2023/3/15,17,6,
2023/3/16,26,10,3
2023/3/17,26,8,1
2023/3/18,24,9,3
2023/3/19,27,10,3
2023/3/20,29,9,3
2023/3/21,31,10,2
2023/3/22,27,11,2
2023/3/23,29,2,1
2023/3/24,17,2,
2023/3/25,6,4,1
2023/3/26,9,4,
2023/3/27,4,3,
2023/3/28,9,10,2
2023/3/29,20,3,3
2023/3/30,20,2,1
2023/3/31,10,1,1
2022/10/1,8,2,1
2022/10/2,8,3,1
2022/10/3,9,4,1
2022/10/4,16,6,1
2022/10/5,23,4,1
2022/10/6,26,4,1
2022/10/7,22,3,1
2022/10/8,22,3,1
2022/10/9,17,4,1
2022/10/10,21,5,1
2022/10/11,25,3,1
2022/10/12,30,3,1
2022/10/13,32,4,1
2022/10/14,35,3,1
2022/10/15,41,2,1
2022/10/16,28,4,1
2022/10/17,36,5,1
2022/10/18,38,4,1
2022/10/19,29,3,1
2022/10/20,20,6,1
2022/10/21,30,5,1
2022/10/22,23,5,1
2022/10/23,14,6,2
2022/10/24,22,5,1
2022/10/25,15,4,1
2022/10/26,17,5,1
2022/10/27,21,6,2
2022/10/28,22,5,2
2022/10/29,20,5,2
2022/10/30,23,7,2
2022/10/31,24,5,1
2022/11/1,14,7,1
2022/11/2,20,4,1
2022/11/3,14,3,1
2022/11/4,10,3,1
2022/11/5,6,4,1
2022/11/6,11,8,2
2022/11/7,14,6,1
2022/11/8,19,5,1
2022/11/9,21,6,2
2022/11/10,24,6,2
2022/11/11,19,8,3
2022/11/12,19,5,2
2022/11/13,22,7,1
2022/11/14,32,6,1
2022/11/15,27,4,1
2022/11/16,18,6,1
2022/11/17,22,5,1
2022/11/18,23,6,1
2022/11/19,12,4,1
2022/11/20,12,7,1
2022/11/21,18,6,1
2022/11/22,14,5,1
2022/11/23,11,8,1
2022/11/24,20,8,1
2022/11/25,20,8,3
2022/11/26,21,7,2
2022/11/27,18,7,1
2022/11/28,24,5,1
2022/11/29,30,5,1
2022/11/30,21,6,1
2022/12/1,13,7,1
2022/12/2,21,6,1
2022/12/3,23,5,1
2022/12/4,14,6,1
2022/12/5,13,8,
2022/12/6,11,7,
2022/12/7,17,5,
2022/12/8,16,6,
2022/12/9,16,5,
2022/12/10,11,2,
2022/12/11,4,6,
2022/12/12,13,10,1
2022/12/13,24,10,1
2022/12/14,32,10,
2022/12/15,42,9,
2022/12/16,40,7,
2022/12/17,25,7,
2022/12/18,19,7,
2022/12/19,24,8,
2022/12/20,35,8,
2022/12/21,41,7,1
2022/12/22,34,7,1
2022/12/23,17,7,
2022/12/24,20,7,1
2022/12/25,16,8,3
2022/12/26,10,6,1
2022/12/27,15,8,
2022/12/28,22,9,3
2022/12/29,13,10,3
2022/12/30,21,10,4
2022/12/31,19,8,5
2023/1/1,17,8,4
2022/7/1,42,,
2022/7/5,6,4,
2022/7/6,12,5,
2022/7/7,13,2,
2022/7/8,7,1,
2022/7/9,7,2,
2022/7/10,5,2,
2022/7/11,11,5,
2022/7/12,10,5,1
2022/7/13,23,8,2
2022/7/14,32,5,1
2022/7/15,26,1,
2022/7/16,12,2,
2022/7/17,11,5,1
2022/7/18,29,5,1
2022/7/19,33,6,3
2022/7/20,35,6,1
2022/7/21,38,5,1
2022/7/22,26,5,1
2022/7/23,17,3,
2022/7/24,10,4,
2022/7/25,18,2,
2022/7/26,9,6,1
2022/7/27,10,4,
2022/7/28,11,5,
2022/7/29,13,2,
2022/7/30,6,2,
2022/7/31,9,6,1
2022/8/1,16,3,1
2022/8/2,13,4,1
2022/8/3,26,4,
2022/8/4,38,7,
2022/8/5,28,4,
2022/8/6,10,1,
2022/8/7,5,2,
2022/8/8,21,3,
2022/8/9,26,5,
2022/8/10,25,5,
2022/8/11,33,3,
2022/8/12,15,4,
2022/8/13,9,2,
2022/8/14,8,6,
2022/8/15,10,5,
2022/8/16,22,8,1
2022/8/17,35,12,1
2022/8/18,14,5,
2022/8/19,13,4,
2022/8/20,9,1,
2022/8/21,3,2,
2022/8/22,9,3,
2022/8/23,5,4,1
2022/8/24,7,6,
2022/8/25,14,7,1
2022/8/26,21,7,1
2022/8/27,20,3,
2022/8/28,8,4,
2022/8/29,7,3,1
2022/8/30,11,4,1
2022/8/31,11,2,1
2022/9/1,8,4,1
2022/9/2,10,2,1
2022/9/3,11,2,1
2022/9/4,6,3,1
2022/9/5,25,3,
2022/9/6,28,4,1
2022/9/7,11,4,
2022/9/8,8,5,2
2022/9/9,8,3,1
2022/9/10,6,3,1
2022/9/11,5,4,1
2022/9/12,6,5,1
2022/9/13,14,5,1
2022/9/14,18,5,1
2022/9/15,8,4,
2022/9/16,5,2,
2022/9/17,5,1,1
2022/9/18,4,2,1
2022/9/19,4,2,
2022/9/20,13,3,
2022/9/21,18,5,2
2022/9/22,10,5,1
2022/9/23,13,4,1
2022/9/24,14,4,1
2022/9/25,10,3,1
2022/9/26,6,3,1
2022/9/27,8,4,1
2022/9/28,8,3,1
2022/9/29,7,3,1
2022/9/30,8,2,
2022/4/1,6,2,
2022/4/2,6,2,1
2022/4/3,9,6,1
2022/4/4,16,11,3
2022/4/5,16,7,5
2022/4/6,16,5,1
2022/4/7,13,6,1
2022/4/8,21,2,1
2022/4/9,3,2,1
2022/4/10,5,6,1
2022/4/11,15,8,1
2022/4/12,30,9,
2022/4/13,37,10,1
2022/4/14,39,7,1
2022/4/15,20,1,
2022/4/16,6,1,
2022/4/17,9,4,
2022/4/18,10,4,
2022/4/19,7,7,1
2022/4/20,12,7,1
2022/4/21,19,5,
2022/4/22,11,3,
2022/4/23,19,2,
2022/4/24,10,6,
2022/4/25,8,4,
2022/4/26,11,4,
2022/4/27,7,4,
2022/4/28,15,8,1
2022/4/29,15,7,1
2022/4/30,17,8,1
2022/5/1,14,6,
2022/5/2,10,6,
2022/5/3,11,5,
2022/5/4,18,5,
2022/5/5,13,9,1
2022/5/6,14,4,
2022/5/7,10,4,
2022/5/8,13,7,1
2022/5/9,14,6,1
2022/5/10,18,7,1
2022/5/11,21,9,2
2022/5/12,24,6,2
2022/5/13,16,3,1
2022/5/14,13,3,1
2022/5/15,14,7,
2022/5/16,25,6,1
2022/5/17,18,4,
2022/5/18,23,7,2
2022/5/19,31,8,1
2022/5/20,37,2,
2022/5/21,13,2,
2022/5/22,10,4,
2022/5/23,44,3,
2022/5/24,13,3,
2022/5/25,9,4,1
2022/5/26,10,4,
2022/5/27,13,,
2022/5/28,5,2,
2022/5/29,6,2,
2022/5/30,8,3,
2022/5/31,13,2,
2022/6/1,14,2,
2022/6/2,7,2,
2022/6/3,12,1,
2022/6/4,11,2,8
2022/6/5,11,1,
2022/6/6,6,4,1
2022/6/7,14,3,
2022/6/8,8,3,
2022/6/9,8,1,
2022/6/10,8,2,
2022/6/11,8,3,1
2022/6/12,11,7,1
2022/6/13,20,3,
2022/6/14,14,4,1
2022/6/15,25,4,
2022/6/16,15,2,
2022/6/17,12,3,
2022/6/18,14,4,1
2022/6/19,14,6,1
2022/6/20,44,4,
2022/6/21,20,3,
2022/6/22,19,1,
2022/6/23,11,2,
2022/6/24,16,1,
2022/6/25,5,2,
2022/6/26,7,4,
2022/6/27,36,3,
2022/6/28,45,2,1
2022/6/29,31,3,
2022/6/30,22,8,
2022/1/3,17,14,1
2022/1/4,22,8,
2022/1/5,12,6,
2022/1/6,9,11,
2022/1/7,18,13,
2022/1/8,26,14,1
2022/1/9,26,7,
2022/1/10,20,2,
2022/1/11,6,15,
2022/1/12,30,18,2
2022/1/13,38,15,1
2022/1/14,24,11,
2022/1/15,24,11,
2022/1/16,30,9,
2022/1/17,24,10,
2022/1/18,15,14,
2022/1/19,29,11,1
2022/1/20,22,2,
2022/1/21,5,6,
2022/1/22,9,8,
2022/1/23,17,8,
2022/1/24,19,11,
2022/1/25,25,8,
2022/1/26,31,12,
2022/1/27,38,5,
2022/1/28,12,11,
2022/1/29,20,5,
2022/1/30,11,15,1
2022/1/31,21,9,
2022/2/1,14,7,
2022/2/2,8,12,1
2022/2/3,17,14,1
2022/2/4,18,9,
2022/2/5,14,15,1
2022/2/6,19,7,
2022/2/7,9,8,1
2022/2/8,12,13,1
2022/2/9,17,14,1
2022/2/10,22,9,1
2022/2/11,13,7,1
2022/2/12,13,11,
2022/2/13,21,15,
2022/2/14,32,14,1
2022/2/15,19,9,
2022/2/16,11,7,1
2022/2/17,7,8,
2022/2/18,14,7,1
2022/2/19,10,7,1
2022/2/20,16,10,
2022/2/21,19,10,
2022/2/22,13,10,1
2022/2/23,14,15,
2022/2/24,20,6,
2022/2/25,12,5,
2022/2/26,10,3,1
2022/2/27,10,5,
2022/2/28,15,9,
2022/3/1,20,14,
2022/3/2,26,13,
2022/3/3,27,10,
2022/3/4,26,7,1
2022/3/5,18,4,1
2022/3/6,17,6,
2022/3/7,24,6,1
2022/3/8,16,11,1
2022/3/9,20,9,1
2022/3/10,21,5,
2022/3/11,24,8,3
2022/3/12,24,11,2
2022/3/13,30,15,2
2022/3/14,37,17,2
2022/3/15,39,10,1
2022/3/16,22,9,1
2022/3/17,29,9,1
2022/3/18,33,9,2
2022/3/19,30,5,1
2022/3/20,27,10,3
2022/3/21,30,15,3
2022/3/22,37,16,4
2022/3/23,38,13,4
2022/3/24,24,12,3
2022/3/25,33,13,3
2022/3/26,32,10,3
2022/3/27,26,13,2
2022/3/28,45,9,2
2022/3/29,35,12,2
2022/3/30,36,10,1
2022/3/31,18,7,1
2021/10/1,7,5,1
2021/10/2,15,3,
2021/10/3,18,8,1
2021/10/4,11,5,
2021/10/5,14,5,
2021/10/6,9,4,1
2021/10/7,3,8,1
2021/10/8,15,6,1
2021/10/9,22,10,1
2021/10/10,23,7,1
2021/10/11,17,10,1
2021/10/12,22,5,1
2021/10/13,9,8,
2021/10/14,14,9,1
2021/10/15,18,7,2
2021/10/16,12,6,1
2021/10/17,12,7,1
2021/10/18,20,8,1
2021/10/19,23,9,1
2021/10/20,22,6,1
2021/10/21,14,9,1
2021/10/22,12,7,1
2021/10/23,10,7,1
2021/10/24,14,8,1
2021/10/25,19,11,2
2021/10/26,23,10,1
2021/10/27,30,9,1
2021/10/28,27,9,1
2021/10/29,34,7,1
2021/10/30,30,8,1
2021/10/31,31,7,1
2021/11/1,23,7,1
2021/11/2,9,8,1
2021/11/3,14,5,
2021/11/4,9,8,1
2021/11/5,9,9,1
2021/11/6,13,9,1
2021/11/7,14,10,1
2021/11/8,15,10,1
2021/11/9,16,11,
2021/11/10,24,9,
2021/11/11,26,9,
2021/11/12,16,9,
2021/11/13,9,6,
2021/11/14,10,8,
2021/11/15,21,5,1
2021/11/16,23,7,
2021/11/17,27,8,
2021/11/18,26,12,1
2021/11/19,27,7,
2021/11/20,24,7,
2021/11/21,23,9,
2021/11/22,24,8,
2021/11/23,20,12,
2021/11/24,25,12,
2021/11/25,31,11,
2021/11/26,15,8,
2021/11/27,12,7,
2021/11/28,12,8,
2021/11/29,11,15,
2021/11/30,21,12,
2021/12/1,18,11,1
2021/12/2,17,9,
2021/12/3,15,14,1
2021/12/4,18,12,
2021/12/5,15,10,
2021/12/6,11,16,1
2021/12/7,21,14,
2021/12/8,24,14,
2021/12/9,23,13,
2021/12/10,20,8,
2021/12/11,20,7,
2021/12/12,9,20,
2021/12/13,28,11,1
2021/12/14,27,10,
2021/12/15,25,10,
2021/12/16,19,9,
2021/12/17,12,10,
2021/12/18,20,13,
2021/12/19,23,10,
2021/12/20,17,13,
2021/12/21,27,11,
2021/12/22,28,15,1
2021/12/23,30,19,2
2021/12/24,28,15,2
2021/12/25,24,5,
2021/12/26,11,10,
2021/12/27,17,10,
2021/12/28,23,12,
2021/12/29,16,11,
2021/12/30,19,8,3
2021/12/31,21,9,
2022/1/1,30,10,2
2022/1/2,20,13,2
2021/7/1,6,6,
2021/7/2,10,3,
2021/7/3,9,6,
2021/7/4,13,4,
2021/7/5,12,6,
2021/7/6,12,4,
2021/7/7,17,5,
2021/7/8,23,3,
2021/7/9,14,5,2
2021/7/10,9,6,
2021/7/11,10,4,
2021/7/12,12,5,
2021/7/13,23,4,
2021/7/14,16,4,1
2021/7/15,10,6,2
2021/7/16,11,3,1
2021/7/17,9,2,1
2021/7/18,9,1,
2021/7/19,14,4,1
2021/7/20,13,4,1
2021/7/21,16,6,1
2021/7/22,18,3,
2021/7/23,16,5,2
2021/7/24,15,3,
2021/7/25,13,5,
2021/7/26,18,7,1
2021/7/27,19,6,1
2021/7/28,18,5,
2021/7/29,9,8,2
2021/7/30,15,4,1
2021/7/31,8,5,1
2021/8/1,7,6,1
2021/8/2,6,5,1
2021/8/3,7,9,1
2021/8/4,11,5,
2021/8/5,7,5,1
2021/8/6,6,5,1
2021/8/7,9,4,
2021/8/8,6,5,
2021/8/9,8,7,
2021/8/10,13,5,
2021/8/11,11,6,1
2021/8/12,18,8,1
2021/8/13,20,8,2
2021/8/14,21,10,2
2021/8/15,19,5,2
2021/8/16,13,2,
2021/8/17,5,3,1
2021/8/18,8,7,1
2021/8/19,10,7,2
2021/8/20,12,7,2
2021/8/21,13,6,2
2021/8/22,13,3,1
2021/8/23,6,3,1
2021/8/24,6,4,
2021/8/25,10,8,2
2021/8/26,14,5,1
2021/8/27,7,6,2
2021/8/28,8,4,2
2021/8/29,6,5,1
2021/8/30,7,4,1
2021/8/31,6,3,
2021/9/1,9,4,1
2021/9/2,12,7,
2021/9/3,16,6,
2021/9/4,13,7,
2021/9/5,12,8,
2021/9/6,18,8,1
2021/9/7,20,8,1
2021/9/8,21,8,2
2021/9/9,20,9,1
2021/9/10,20,9,2
2021/9/11,22,9,2
2021/9/12,17,8,1
2021/9/13,18,9,1
2021/9/14,22,9,1
2021/9/15,25,8,1
2021/9/16,17,5,
2021/9/17,7,6,1
2021/9/18,12,5,1
2021/9/19,9,3,
2021/9/20,6,4,
2021/9/21,9,6,1
2021/9/22,13,7,1
2021/9/23,13,9,1
2021/9/24,16,8,1
2021/9/25,15,5,1
2021/9/26,14,10,1
2021/9/27,16,7,2
2021/9/28,15,8,1
2021/9/29,15,5,2
2021/9/30,6,4,1
2021/4/1,21,7,2
2021/4/2,27,3,
2021/4/3,13,3,
2021/4/4,9,9,1
2021/4/5,13,3,
2021/4/6,8,7,
2021/4/7,10,7,
2021/4/8,13,9,1
2021/4/9,20,9,3
2021/4/10,14,4,1
2021/4/11,11,8,1
2021/4/12,8,1,
2021/4/13,5,4,
2021/4/14,10,6,
2021/4/15,13,9,1
2021/4/16,13,7,2
2021/4/17,14,4,
2021/4/18,13,6,1
2021/4/19,10,6,
2021/4/20,12,8,3
2021/4/21,13,8,1
2021/4/22,12,6,
2021/4/23,17,8,1
2021/4/24,20,7,2
2021/4/25,19,6,
2021/4/26,18,10,
2021/4/27,24,7,
2021/4/28,19,5,
2021/4/29,17,8,1
2021/4/30,11,4,1
2021/5/1,11,2,
2021/5/2,7,4,
2021/5/3,9,7,
2021/5/4,11,8,2
2021/5/5,12,3,
2021/5/6,7,7,
2021/5/7,8,5,
2021/5/8,10,5,
2021/5/9,11,8,
2021/5/10,18,6,
2021/5/11,15,7,
2021/5/12,9,5,
2021/5/13,4,5,
2021/5/14,7,7,2
2021/5/15,8,5,
2021/5/16,7,6,
2021/5/17,5,5,
2021/5/18,8,3,
2021/5/19,5,4,
2021/5/20,8,8,1
2021/5/21,10,6,
2021/5/22,10,4,
2021/5/23,6,7,3
2021/5/24,9,7,
2021/5/25,7,5,
2021/5/26,10,8,3
2021/5/27,11,5,1
2021/5/28,10,4,
2021/5/29,10,3,
2021/5/30,9,7,4
2021/5/31,11,5,
2021/6/1,13,7,1
2021/6/2,19,5,2
2021/6/3,17,5,2
2021/6/4,19,8,1
2021/6/5,18,6,1
2021/6/6,6,9,1
2021/6/7,14,7,1
2021/6/8,18,7,1
2021/6/9,18,8,2
2021/6/10,15,5,2
2021/6/11,9,5,1
2021/6/12,12,2,
2021/6/13,11,3,
2021/6/14,14,7,2
2021/6/15,18,11,3
2021/6/16,18,7,1
2021/6/17,19,6,
2021/6/18,20,6,1
2021/6/19,21,4,
2021/6/20,22,4,
2021/6/21,38,6,2
2021/6/22,36,7,
2021/6/23,26,5,
2021/6/24,41,3,1
2021/6/25,16,5,1
2021/6/26,8,4,
2021/6/27,9,7,
2021/6/28,15,7,
2021/6/29,24,2,
2021/6/30,15,5,3
2021/1/4,15,8,1
2021/1/5,13,8,1
2021/1/6,12,13,1
2021/1/7,17,12,1
2021/1/8,17,15,5
2021/1/9,20,11,1
2021/1/10,20,15,3
2021/1/11,17,19,6
2021/1/12,22,16,2
2021/1/13,21,13,1
2021/1/14,16,13,2
2021/1/15,20,12,
2021/1/16,25,6,
2021/1/17,27,15,1
2021/1/18,37,20,2
2021/1/19,32,21,3
2021/1/20,21,19,1
2021/1/21,22,16,1
2021/1/22,20,8,
2021/1/23,15,9,1
2021/1/24,13,16,1
2021/1/25,15,13,1
2021/1/26,17,14,
2021/1/27,20,22,3
2021/1/28,26,16,1
2021/1/29,27,11,
2021/1/30,17,4,
2021/1/31,11,16,
2021/2/1,24,16,1
2021/2/2,34,16,2
2021/2/3,26,13,1
2021/2/4,19,16,2
2021/2/5,25,9,1
2021/2/6,25,7,1
2021/2/7,29,8,
2021/2/8,10,10,
2021/2/9,12,10,
2021/2/10,15,6,1
2021/2/11,16,6,1
2021/2/12,19,4,
2021/2/13,14,6,1
2021/2/14,11,18,4
2021/2/15,23,18,1
2021/2/16,34,15,1
2021/2/17,29,15,1
2021/2/18,22,17,2
2021/2/19,29,11,3
2021/2/20,30,6,1
2021/2/21,48,14,1
2021/2/22,38,16,1
2021/2/23,41,18,5
2021/2/24,55,17,4
2021/2/25,54,17,3
2021/2/26,54,8,2
2021/2/27,22,9,3
2021/2/28,17,13,2
2021/3/1,23,14,1
2021/3/2,31,15,2
2021/3/3,31,19,3
2021/3/4,32,10,2
2021/3/5,22,5,
2021/3/6,14,13,1
2021/3/7,23,12,3
2021/3/8,24,7,
2021/3/9,22,10,
2021/3/10,25,16,1
2021/3/11,36,10,1
2021/3/12,16,7,1
2021/3/13,14,7,
2021/3/14,12,9,
2021/3/15,10,6,1
2021/3/16,8,6,1
2021/3/17,10,8,
2021/3/18,14,16,3
2021/3/19,15,7,
2021/3/20,14,7,2
2021/3/21,16,6,
2021/3/22,12,5,
2021/3/23,11,6,
2021/3/24,14,10,3
2021/3/25,28,14,4
2021/3/26,22,10,2
2021/3/27,18,4,
2021/3/28,11,8,3
2021/3/29,19,12,2
2021/3/30,21,10,4
2021/3/31,21,10,3
2020/10/1,14,9,1
2020/10/2,18,3,
2020/10/3,12,2,
2020/10/4,5,7,
2020/10/5,8,6,
2020/10/6,10,7,
2020/10/7,11,5,
2020/10/8,11,10,1
2020/10/9,15,4,
2020/10/10,12,4,
2020/10/11,3,2,
2020/10/12,4,5,
2020/10/13,6,7,2
2020/10/14,11,12,3
2020/10/15,12,10,
2020/10/16,6,,
2020/10/18,12,9,2
2020/10/19,15,7,1
2020/10/20,21,9,1
2020/10/21,23,9,1
2020/10/22,23,9,2
2020/10/23,31,8,
2020/10/24,24,6,1
2020/10/25,16,5,
2020/10/26,16,6,
2020/10/27,14,8,1
2020/10/28,11,9,3
2020/10/29,12,9,
2020/10/30,17,7,
2020/10/31,19,7,2
2020/11/1,20,10,1
2020/11/2,24,8,1
2020/11/3,25,3,
2020/11/4,11,4,
2020/11/5,13,13,2
2020/11/6,23,10,1
2020/11/7,24,7,
2020/11/8,24,10,
2020/11/9,25,10,
2020/11/10,17,4,
2020/11/11,13,6,
2020/11/12,16,8,
2020/11/13,23,9,
2020/11/14,22,8,
2020/11/15,17,11,2
2020/11/16,18,11,1
2020/11/17,20,9,1
2020/11/18,19,10,
2020/11/19,24,5,
2020/11/20,11,9,
2020/11/21,19,14,3
2020/11/22,20,16,2
2020/11/23,37,11,2
2020/11/24,28,13,
2020/11/25,29,13,
2020/11/26,30,14,
2020/11/27,37,13,
2020/11/28,31,8,
2020/11/29,21,13,2
2020/11/30,23,11,1
2020/12/1,28,7,
2020/12/2,26,11,
2020/12/3,24,14,
2020/12/4,28,10,
2020/12/5,40,8,
2020/12/6,40,8,
2020/12/7,16,8,
2020/12/8,16,12,
2020/12/9,17,11,1
2020/12/10,14,11,
2020/12/11,18,9,
2020/12/12,21,9,5
2020/12/13,20,11,
2020/12/14,18,11,
2020/12/15,18,11,
2020/12/16,24,10,
2020/12/17,20,10,
2020/12/18,19,12,
2020/12/19,13,9,
2020/12/20,16,10,1
2020/12/21,22,13,2
2020/12/22,22,13,4
2020/12/23,14,11,3
2020/12/24,12,6,
2020/12/25,11,6,
2020/12/26,13,9,
2020/12/27,15,9,
2020/12/28,21,12,3
2020/12/29,31,11,1
2020/12/30,22,11,1
2020/12/31,19,11,1
2021/1/1,29,11,2
2021/1/2,21,8,
2021/1/3,16,10,1
2020/7/1,12,7,3
2020/7/2,9,5,1
2020/7/3,9,7,2
2020/7/4,11,7,
2020/7/5,11,7,
2020/7/6,10,2,
2020/7/7,8,5,1
2020/7/8,12,5,1
2020/7/9,16,8,
2020/7/10,17,6,
2020/7/11,11,3,
2020/7/12,8,6,
2020/7/13,10,7,
2020/7/14,13,7,1
2020/7/15,13,5,1
2020/7/16,9,3,
2020/7/17,7,4,
2020/7/18,6,5,
2020/7/19,6,5,
2020/7/20,11,7,
2020/7/21,15,4,41
2020/7/22,14,6,
2020/7/23,16,7,2
2020/7/24,10,3,
2020/7/25,12,7,4
2020/7/26,13,7,3
2020/7/27,11,7,1
2020/7/28,16,4,
2020/7/29,9,4,
2020/7/30,13,6,
2020/7/31,18,3,1
2020/8/1,18,4,1
2020/8/2,14,4,
2020/8/3,11,2,
2020/8/4,5,1,
2020/8/5,4,3,
2020/8/6,12,8,2
2020/8/7,20,11,5
2020/8/8,23,9,3
2020/8/9,22,9,3
2020/8/10,22,9,2
2020/8/11,18,5,1
2020/8/12,14,5,1
2020/8/13,17,5,1
2020/8/14,10,4,1
2020/8/15,8,1,
2020/8/16,7,4,
2020/8/17,10,8,1
2020/8/18,8,5,1
2020/8/19,8,7,2
2020/8/20,11,6,2
2020/8/21,15,4,1
2020/8/22,13,4,1
2020/8/23,5,4,1
2020/8/24,9,6,4
2020/8/25,10,8,4
2020/8/26,13,5,1
2020/8/27,12,5,1
2020/8/28,16,5,1
2020/8/29,14,3,1
2020/8/30,8,4,1
2020/8/31,6,5,1
2020/9/1,6,6,2
2020/9/2,9,5,
2020/9/3,10,9,2
2020/9/4,14,5,1
2020/9/5,14,4,
2020/9/6,10,4,
2020/9/7,8,4,1
2020/9/8,16,6,
2020/9/9,18,7,1
2020/9/10,18,6,1
2020/9/11,17,7,2
2020/9/12,21,8,2
2020/9/13,21,8,2
2020/9/14,20,10,4
2020/9/15,24,10,4
2020/9/16,29,8,4
2020/9/17,22,4,
2020/9/18,16,6,1
2020/9/19,16,4,2
2020/9/20,12,8,3
2020/9/21,20,7,1
2020/9/22,28,7,
2020/9/23,18,6,1
2020/9/24,8,4,
2020/9/25,6,3,1
2020/9/26,4,4,
2020/9/27,2,6,1
2020/9/28,5,6,1
2020/9/29,6,5,1
2020/9/30,8,8,1
2020/4/1,17,12,2
2020/4/2,21,12,4
2020/4/3,21,9,2
2020/4/4,18,9,2
2020/4/5,20,10,1
2020/4/6,28,9,1
2020/4/7,26,9,2
2020/4/8,24,9,2
2020/4/9,24,9,1
2020/4/10,23,7,1
2020/4/11,17,6,3
2020/4/12,17,9,2
2020/4/13,17,2,
2020/4/14,10,8,1
2020/4/15,14,12,1
2020/4/16,16,8,1
2020/4/17,18,7,1
2020/4/18,18,6,1
2020/4/19,11,3,
2020/4/20,14,3,1
2020/4/21,12,7,1
2020/4/22,17,6,2
2020/4/23,16,11,2
2020/4/24,19,7,1
2020/4/25,18,2,
2020/4/26,13,6,2
2020/4/27,15,4,1
2020/4/28,11,11,2
2020/4/29,11,5,3
2020/4/30,7,3,1
2020/5/1,5,3,1
2020/5/2,5,3,
2020/5/3,7,8,2
2020/5/4,10,8,3
2020/5/5,10,2,
2020/5/6,8,5,1
2020/5/7,9,6,2
2020/5/8,13,10,4
2020/5/9,13,7,3
2020/5/10,11,8,2
2020/5/11,15,3,1
2020/5/12,8,4,
2020/5/13,12,3,1
2020/5/14,14,2,1
2020/5/15,9,3,2
2020/5/16,10,6,2
2020/5/17,12,4,3
2020/5/18,14,9,3
2020/5/19,15,4,1
2020/5/20,13,3,1
2020/5/21,9,4,1
2020/5/22,14,6,2
2020/5/23,13,2,1
2020/5/24,5,3,1
2020/5/25,5,2,1
2020/5/26,7,3,1
2020/5/27,9,7,3
2020/5/28,12,1,1
2020/5/29,7,5,3
2020/5/30,7,5,3
2020/5/31,6,2,1
2020/6/1,7,6,2
2020/6/2,10,5,2
2020/6/3,11,4,2
2020/6/4,7,3,1
2020/6/5,4,3,1
2020/6/6,9,3,1
2020/6/7,8,3,1
2020/6/8,4,4,1
2020/6/9,8,5,1
2020/6/10,8,3,1
2020/6/11,5,7,3
2020/6/12,8,7,3
2020/6/13,11,8,4
2020/6/14,9,5,1
2020/6/15,4,6,1
2020/6/16,11,4,
2020/6/17,12,2,1
2020/6/18,7,4,1
2020/6/19,8,4,1
2020/6/20,8,3,1
2020/6/21,8,3,
2020/6/22,15,4,
2020/6/23,15,5,2
2020/6/24,17,4,
2020/6/25,10,5,1
2020/6/26,14,6,1
2020/6/27,14,6,4
2020/6/28,13,8,2
2020/6/29,10,5,2
2020/6/30,10,8,3
2020/1/1,53,18,4
2020/1/2,21,18,3
2020/1/3,28,13,1
2020/1/4,31,7,
2020/1/5,13,14,
2020/1/6,26,18,3
2020/1/7,31,15,2
2020/1/8,32,19,4
2020/1/9,33,14,
2020/1/10,35,10,
2020/1/11,27,13,1
2020/1/12,27,18,2
2020/1/13,34,17,
2020/1/14,45,19,1
2020/1/15,48,21,3
2020/1/16,43,17,
2020/1/17,34,13,
2020/1/18,34,9,
2020/1/19,23,14,1
2020/1/20,23,15,1
2020/1/21,30,15,
2020/1/22,39,16,
2020/1/23,41,17,
2020/1/24,42,18,
2020/1/25,48,14,
2020/1/26,40,19,1
2020/1/27,46,15,1
2020/1/28,27,13,1
2020/1/29,17,16,
2020/1/30,22,21,4
2020/1/31,27,13,2
2020/2/1,16,11,1
2020/2/2,14,9,
2020/2/3,15,9,
2020/2/4,8,3,
2020/2/5,4,10,
2020/2/6,11,15,
2020/2/7,26,16,1
2020/2/8,29,15,1
2020/2/9,29,12,1
2020/2/10,16,5,
2020/2/11,8,11,1
2020/2/12,11,17,1
2020/2/13,20,13,1
2020/2/14,18,12,1
2020/2/15,17,13,1
2020/2/16,20,16,2
2020/2/17,25,12,
2020/2/18,16,14,1
2020/2/19,15,10,
2020/2/20,12,12,1
2020/2/21,13,15,2
2020/2/22,18,15,2
2020/2/23,16,5,
2020/2/24,10,11,1
2020/2/25,19,8,
2020/2/26,11,6,
2020/2/27,9,5,
2020/2/28,6,17,2
2020/2/29,15,12,1
2020/3/1,15,5,
2020/3/2,7,2,
2020/3/3,5,4,
2020/3/4,10,9,
2020/3/5,12,13,1
2020/3/6,13,10,1
2020/3/7,11,8,
2020/3/8,13,16,3
2020/3/9,22,9,
2020/3/10,13,13,4
2020/3/11,19,12,1
2020/3/12,15,10,
2020/3/13,14,7,3
2020/3/14,11,4,
2020/3/15,13,13,1
2020/3/16,22,12,4
2020/3/17,17,8,1
2020/3/18,16,9,1
2020/3/19,22,9,1
2020/3/20,21,7,
2020/3/21,15,1,
2020/3/22,9,1,
2020/3/23,12,2,
2020/3/24,17,2,
2020/3/25,18,11,3
2020/3/26,22,13,2
2020/3/27,56,11,3
2020/3/28,66,16,2
2020/3/29,35,,
2019/10/1,14,9,1
2019/10/2,14,5,1
2019/10/3,10,6,1
2019/10/4,12,7,
2019/10/5,12,2,
2019/10/6,9,4,
2019/10/7,14,7,
2019/10/8,17,6,
2019/10/9,15,8,
2019/10/10,13,7,
2019/10/11,14,7,
2019/10/12,16,7,
2019/10/13,17,9,1
2019/10/14,22,5,
2019/10/15,21,5,1
2019/10/16,14,7,
2019/10/17,19,8,1
2019/10/18,22,5,1
2019/10/19,16,4,2
2019/10/20,13,11,3
2019/10/21,22,10,1
2019/10/22,26,10,2
2019/10/23,26,11,1
2019/10/24,23,13,1
2019/10/25,25,10,1
2019/10/26,26,10,1
2019/10/27,22,12,2
2019/10/28,21,4,
2019/10/29,10,6,
2019/10/30,13,6,
2019/10/31,16,5,
2019/11/1,21,6,1
2019/11/2,21,4,1
2019/11/3,13,6,1
2019/11/4,11,7,
2019/11/5,12,11,1
2019/11/6,11,8,
2019/11/7,15,7,
2019/11/8,18,7,
2019/11/9,15,6,
2019/11/10,12,9,
2019/11/11,19,9,
2019/11/12,16,8,
2019/11/13,8,12,
2019/11/14,18,7,
2019/11/15,23,7,
2019/11/16,21,4,
2019/11/17,22,6,
2019/11/18,13,10,
2019/11/19,22,10,
2019/11/20,21,10,
2019/11/21,16,9,
2019/11/22,19,7,
2019/11/23,22,7,
2019/11/24,25,10,
2019/11/25,13,10,
2019/11/26,14,10,
2019/11/27,20,7,1
2019/11/28,18,9,1
2019/11/29,14,7,
2019/11/30,12,11,
2019/12/1,19,13,
2019/12/2,18,15,
2019/12/3,24,15,
2019/12/4,26,10,
2019/12/5,30,13,
2019/12/6,34,13,
2019/12/7,29,13,2
2019/12/8,18,16,3
2019/12/9,15,12,
2019/12/10,21,16,2
2019/12/11,21,20,3
2019/12/12,24,17,
2019/12/13,24,11,
2019/12/14,17,16,3
2019/12/15,16,18,15
2019/12/16,22,16,1
2019/12/17,23,15,2
2019/12/18,22,12,
2019/12/19,29,7,
2019/12/20,25,7,
2019/12/21,8,11,
2019/12/22,11,6,
2019/12/23,8,9,
2019/12/24,11,8,
2019/12/25,12,9,
2019/12/26,16,13,
2019/12/27,17,4,
2019/12/28,8,8,
2019/12/29,17,,
2019/7/1,24,5,1
2019/7/2,18,6,1
2019/7/3,15,5,2
2019/7/4,17,10,5
2019/7/5,20,7,3
2019/7/6,20,4,2
2019/7/7,9,6,2
2019/7/8,11,6,2
2019/7/9,13,6,3
2019/7/10,14,9,4
2019/7/11,14,8,2
2019/7/12,11,5,1
2019/7/13,8,2,
2019/7/14,7,6,8
2019/7/15,12,7,2
2019/7/16,13,7,1
2019/7/17,16,6,1
2019/7/18,10,7,3
2019/7/19,14,8,2
2019/7/20,16,6,4
2019/7/21,13,5,2
2019/7/22,13,8,1
2019/7/23,16,9,4
2019/7/24,21,10,2
2019/7/25,23,10,1
2019/7/26,24,9,1
2019/7/27,16,3,
2019/7/28,11,6,1
2019/7/29,13,7,3
2019/7/30,13,8,2
2019/7/31,14,5,1
2019/8/1,11,7,1
2019/8/2,12,6,1
2019/8/3,9,7,3
2019/8/4,9,8,4
2019/8/5,14,9,1
2019/8/6,14,8,1
2019/8/7,14,7,1
2019/8/8,8,5,1
2019/8/9,11,6,2
2019/8/10,15,3,
2019/8/11,10,5,1
2019/8/12,15,2,
2019/8/13,9,6,2
2019/8/14,10,8,4
2019/8/15,11,9,2
2019/8/16,10,8,4
2019/8/17,12,8,3
2019/8/18,13,6,2
2019/8/19,15,7,
2019/8/20,15,5,1
2019/8/21,11,6,
2019/8/22,11,8,1
2019/8/23,20,11,1
2019/8/24,20,8,2
2019/8/25,15,7,1
2019/8/26,21,6,1
2019/8/27,21,9,1
2019/8/28,29,10,2
2019/8/29,30,7,1
2019/8/30,19,9,2
2019/8/31,25,9,4
2019/9/1,24,5,2
2019/9/2,12,5,1
2019/9/3,10,10,3
2019/9/4,16,9,2
2019/9/5,17,5,1
2019/9/6,12,5,
2019/9/7,11,4,
2019/9/8,10,4,
2019/9/9,7,6,2
2019/9/10,12,7,1
2019/9/11,14,9,2
2019/9/12,13,8,4
2019/9/13,12,7,1
2019/9/14,14,4,1
2019/9/15,13,8,2
2019/9/16,18,8,1
2019/9/17,16,5,
2019/9/18,18,6,1
2019/9/19,16,10,2
2019/9/20,16,8,1
2019/9/21,17,6,1
2019/9/22,16,7,1
2019/9/23,17,5,1
2019/9/24,12,8,3
2019/9/25,13,8,3
2019/9/26,10,7,2
2019/9/27,15,8,1
2019/9/28,13,5,1
2019/9/29,11,7,3
2019/9/30,12,8,1
2019/4/1,27,11,1
2019/4/2,33,10,1
2019/4/3,28,6,1
2019/4/4,19,8,1
2019/4/5,17,3,1
2019/4/6,9,5,1
2019/4/7,13,11,2
2019/4/8,15,7,2
2019/4/9,19,10,2
2019/4/10,19,4,1
2019/4/11,19,3,
2019/4/12,20,4,
2019/4/13,20,6,
2019/4/14,20,8,2
2019/4/15,19,13,3
2019/4/16,24,10,3
2019/4/17,21,11,2
2019/4/18,17,13,4
2019/4/19,18,12,4
2019/4/20,27,11,4
2019/4/21,36,8,3
2019/4/22,20,5,1
2019/4/23,23,4,1
2019/4/24,26,7,2
2019/4/25,24,8,1
2019/4/26,34,3,1
2019/4/27,5,5,2
2019/4/28,7,5,2
2019/4/29,8,7,1
2019/4/30,8,3,1
2019/5/1,14,7,3
2019/5/2,15,6,2
2019/5/3,11,3,1
2019/5/4,7,1,1
2019/5/5,5,3,1
2019/5/6,8,5,1
2019/5/7,12,6,1
2019/5/8,14,6,1
2019/5/9,9,6,2
2019/5/10,10,6,3
2019/5/11,10,2,1
2019/5/12,5,1,1
2019/5/13,11,1,1
2019/5/14,10,3,1
2019/5/15,7,,1
2019/5/16,8,,1
2019/5/17,11,,1
2019/5/18,17,,3
2019/5/19,19,7,1
2019/5/20,11,3,1
2019/5/21,8,,2
2019/5/22,10,4,1
2019/5/23,9,8,4
2019/5/24,13,8,4
2019/5/25,14,9,4
2019/5/26,12,11,4
2019/5/27,18,7,2
2019/5/28,11,6,2
2019/5/29,6,5,1
2019/5/30,10,5,1
2019/5/31,14,5,4
2019/6/1,11,6,3
2019/6/2,13,8,4
2019/6/3,15,9,4
2019/6/4,15,8,4
2019/6/5,17,6,1
2019/6/6,18,7,3
2019/6/7,17,5,3
2019/6/8,18,6,5
2019/6/9,16,6,2
2019/6/10,24,8,3
2019/6/11,26,7,2
2019/6/12,22,5,2
2019/6/13,29,5,3
2019/6/14,24,11,4
2019/6/15,27,7,2
2019/6/16,20,7,4
2019/6/17,13,6,3
2019/6/18,18,10,4
2019/6/19,15,4,3
2019/6/20,13,7,3
2019/6/21,10,8,2
2019/6/22,11,4,2
2019/6/23,10,5,2
2019/6/24,15,7,3
2019/6/25,20,6,3
2019/6/26,21,8,4
2019/6/27,28,4,1
2019/6/28,20,5,2
2019/6/29,18,6,3
2019/6/30,17,9,4
2019/1/1,37,5,1
2019/1/2,10,3,
2019/1/3,8,14,
2019/1/4,15,14,1
2019/1/5,21,9,1
2019/1/6,13,13,
2019/1/7,17,19,2
2019/1/8,28,17,
2019/1/9,25,11,
2019/1/10,14,10,1
2019/1/11,17,18,
2019/1/12,29,16,1
2019/1/13,26,11,1
2019/1/14,12,14,1
2019/1/15,16,22,3
2019/1/16,33,22,7
2019/1/17,19,13,2
2019/1/18,12,14,1
2019/1/19,18,14,2
2019/1/20,23,18,
2019/1/21,34,12,1
2019/1/22,31,16,1
2019/1/23,37,14,1
2019/1/24,36,9,
2019/1/25,21,21,1
2019/1/26,35,24,1
2019/1/27,42,16,2
2019/1/28,22,14,4
2019/1/29,20,10,
2019/1/30,20,18,1
2019/1/31,31,18,1
2019/2/1,32,11,1
2019/2/2,24,6,1
2019/2/3,12,8,1
2019/2/4,12,13,1
2019/2/5,26,19,1
2019/2/6,34,20,3
2019/2/7,37,21,3
2019/2/8,37,17,1
2019/2/9,34,11,1
2019/2/10,22,7,
2019/2/11,8,4,1
2019/2/12,7,12,1
2019/2/13,20,21,3
2019/2/14,29,17,2
2019/2/15,26,17,4
2019/2/16,25,18,6
2019/2/17,28,18,3
2019/2/18,32,19,2
2019/2/19,33,21,3
2019/2/20,37,15,3
2019/2/21,34,8,1
2019/2/22,13,4,
2019/2/23,11,14,2
2019/2/24,21,20,1
2019/2/25,33,9,
2019/2/26,17,14,1
2019/2/27,21,15,4
2019/2/28,19,11,1
2019/3/1,17,9,1
2019/3/4,16,11,1
2019/3/5,14,11,1
2019/3/6,18,2,1
2019/3/7,14,8,1
2019/3/8,11,7,1
2019/3/9,10,10,1
2019/3/10,15,4,1
2019/3/11,8,10,1
2019/3/12,12,17,4
2019/3/13,17,11,2
2019/3/14,15,13,1
2019/3/15,14,10,1
2019/3/16,15,8,4
2019/3/17,14,6,1
2019/3/18,10,12,1
2019/3/19,16,9,1
2019/3/20,17,14,1
2019/3/21,27,12,1
2019/3/22,24,,
2019/3/25,20,5,1
2019/3/26,8,9,1
2019/3/27,15,13,1
2019/3/28,19,8,1
2019/3/29,17,13,2
2019/3/30,21,10,2
2019/3/31,21,11,1
2018/10/1,18,8,1
2018/10/2,11,13,6
2018/10/3,19,9,1
2018/10/4,19,8,5
2018/10/5,28,8,2
2018/10/6,29,5,2
2018/10/7,18,10,2
2018/10/8,16,6,1
2018/10/9,24,7,2
2018/10/10,33,10,3
2018/10/11,34,10,3
2018/10/12,36,8,2
2018/10/13,35,8,3
2018/10/14,30,12,3
2018/10/15,36,13,3
2018/10/16,36,11,3
2018/10/17,28,10,5
2018/10/18,31,10,2
2018/10/19,32,10,2
2018/10/20,28,5,1
2018/10/21,17,11,2
2018/10/22,18,10,2
2018/10/23,21,4,2
2018/10/24,9,9,1
2018/10/25,17,8,4
2018/10/26,17,7,4
2018/10/27,14,3,1
2018/10/28,8,8,1
2018/10/29,16,2,1
2018/10/30,9,9,2
2018/10/31,15,8,2
2018/11/1,23,9,4
2018/11/2,20,6,1
2018/11/3,22,5,1
2018/11/4,22,7,1
2018/11/5,32,8,1
2018/11/6,38,10,1
2018/11/7,37,7,2
2018/11/8,22,8,1
2018/11/9,21,7,1
2018/11/10,30,9,3
2018/11/11,19,9,2
2018/11/12,19,9,3
2018/11/13,25,10,1
2018/11/14,22,10,1
2018/11/15,24,9,1
2018/11/16,23,10,2
2018/11/17,20,13,
2018/11/18,22,10,1
2018/11/19,21,9,2
2018/11/20,15,10,2
2018/11/21,19,9,1
2018/11/22,18,10,1
2018/11/23,21,8,2
2018/11/24,24,8,1
2018/11/25,16,8,2
2018/11/26,5,7,1
2018/11/27,7,9,1
2018/11/28,22,4,
2018/11/29,18,14,
2018/11/30,37,12,
2018/12/1,47,12,
2018/12/2,47,14,5
2018/12/3,19,12,4
2018/12/4,17,11,1
2018/12/5,20,14,
2018/12/6,28,14,2
2018/12/7,35,10,
2018/12/8,18,14,2
2018/12/9,22,13,
2018/12/10,17,11,1
2018/12/11,15,12,2
2018/12/12,14,10,
2018/12/13,17,6,
2018/12/14,17,6,
2018/12/15,15,13,1
2018/12/16,27,18,1
2018/12/17,38,20,2
2018/12/18,40,19,
2018/12/19,34,19,2
2018/12/20,42,18,4
2018/12/21,30,16,6
2018/12/22,20,14,2
2018/12/23,24,7,
2018/12/24,12,6,1
2018/12/25,12,15,1
2018/12/26,27,19,2
2018/12/27,30,17,3
2018/12/28,29,13,
2018/12/29,35,10,1
2018/12/30,23,,
2018/7/1,11,5,
2018/7/2,15,4,
2018/7/3,19,6,4
2018/7/4,21,9,4
2018/7/5,19,6,2
2018/7/6,9,2,
2018/7/7,11,5,2
2018/7/8,14,5,2
2018/7/9,16,6,3
2018/7/10,16,7,1
2018/7/11,11,7,2
2018/7/12,13,8,4
2018/7/13,14,9,7
2018/7/14,15,8,5
2018/7/15,13,9,3
2018/7/16,15,8,3
2018/7/17,15,7,1
2018/7/18,18,6,2
2018/7/19,17,9,5
2018/7/20,22,8,3
2018/7/21,18,4,2
2018/7/22,11,4,1
2018/7/23,16,4,2
2018/7/24,20,8,5
2018/7/25,21,11,4
2018/7/26,16,9,4
2018/7/27,18,6,5
2018/7/28,15,6,4
2018/7/29,15,11,5
2018/7/30,20,9,6
2018/7/31,19,9,5
2018/8/1,28,8,2
2018/8/2,21,11,2
2018/8/3,19,7,3
2018/8/4,19,11,5
2018/8/5,18,7,4
2018/8/6,20,8,3
2018/8/7,21,6,1
2018/8/8,16,7,2
2018/8/9,18,8,1
2018/8/10,20,6,2
2018/8/11,9,7,3
2018/8/12,13,9,3
2018/8/13,17,8,1
2018/8/14,13,5,2
2018/8/15,13,11,5
2018/8/16,15,10,4
2018/8/17,16,12,6
2018/8/18,18,11,6
2018/8/19,17,14,7
2018/8/20,19,9,1
2018/8/21,20,11,5
2018/8/22,23,10,3
2018/8/23,24,10,4
2018/8/24,24,5,1
2018/8/25,9,3,1
2018/8/26,6,6,5
2018/8/27,10,9,7
2018/8/28,14,8,3
2018/8/29,17,9,4
2018/8/30,15,11,3
2018/8/31,11,5,1
2018/9/1,9,3,1
2018/9/2,10,4,1
2018/9/3,12,6,2
2018/9/4,11,5,1
2018/9/5,16,10,4
2018/9/6,21,7,2
2018/9/7,19,7,3
2018/9/8,14,5,2
2018/9/9,15,8,5
2018/9/10,17,11,6
2018/9/11,18,13,6
2018/9/12,21,12,6
2018/9/13,23,9,3
2018/9/14,27,,
2018/9/17,19,7,3
2018/9/18,27,10,3
2018/9/19,26,9,3
2018/9/20,20,11,4
2018/9/21,28,5,3
2018/9/22,12,3,1
2018/9/23,12,3,1
2018/9/24,8,6,1
2018/9/25,12,9,10
2018/9/26,17,11,3
2018/9/27,22,11,5
2018/9/28,18,6,1
2018/9/29,16,7,7
2018/9/30,15,10,2
2018/4/1,8,6,1
2018/4/2,10,8,7
2018/4/3,17,1,
2018/4/4,14,11,1
2018/4/5,15,4,
2018/4/6,14,6,3
2018/4/7,18,3,
2018/4/8,20,10,2
2018/4/9,24,5,
2018/4/10,17,5,1
2018/4/11,20,8,1
2018/4/12,22,5,
2018/4/13,12,9,3
2018/4/14,13,10,6
2018/4/15,26,9,1
2018/4/16,32,5,5
2018/4/17,14,8,
2018/4/18,25,9,2
2018/4/19,22,8,2
2018/4/20,20,7,2
2018/4/21,18,10,6
2018/4/22,22,10,3
2018/4/23,25,8,2
2018/4/24,15,9,3
2018/4/25,21,6,1
2018/4/26,18,6,
2018/4/27,15,5,1
2018/4/28,20,5,1
2018/4/29,27,3,
2018/4/30,20,5,1
2018/5/1,13,7,3
2018/5/2,22,6,1
2018/5/3,17,6,1
2018/5/4,22,3,
2018/5/5,15,4,
2018/5/6,19,11,6
2018/5/7,20,11,3
2018/5/8,19,10,3
2018/5/9,16,9,4
2018/5/10,17,5,1
2018/5/11,15,5,1
2018/5/12,17,5,1
2018/5/13,14,6,
2018/5/14,11,4,
2018/5/15,8,5,2
2018/5/16,12,6,1
2018/5/17,11,7,5
2018/5/18,16,7,3
2018/5/19,15,5,3
2018/5/20,14,5,1
2018/5/21,13,6,2
2018/5/22,18,5,1
2018/5/23,18,8,1
2018/5/24,16,7,2
2018/5/25,14,3,1
2018/5/26,13,5,2
2018/5/27,13,8,4
2018/5/28,22,7,1
2018/5/29,25,7,1
2018/5/30,22,5,2
2018/5/31,26,7,1
2018/6/1,22,6,4
2018/6/2,13,9,3
2018/6/3,11,7,2
2018/6/4,16,6,1
2018/6/5,16,8,2
2018/6/6,19,7,
2018/6/7,16,5,1
2018/6/8,17,4,1
2018/6/9,14,4,2
2018/6/10,15,5,
2018/6/11,14,4,1
2018/6/12,24,5,
2018/6/13,12,2,
2018/6/14,9,2,7
2018/6/15,10,6,3
2018/6/16,15,7,4
2018/6/17,17,3,3
2018/6/18,14,3,2
2018/6/19,12,7,5
2018/6/20,16,7,2
2018/6/21,18,3,1
2018/6/22,12,2,
2018/6/23,9,4,2
2018/6/24,8,4,
2018/6/25,9,6,5
2018/6/26,10,3,1
2018/6/27,9,5,1
2018/6/28,7,5,2
2018/6/29,12,3,1
2018/6/30,15,1,
2018/1/1,34,15,1
2018/1/2,23,16,
2018/1/3,19,18,1
2018/1/4,30,15,5
2018/1/5,26,10,3
2018/1/6,19,11,5
2018/1/7,17,10,2
2018/1/8,23,8,1
2018/1/9,27,9,1
2018/1/10,17,11,
2018/1/11,18,12,1
2018/1/12,22,8,
2018/1/13,17,3,2
2018/1/14,12,8,
2018/1/15,19,13,3
2018/1/16,24,11,1
2018/1/17,15,16,1
2018/1/18,19,15,2
2018/1/19,16,18,3
2018/1/20,23,9,1
2018/1/21,17,14,1
2018/1/22,17,13,
2018/1/23,26,19,3
2018/1/24,35,17,1
2018/1/25,33,18,5
2018/1/26,40,12,
2018/1/27,31,13,1
2018/1/28,29,18,5
2018/1/29,32,12,1
2018/1/30,20,17,1
2018/1/31,27,11,5
2018/2/1,18,11,
2018/2/2,9,11,1
2018/2/3,16,13,2
2018/2/4,16,13,2
2018/2/5,20,7,2
2018/2/6,31,11,1
2018/2/7,29,13,1
2018/2/8,21,14,
2018/2/9,39,10,
2018/2/10,54,8,1
2018/2/11,31,19,1
2018/2/12,23,9,
2018/2/13,12,11,1
2018/2/14,19,16,
2018/2/15,37,22,
2018/2/16,42,11,1
2018/2/17,36,7,
2018/2/18,30,10,
2018/2/19,26,13,1
2018/2/20,20,12,
2018/2/21,20,10,1
2018/2/22,22,12,
2018/2/23,25,9,
2018/2/24,36,7,
2018/2/25,25,7,1
2018/2/26,28,6,1
2018/2/27,28,18,1
2018/2/28,41,16,2
2018/3/1,55,17,1
2018/3/2,68,10,2
2018/3/3,57,8,
2018/3/4,53,14,4
2018/3/5,48,18,3
2018/3/6,40,20,2
2018/3/7,32,12,1
2018/3/8,18,26,4
2018/3/9,31,16,4
2018/3/10,19,10,3
2018/3/11,15,7,1
2018/3/12,12,9,2
2018/3/13,9,9,2
2018/3/14,12,8,
2018/3/15,15,10,1
2018/3/16,15,9,1
2018/3/17,14,7,
2018/3/18,16,8,
2018/3/19,21,7,
2018/3/20,31,11,1
2018/3/21,27,13,3
2018/3/22,29,15,
2018/3/23,26,9,1
2018/3/24,20,4,
2018/3/25,29,10,
2018/3/26,38,11,1
2018/3/27,27,13,1
2018/3/28,22,16,3
2018/3/29,28,10,1
2018/3/30,11,7,
2018/3/31,15,3,1
2017/10/1,25,9,2
2017/10/2,29,11,3
2017/10/3,21,8,2
2017/10/4,17,10,3
2017/10/5,20,5,
2017/10/6,8,6,1
2017/10/7,10,9,5
2017/10/8,11,8,1
2017/10/9,15,9,2
2017/10/10,18,10,2
2017/10/11,19,12,4
2017/10/12,23,11,2
2017/10/13,25,9,4
2017/10/14,28,8,2
2017/10/15,25,12,1
2017/10/16,27,12,1
2017/10/17,28,12,2
2017/10/18,27,13,1
2017/10/19,27,13,1
2017/10/20,27,13,4
2017/10/21,24,7,2
2017/10/22,14,5,1
2017/10/23,6,4,1
2017/10/24,6,12,1
2017/10/25,18,7,3
2017/10/26,18,6,2
2017/10/27,14,6,1
2017/10/28,11,4,1
2017/10/29,8,7,1
2017/10/30,9,10,1
2017/10/31,16,12,5
2017/11/1,23,10,5
2017/11/2,21,14,2
2017/11/3,22,9,
2017/11/4,28,9,2
2017/11/5,28,6,
2017/11/6,10,12,3
2017/11/7,17,10,
2017/11/8,16,9,
2017/11/9,15,10,
2017/11/10,20,7,
2017/11/11,16,5,
2017/11/12,16,3,1
2017/11/13,6,8,5
2017/11/14,12,17,3
2017/11/15,27,18,3
2017/11/16,29,13,
2017/11/17,31,10,1
2017/11/18,25,10,2
2017/11/19,19,9,1
2017/11/20,11,21,4
2017/11/21,26,,
2017/11/23,25,17,6
2017/11/24,27,11,2
2017/11/25,28,2,1
2017/11/26,8,13,1
2017/11/27,19,21,3
2017/11/28,28,18,2
2017/11/29,29,15,
2017/11/30,21,16,2
2017/12/1,21,13,1
2017/12/2,23,11,
2017/12/3,20,19,3
2017/12/4,39,16,2
2017/12/5,27,17,
2017/12/6,29,20,1
2017/12/7,39,19,4
2017/12/8,24,7,1
2017/12/9,11,10,3
2017/12/10,17,16,1
2017/12/11,21,6,
2017/12/12,12,9,
2017/12/13,11,14,3
2017/12/14,18,16,2
2017/12/15,23,10,1
2017/12/16,16,17,6
2017/12/17,30,14,1
2017/12/18,24,19,3
2017/12/19,26,18,
2017/12/20,33,18,
2017/12/21,35,15,4
2017/12/22,34,11,1
2017/12/23,21,14,2
2017/12/24,26,14,3
2017/12/25,25,,
2017/12/27,17,3,
2017/12/28,7,8,1
2017/12/29,12,20,9
2017/12/30,20,,
2017/7/1,8,6,3
2017/7/2,7,5,1
2017/7/3,11,9,3
2017/7/4,14,8,3
2017/7/5,17,9,4
2017/7/6,18,9,2
2017/7/7,19,8,3
2017/7/8,15,6,3
2017/7/9,17,8,4
2017/7/10,19,6,3
2017/7/11,13,5,1
2017/7/12,10,3,1
2017/7/13,9,6,1
2017/7/14,14,5,1
2017/7/15,9,4,2
2017/7/16,9,9,4
2017/7/17,14,8,5
2017/7/18,16,12,5
2017/7/19,18,8,3
2017/7/20,16,8,6
2017/7/21,11,9,4
2017/7/22,16,9,4
2017/7/23,15,7,2
2017/7/24,8,3,
2017/7/25,7,8,
2017/7/26,9,8,1
2017/7/27,12,9,4
2017/7/28,13,5,4
2017/7/29,12,7,3
2017/7/30,16,7,4
2017/7/31,14,8,2
2017/8/1,22,7,3
2017/8/2,24,7,2
2017/8/3,18,9,7
2017/8/4,23,6,2
2017/8/5,14,5,2
2017/8/6,9,3,1
2017/8/7,12,4,
2017/8/8,18,8,2
2017/8/9,22,10,2
2017/8/10,24,8,2
2017/8/11,20,1,1
2017/8/12,5,3,1
2017/8/13,6,7,6
2017/8/14,11,8,4
2017/8/15,12,11,5
2017/8/16,15,8,3
2017/8/17,14,9,4
2017/8/18,20,10,4
2017/8/19,12,3,1
2017/8/20,7,7,4
2017/8/21,11,9,8
2017/8/22,15,8,3
2017/8/23,16,10,3
2017/8/24,19,11,4
2017/8/25,19,10,4
2017/8/26,21,7,4
2017/8/27,16,8,3
2017/8/28,15,5,2
2017/8/29,15,9,2
2017/8/30,17,10,3
2017/8/31,21,8,2
2017/9/1,12,5,1
2017/9/2,8,4,2
2017/9/3,6,6,2
2017/9/4,10,8,3
2017/9/5,12,12,1
2017/9/6,14,,
2017/9/11,12,6,3
2017/9/12,8,6,4
2017/9/13,10,5,4
2017/9/14,10,6,1
2017/9/15,8,5,
2017/9/16,9,4,1
2017/9/17,8,7,2
2017/9/18,10,6,2
2017/9/19,7,7,1
2017/9/20,10,7,2
2017/9/21,9,7,2
2017/9/22,12,5,3
2017/9/23,14,5,2
2017/9/24,18,5,1
2017/9/25,18,11,3
2017/9/26,16,10,3
2017/9/27,21,6,1
2017/9/28,26,7,1
2017/9/29,29,5,
2017/9/30,24,5,1
2017/4/1,22,9,2
2017/4/2,17,11,6
2017/4/3,24,11,3
2017/4/4,21,8,1
2017/4/5,12,4,
2017/4/6,11,8,
2017/4/7,13,4,
2017/4/8,9,6,
2017/4/9,12,11,2
2017/4/10,18,8,1
2017/4/11,15,9,
2017/4/12,20,14,4
2017/4/13,19,7,
2017/4/14,16,4,
2017/4/15,19,4,
2017/4/16,23,3,
2017/4/17,7,4,
2017/4/18,8,2,4
2017/4/19,11,1,
2017/4/20,14,6,
2017/4/21,17,6,1
2017/4/22,15,2,
2017/4/23,7,11,1
2017/4/24,18,8,5
2017/4/25,15,2,
2017/4/26,14,5,
2017/4/27,10,7,
2017/4/28,7,7,
2017/4/29,12,9,
2017/4/30,14,5,
2017/5/1,20,6,
2017/5/2,17,9,3
2017/5/3,14,8,
2017/5/4,14,10,
2017/5/5,11,7,
2017/5/6,9,4,
2017/5/7,10,5,
2017/5/8,10,4,
2017/5/9,7,3,
2017/5/10,11,8,3
2017/5/11,14,6,1
2017/5/12,13,6,3
2017/5/13,7,9,5
2017/5/14,9,5,1
2017/5/15,9,6,5
2017/5/16,14,8,2
2017/5/17,18,7,
2017/5/18,18,7,2
2017/5/19,19,2,1
2017/5/20,9,1,
2017/5/21,9,8,4
2017/5/22,16,4,1
2017/5/23,11,8,1
2017/5/24,14,2,1
2017/5/25,8,5,2
2017/5/26,11,5,3
2017/5/27,13,4,1
2017/5/28,14,8,5
2017/5/29,17,10,5
2017/5/30,23,11,2
2017/5/31,21,8,2
2017/6/1,18,8,3
2017/6/2,16,6,2
2017/6/3,13,6,1
2017/6/4,15,5,
2017/6/5,10,8,1
2017/6/6,16,6,
2017/6/7,9,4,3
2017/6/8,9,8,3
2017/6/9,12,5,1
2017/6/10,11,5,2
2017/6/11,12,9,3
2017/6/12,18,7,2
2017/6/13,20,4,
2017/6/14,20,4,1
2017/6/15,19,8,2
2017/6/16,17,3,1
2017/6/17,14,2,
2017/6/18,11,7,6
2017/6/19,16,9,3
2017/6/20,20,8,3
2017/6/21,25,10,5
2017/6/22,25,10,3
2017/6/23,24,6,1
2017/6/24,25,4,1
2017/6/25,15,5,2
2017/6/26,14,7,1
2017/6/27,17,6,1
2017/6/28,17,3,
2017/6/29,9,4,1
2017/6/30,11,4,1
2017/1/2,29,16,2
2017/1/3,29,15,3
2017/1/4,28,5,1
2017/1/5,8,1,
2017/1/6,10,8,
2017/1/7,21,11,1
2017/1/8,27,13,1
2017/1/9,34,8,2
2017/1/10,28,22,6
2017/1/11,38,26,3
2017/1/12,46,16,1
2017/1/13,30,16,
2017/1/14,22,17,3
2017/1/15,25,18,3
2017/1/16,21,5,1
2017/1/17,13,18,1
2017/1/18,31,23,2
2017/1/19,39,24,3
2017/1/20,47,25,3
2017/1/21,45,24,4
2017/1/22,55,29,2
2017/1/23,72,26,1
2017/1/24,84,17,1
2017/1/25,54,13,2
2017/1/26,27,20,3
2017/1/27,37,21,1
2017/1/28,52,22,2
2017/1/29,62,26,3
2017/1/30,64,27,1
2017/1/31,71,27,1
2017/2/1,72,25,1
2017/2/2,68,17,7
2017/2/3,29,15,3
2017/2/4,28,14,1
2017/2/5,22,18,3
2017/2/6,13,14,2
2017/2/7,19,11,
2017/2/8,33,13,
2017/2/9,50,12,1
2017/2/10,43,12,1
2017/2/11,49,9,1
2017/2/12,54,11,1
2017/2/13,54,16,2
2017/2/14,34,17,4
2017/2/15,27,16,4
2017/2/16,29,16,4
2017/2/17,27,14,3
2017/2/18,19,10,2
2017/2/19,19,19,6
2017/2/20,33,20,4
2017/2/21,31,15,3
2017/2/22,27,15,1
2017/2/23,29,11,1
2017/2/24,16,8,1
2017/2/25,15,16,3
2017/2/26,23,19,4
2017/2/27,32,8,2
2017/2/28,15,9,1
2017/3/1,12,18,4
2017/3/2,18,14,3
2017/3/3,21,8,1
2017/3/4,21,5,
2017/3/5,12,14,2
2017/3/6,17,9,1
2017/3/7,12,9,1
2017/3/8,13,13,5
2017/3/9,16,4,1
2017/3/10,7,6,
2017/3/11,11,6,1
2017/3/12,14,15,4
2017/3/13,22,14,2
2017/3/14,25,15,1
2017/3/15,30,14,2
2017/3/16,32,18,4
2017/3/17,28,13,3
2017/3/18,23,7,
2017/3/19,17,10,2
2017/3/20,22,11,2
2017/3/21,25,9,1
2017/3/22,25,12,1
2017/3/23,24,11,2
2017/3/24,24,8,
2017/3/25,27,6,1
2017/3/26,20,12,2
2017/3/27,21,15,1
2017/3/28,20,10,
2017/3/29,25,12,
2017/3/30,26,12,
2017/3/31,24,11,
2016/10/1,19,11,5
2016/10/2,18,6,1
2016/10/3,9,5,1
2016/10/4,13,7,2
2016/10/5,10,6,
2016/10/6,11,7,
2016/10/7,12,5,1
2016/10/8,13,5,6
2016/10/9,11,7,
2016/10/10,13,7,
2016/10/11,10,6,
2016/10/12,14,9,2
2016/10/13,15,9,1
2016/10/14,26,7,2
2016/10/15,28,3,3
2016/10/16,27,9,
2016/10/17,26,6,
2016/10/18,19,8,1
2016/10/19,13,14,
2016/10/20,9,9,1
2016/10/21,13,7,3
2016/10/22,15,6,1
2016/10/23,17,12,3
2016/10/24,24,9,2
2016/10/25,20,4,
2016/10/26,12,9,
2016/10/27,21,9,
2016/10/28,28,9,2
2016/10/29,22,7,3
2016/10/30,20,12,4
2016/10/31,29,10,5
2016/11/1,26,11,1
2016/11/2,21,10,1
2016/11/3,14,12,
2016/11/4,25,10,2
2016/11/5,28,5,1
2016/11/6,16,11,
2016/11/7,10,11,
2016/11/8,11,11,3
2016/11/9,17,12,2
2016/11/10,24,10,1
2016/11/11,23,6,2
2016/11/12,7,7,
2016/11/13,20,9,
2016/11/14,17,16,
2016/11/15,34,20,1
2016/11/16,45,15,
2016/11/17,43,9,
2016/11/18,20,8,
2016/11/19,22,9,2
2016/11/20,14,10,2
2016/11/21,23,9,1
2016/11/22,22,9,1
2016/11/23,24,9,2
2016/11/24,23,9,
2016/11/25,28,8,3
2016/11/26,21,8,
2016/11/27,28,7,
2016/11/28,13,10,1
2016/11/29,18,18,3
2016/11/30,32,26,1
2016/12/1,47,8,1
2016/12/2,20,14,1
2016/12/3,21,12,
2016/12/4,27,17,2
2016/12/5,43,20,4
2016/12/6,40,19,1
2016/12/7,50,18,
2016/12/8,46,24,9
2016/12/9,43,19,7
2016/12/10,31,15,7
2016/12/11,21,15,1
2016/12/12,22,10,
2016/12/13,22,23,5
2016/12/14,53,15,1
2016/12/15,37,11,
2016/12/16,26,17,5
2016/12/17,30,18,6
2016/12/18,31,14,
2016/12/19,49,18,1
2016/12/20,48,16,1
2016/12/21,36,15,
2016/12/22,39,18,1
2016/12/23,45,16,
2016/12/24,43,14,2
2016/12/25,52,13,1
2016/12/26,32,5,2
2016/12/27,12,7,2
2016/12/28,8,16,1
2016/12/29,19,19,4
2016/12/30,25,20,9
2016/12/31,31,21,15
2017/1/1,36,22,11
2016/7/1,14,6,4
2016/7/2,18,2,1
2016/7/3,8,6,6
2016/7/4,14,6,2
2016/7/5,15,3,1
2016/7/6,11,4,1
2016/7/7,15,6,2
2016/7/8,19,5,2
2016/7/9,13,7,2
2016/7/10,17,8,2
2016/7/11,21,7,2
2016/7/12,18,6,2
2016/7/13,10,5,1
2016/7/14,6,3,1
2016/7/15,8,2,1
2016/7/16,8,4,1
2016/7/17,10,6,3
2016/7/18,10,6,2
2016/7/19,15,6,2
2016/7/20,18,7,2
2016/7/21,18,5,1
2016/7/22,14,4,1
2016/7/23,15,4,1
2016/7/24,17,10,4
2016/7/25,15,9,4
2016/7/26,15,10,4
2016/7/27,19,8,3
2016/7/28,11,7,4
2016/7/29,12,7,2
2016/7/30,13,5,2
2016/7/31,11,9,2
2016/8/1,12,3,1
2016/8/2,13,7,2
2016/8/3,17,11,4
2016/8/4,18,1,2
2016/8/5,19,1,
2016/8/6,8,6,1
2016/8/7,11,11,
2016/8/8,16,13,2
2016/8/9,16,7,1
2016/8/10,6,6,2
2016/8/11,11,12,4
2016/8/12,15,6,2
2016/8/13,12,5,3
2016/8/14,12,4,3
2016/8/15,12,5,2
2016/8/16,12,5,1
2016/8/17,16,6,1
2016/8/18,17,7,2
2016/8/19,13,5,2
2016/8/20,14,3,1
2016/8/21,10,7,2
2016/8/22,10,5,1
2016/8/23,15,5,2
2016/8/24,16,7,2
2016/8/25,20,8,2
2016/8/26,20,8,3
2016/8/27,23,7,3
2016/8/28,28,8,1
2016/8/29,18,6,1
2016/8/30,15,6,1
2016/8/31,18,8,1
2016/9/1,18,10,4
2016/9/2,19,11,6
2016/9/3,19,10,4
2016/9/4,18,5,2
2016/9/5,10,6,1
2016/9/6,9,9,5
2016/9/7,17,12,4
2016/9/8,26,12,7
2016/9/9,23,13,6
2016/9/10,25,15,7
2016/9/11,27,13,7
2016/9/12,32,14,5
2016/9/13,31,13,5
2016/9/14,30,11,6
2016/9/15,28,,3
2016/9/16,19,,3
2016/9/17,11,,3
2016/9/18,9,6,2
2016/9/19,7,7,1
2016/9/20,9,7,3
2016/9/21,16,10,8
2016/9/22,15,9,4
2016/9/23,17,8,4
2016/9/24,17,10,3
2016/9/25,15,12,6
2016/9/26,19,8,
2016/9/27,20,13,4
2016/9/28,22,14,4
2016/9/29,21,10,3
2016/9/30,19,12,3
2016/4/1,28,5,
2016/4/2,17,11,2
2016/4/3,26,11,3
2016/4/4,39,12,2
2016/4/5,59,10,3
2016/4/6,48,9,1
2016/4/7,22,7,1
2016/4/8,15,4,1
2016/4/9,8,4,2
2016/4/10,11,9,5
2016/4/11,20,7,1
2016/4/12,19,7,4
2016/4/13,20,4,1
2016/4/14,9,10,2
2016/4/15,13,9,3
2016/4/16,15,3,
2016/4/17,15,6,
2016/4/18,12,7,1
2016/4/19,10,10,1
2016/4/20,21,11,2
2016/4/21,23,9,4
2016/4/22,22,5,1
2016/4/23,17,3,1
2016/4/24,10,6,
2016/4/25,10,7,2
2016/4/26,14,6,
2016/4/27,9,9,1
2016/4/28,14,10,1
2016/4/29,15,11,4
2016/4/30,14,5,
2016/5/1,18,5,
2016/5/2,11,4,1
2016/5/3,13,3,
2016/5/4,7,4,2
2016/5/5,8,10,5
2016/5/6,17,9,2
2016/5/7,14,7,2
2016/5/8,13,8,2
2016/5/9,14,8,1
2016/5/10,19,5,
2016/5/11,18,7,
2016/5/12,14,6,1
2016/5/13,8,9,2
2016/5/14,10,4,2
2016/5/15,11,4,2
2016/5/16,10,7,1
2016/5/17,10,7,2
2016/5/18,15,8,2
2016/5/19,14,5,2
2016/5/20,10,8,6
2016/5/21,12,6,3
2016/5/22,15,9,2
2016/5/23,18,5,1
2016/5/24,7,5,1
2016/5/25,10,7,3
2016/5/26,14,7,1
2016/5/27,17,4,2
2016/5/28,17,4,1
2016/5/29,18,5,
2016/5/30,11,6,2
2016/5/31,10,5,1
2016/6/1,10,6,1
2016/6/2,11,7,2
2016/6/3,13,5,2
2016/6/4,12,9,4
2016/6/5,12,9,3
2016/6/6,14,6,1
2016/6/7,19,6,1
2016/6/8,20,6,1
2016/6/9,15,5,1
2016/6/10,11,6,2
2016/6/11,13,4,2
2016/6/12,12,7,1
2016/6/13,11,,
2016/6/15,6,5,1
2016/6/16,15,3,
2016/6/17,13,5,1
2016/6/18,10,4,1
2016/6/19,8,4,1
2016/6/20,8,5,3
2016/6/21,13,7,2
2016/6/22,20,7,3
2016/6/23,27,7,2
2016/6/24,32,7,3
2016/6/25,28,3,1
2016/6/26,12,4,2
2016/6/27,10,5,1
2016/6/28,11,6,3
2016/6/29,14,6,1
2016/6/30,18,5,1
2016/1/4,44,19,1
2016/1/5,61,16,1
2016/1/6,64,16,3
2016/1/7,41,19,3
2016/1/8,42,16,2
2016/1/9,40,12,2
2016/1/10,34,11,1
2016/1/11,18,12,3
2016/1/12,17,9,1
2016/1/13,15,15,2
2016/1/14,24,21,3
2016/1/15,36,11,1
2016/1/16,22,7,1
2016/1/17,23,12,1
2016/1/18,24,15,2
2016/1/19,40,18,2
2016/1/20,49,19,4
2016/1/21,40,17,1
2016/1/22,38,18,3
2016/1/23,48,16,2
2016/1/24,42,22,3
2016/1/25,41,15,6
2016/1/26,35,17,5
2016/1/27,37,17,6
2016/1/28,31,17,1
2016/1/29,35,15,3
2016/1/30,31,8,1
2016/1/31,16,14,2
2016/2/1,25,13,6
2016/2/2,24,14,1
2016/2/3,23,6,
2016/2/4,13,13,2
2016/2/5,19,14,4
2016/2/6,27,6,2
2016/2/7,15,18,1
2016/2/8,25,13,3
2016/2/9,25,8,1
2016/2/10,13,15,3
2016/2/11,26,16,3
2016/2/12,24,11,3
2016/2/13,21,14,3
2016/2/14,23,14,3
2016/2/15,16,12,3
2016/2/16,21,12,
2016/2/17,21,16,2
2016/2/18,21,10,1
2016/2/19,13,9,2
2016/2/20,17,13,2
2016/2/21,23,14,3
2016/2/22,29,13,4
2016/2/23,28,9,1
2016/2/24,14,11,2
2016/2/25,21,6,
2016/2/26,20,7,2
2016/2/27,26,11,2
2016/2/28,37,9,1
2016/2/29,22,6,1
2016/3/1,10,14,2
2016/3/2,21,6,1
2016/3/3,11,5,1
2016/3/4,12,7,1
2016/3/5,15,2,
2016/3/6,10,9,2
2016/3/7,10,8,1
2016/3/8,14,10,1
2016/3/9,19,9,7
2016/3/10,19,2,
2016/3/11,12,6,
2016/3/12,17,6,
2016/3/13,16,7,
2016/3/14,18,11,1
2016/3/15,21,7,
2016/3/16,18,12,1
2016/3/17,27,16,3
2016/3/18,31,10,1
2016/3/19,27,7,1
2016/3/20,30,10,
2016/3/21,33,8,1
2016/3/22,24,9,2
2016/3/23,16,9,
2016/3/24,15,11,2
2016/3/25,23,8,1
2016/3/26,26,10,3
2016/3/27,39,9,1
2016/3/28,21,10,3
2016/3/29,18,9,1
2016/3/30,18,10,1
2016/3/31,17,11,2
2015/10/1,19,9,2
2015/10/2,23,7,2
2015/10/3,28,6,4
2015/10/4,20,8,2
2015/10/5,14,10,3
2015/10/6,21,7,
2015/10/7,14,7,2
2015/10/8,10,8,1
2015/10/9,20,4,1
2015/10/10,23,2,1
2015/10/11,10,5,1
2015/10/12,28,10,
2015/10/13,31,7,
2015/10/14,13,7,
2015/10/15,10,7,
2015/10/16,12,8,1
2015/10/17,15,3,1
2015/10/18,19,7,2
2015/10/19,13,7,1
2015/10/20,15,8,1
2015/10/21,24,9,2
2015/10/22,19,11,3
2015/10/23,29,8,2
2015/10/24,24,8,3
2015/10/25,23,7,1
2015/10/26,27,10,1
2015/10/27,34,9,
2015/10/28,42,9,
2015/10/29,37,8,1
2015/10/30,37,4,
2015/10/31,30,,
2015/11/2,32,14,
2015/11/3,32,14,3
2015/11/4,39,14,2
2015/11/5,41,13,3
2015/11/6,32,13,5
2015/11/7,25,8,4
2015/11/8,23,13,3
2015/11/9,29,14,2
2015/11/10,25,13,2
2015/11/11,19,13,2
2015/11/12,25,11,2
2015/11/13,31,9,1
2015/11/14,30,12,2
2015/11/15,29,12,2
2015/11/16,33,15,7
2015/11/17,30,15,7
2015/11/18,27,18,8
2015/11/19,28,12,3
2015/11/20,26,7,1
2015/11/21,15,8,1
2015/11/22,19,14,2
2015/11/23,26,14,4
2015/11/24,31,15,2
2015/11/25,33,12,1
2015/11/26,29,12,1
2015/11/27,19,13,1
2015/11/28,25,14,4
2015/11/29,29,15,2
2015/11/30,32,22,1
2015/12/1,40,13,2
2015/12/2,35,11,1
2015/12/3,31,9,1
2015/12/4,29,12,8
2015/12/5,36,10,1
2015/12/6,32,14,2
2015/12/7,30,10,
2015/12/8,27,13,
2015/12/9,36,15,
2015/12/10,36,16,3
2015/12/11,37,18,3
2015/12/12,40,17,6
2015/12/13,32,16,2
2015/12/14,40,14,1
2015/12/15,40,14,2
2015/12/16,45,12,
2015/12/17,51,14,4
2015/12/18,35,11,4
2015/12/19,25,10,1
2015/12/20,24,11,1
2015/12/21,30,14,5
2015/12/22,31,15,3
2015/12/23,26,15,5
2015/12/24,29,13,5
2015/12/25,33,16,11
2015/12/26,23,15,11
2015/12/27,22,16,9
2015/12/28,26,14,5
2015/12/29,49,6,
2015/12/30,27,,
2015/7/1,18,5,1
2015/7/2,20,6,7
2015/7/3,23,5,1
2015/7/4,21,7,6
2015/7/5,20,7,7
2015/7/6,18,9,5
2015/7/7,26,8,5
2015/7/8,18,4,
2015/7/9,8,5,
2015/7/10,11,6,3
2015/7/11,15,5,4
2015/7/12,14,6,1
2015/7/13,13,6,1
2015/7/14,15,7,3
2015/7/15,19,5,2
2015/7/16,22,9,4
2015/7/17,24,5,2
2015/7/18,15,11,4
2015/7/19,21,6,3
2015/7/20,14,10,7
2015/7/21,22,8,7
2015/7/22,25,12,2
2015/7/23,22,9,2
2015/7/24,19,7,2
2015/7/25,14,4,1
2015/7/26,10,6,
2015/7/27,12,7,1
2015/7/28,12,8,1
2015/7/29,10,5,
2015/7/30,9,6,2
2015/7/31,12,7,3
2015/8/1,15,9,1
2015/8/2,17,8,3
2015/8/3,21,9,4
2015/8/4,25,3,2
2015/8/5,24,14,7
2015/8/6,28,14,9
2015/8/7,28,9,4
2015/8/8,27,11,6
2015/8/9,26,10,5
2015/8/10,29,12,1
2015/8/11,28,11,5
2015/8/12,29,14,8
2015/8/13,31,10,7
2015/8/14,37,8,3
2015/8/15,25,5,2
2015/8/16,16,7,1
2015/8/17,8,5,2
2015/8/18,10,5,
2015/8/19,12,9,1
2015/8/20,17,10,2
2015/8/21,22,10,4
2015/8/22,20,3,
2015/8/23,18,4,1
2015/8/24,18,7,2
2015/8/25,11,8,5
2015/8/26,11,11,4
2015/8/27,16,8,2
2015/8/28,22,11,9
2015/8/29,20,9,4
2015/8/30,23,11,3
2015/8/31,27,13,3
2015/9/1,21,8,2
2015/9/2,15,5,
2015/9/3,14,6,1
2015/9/4,10,3,
2015/9/5,9,4,4
2015/9/6,9,7,1
2015/9/7,12,7,1
2015/9/8,13,10,4
2015/9/9,14,9,3
2015/9/10,18,8,2
2015/9/11,19,7,2
2015/9/12,17,5,1
2015/9/13,19,10,1
2015/9/14,22,11,2
2015/9/15,19,8,1
2015/9/16,20,9,1
2015/9/17,32,7,2
2015/9/18,20,6,1
2015/9/19,13,6,2
2015/9/20,10,6,2
2015/9/21,13,8,3
2015/9/22,14,9,3
2015/9/23,15,2,
2015/9/24,7,3,1
2015/9/25,10,7,1
2015/9/26,13,4,1
2015/9/27,16,7,1
2015/9/28,17,7,3
2015/9/29,19,9,1
2015/9/30,21,8,1
2015/4/1,7,6,
2015/4/2,7,2,
2015/4/3,7,7,
2015/4/4,19,3,
2015/4/5,19,5,
2015/4/6,10,2,
2015/4/7,11,5,
2015/4/8,16,9,
2015/4/9,33,10,1
2015/4/10,32,8,2
2015/4/11,24,5,
2015/4/12,12,8,1
2015/4/13,15,6,
2015/4/14,12,8,
2015/4/15,15,10,1
2015/4/16,14,9,1
2015/4/17,19,3,
2015/4/18,10,5,
2015/4/19,12,9,1
2015/4/20,16,7,
2015/4/21,18,10,1
2015/4/22,23,9,1
2015/4/23,23,7,1
2015/4/24,14,7,3
2015/4/25,17,4,1
2015/4/26,14,6,1
2015/4/27,14,9,2
2015/4/28,15,4,1
2015/4/29,15,8,1
2015/4/30,17,6,1
2015/5/1,10,3,2
2015/5/2,7,3,
2015/5/3,10,6,2
2015/5/4,13,8,1
2015/5/5,17,5,1
2015/5/6,21,4,2
2015/5/7,9,5,1
2015/5/8,16,4,1
2015/5/9,10,3,1
2015/5/10,9,7,1
2015/5/11,18,9,1
2015/5/12,19,9,2
2015/5/13,23,3,
2015/5/14,9,3,
2015/5/15,16,4,
2015/5/16,15,4,
2015/5/17,14,8,
2015/5/18,15,7,
2015/5/19,17,5,
2015/5/20,13,3,
2015/5/21,5,2,
2015/5/22,10,5,1
2015/5/23,4,3,1
2015/5/24,5,4,1
2015/5/25,9,5,
2015/5/26,11,2,
2015/5/27,9,5,
2015/5/28,14,6,2
2015/5/29,17,5,1
2015/5/30,14,2,
2015/5/31,9,6,1
2015/6/1,14,4,1
2015/6/2,12,6,1
2015/6/3,18,5,
2015/6/4,19,5,
2015/6/5,23,4,
2015/6/6,22,3,
2015/6/7,23,7,1
2015/6/8,22,6,1
2015/6/9,26,3,
2015/6/10,17,5,
2015/6/11,27,5,1
2015/6/12,25,5,1
2015/6/13,26,5,1
2015/6/14,19,7,1
2015/6/15,14,6,
2015/6/16,8,4,
2015/6/17,14,5,2
2015/6/18,15,5,3
2015/6/19,9,4,5
2015/6/20,9,2,1
2015/6/21,6,7,3
2015/6/22,11,5,
2015/6/23,6,4,1
2015/6/24,7,7,4
2015/6/25,11,6,4
2015/6/26,12,6,6
2015/6/27,13,4,2
2015/6/28,9,8,6
2015/6/29,14,7,3
2015/6/30,16,6,6
2015/1/1,71,14,5
2015/1/2,42,12,1
2015/1/3,45,5,2
2015/1/4,15,6,2
2015/1/5,15,10,1
2015/1/6,22,17,1
2015/1/7,36,18,3
2015/1/8,56,21,5
2015/1/9,59,10,4
2015/1/10,19,6,1
2015/1/11,16,11,
2015/1/12,14,19,11
2015/1/13,26,17,7
2015/1/14,21,15,3
2015/1/15,25,13,4
2015/1/16,30,9,1
2015/1/17,27,7,
2015/1/18,18,9,1
2015/1/19,27,12,1
2015/1/20,35,15,2
2015/1/21,32,13,1
2015/1/22,39,7,1
2015/1/23,15,6,1
2015/1/24,7,1,
2015/1/25,7,16,1
2015/1/26,29,18,3
2015/1/27,37,15,2
2015/1/28,33,18,2
2015/1/29,32,13,1
2015/1/30,22,,3
2015/1/31,25,,5
2015/2/1,26,15,5
2015/2/2,28,18,5
2015/2/3,28,20,3
2015/2/4,33,15,1
2015/2/5,32,11,1
2015/2/6,26,11,2
2015/2/7,34,9,1
2015/2/8,28,6,1
2015/2/9,13,10,1
2015/2/10,16,13,1
2015/2/11,31,11,1
2015/2/12,34,12,1
2015/2/13,28,13,1
2015/2/14,37,14,3
2015/2/15,40,15,3
2015/2/16,52,13,1
2015/2/17,53,10,1
2015/2/18,38,16,1
2015/2/19,44,18,3
2015/2/20,40,10,1
2015/2/21,30,12,5
2015/2/22,19,12,2
2015/2/23,23,,1
2015/2/24,20,2,
2015/2/25,8,3,
2015/2/26,15,10,2
2015/2/27,26,8,
2015/2/28,29,10,
2015/3/1,29,11,3
2015/3/2,21,8,1
2015/3/3,15,13,5
2015/3/4,17,5,
2015/3/5,16,4,
2015/3/6,13,11,1
2015/3/7,25,12,1
2015/3/8,28,17,3
2015/3/9,34,18,5
2015/3/10,38,17,3
2015/3/11,38,3,
2015/3/12,16,5,
2015/3/13,21,8,
2015/3/14,29,5,3
2015/3/15,36,12,1
2015/3/16,47,11,1
2015/3/17,47,11,
2015/3/18,42,11,1
2015/3/19,40,14,1
2015/3/20,44,11,1
2015/3/21,37,8,
2015/3/22,34,12,
2015/3/23,48,13,1
2015/3/24,49,12,1
2015/3/25,37,6,
2015/3/26,23,4,
2015/3/27,10,4,
2015/3/28,14,9,
2015/3/29,17,8,
2015/3/30,14,5,
2015/3/31,9,3,
2014/10/1,25,9,
2014/10/2,20,10,4
2014/10/3,23,4,1
2014/10/4,28,4,
2014/10/5,29,9,2
2014/10/6,37,8,
2014/10/7,44,9,1
2014/10/8,31,8,2
2014/10/9,18,11,6
2014/10/10,19,7,1
2014/10/11,22,6,1
2014/10/12,22,10,2
2014/10/13,24,8,2
2014/10/14,17,12,2
2014/10/15,17,10,1
2014/10/16,16,8,1
2014/10/17,15,7,2
2014/10/18,13,6,1
2014/10/19,16,11,3
2014/10/20,22,9,1
2014/10/21,18,6,2
2014/10/22,10,5,1
2014/10/23,8,2,
2014/10/24,8,5,
2014/10/25,22,4,1
2014/10/26,30,11,
2014/10/27,34,8,1
2014/10/28,30,14,1
2014/10/29,35,12,1
2014/10/30,42,10,2
2014/10/31,44,8,2
2014/11/1,37,7,1
2014/11/2,32,13,1
2014/11/3,44,5,2
2014/11/4,21,9,1
2014/11/5,20,7,
2014/11/6,13,9,
2014/11/7,21,6,1
2014/11/8,10,4,
2014/11/9,12,9,1
2014/11/10,21,7,2
2014/11/11,23,9,1
2014/11/12,34,8,
2014/11/13,35,9,1
2014/11/14,37,5,1
2014/11/15,27,2,
2014/11/16,24,9,
2014/11/17,20,8,1
2014/11/18,14,7,1
2014/11/19,18,11,2
2014/11/20,25,9,1
2014/11/21,27,9,2
2014/11/22,27,10,1
2014/11/23,44,9,1
2014/11/24,25,8,4
2014/11/25,33,7,3
2014/11/26,35,9,2
2014/11/27,50,11,2
2014/11/28,42,8,
2014/11/29,21,6,
2014/11/30,17,6,1
2014/12/1,11,7,
2014/12/2,11,7,1
2014/12/3,18,9,1
2014/12/4,18,9,1
2014/12/5,22,9,2
2014/12/6,19,8,4
2014/12/7,10,6,2
2014/12/8,16,6,1
2014/12/9,17,14,4
2014/12/10,26,17,6
2014/12/11,38,17,6
2014/12/12,41,17,10
2014/12/13,29,15,12
2014/12/14,30,14,14
2014/12/15,30,11,11
2014/12/16,28,11,2
2014/12/17,32,10,5
2014/12/18,34,12,6
2014/12/19,31,10,2
2014/12/20,27,8,2
2014/12/21,20,18,8
2014/12/22,43,15,3
2014/12/23,50,16,7
2014/12/24,39,13,5
2014/12/25,32,9,2
2014/12/26,22,9,1
2014/12/27,31,5,1
2014/12/28,22,,
2014/7/1,10,8,2
2014/7/2,15,4,1
2014/7/3,11,7,2
2014/7/4,18,7,2
2014/7/5,16,7,4
2014/7/6,11,7,2
2014/7/7,18,6,1
2014/7/8,18,5,1
2014/7/9,6,9,3
2014/7/10,10,3,2
2014/7/11,6,4,3
2014/7/12,8,4,3
2014/7/13,10,7,3
2014/7/14,12,10,6
2014/7/15,12,12,10
2014/7/16,15,11,6
2014/7/17,16,11,6
2014/7/18,19,9,5
2014/7/19,21,7,2
2014/7/20,21,11,4
2014/7/21,16,7,3
2014/7/22,15,4,1
2014/7/23,13,6,3
2014/7/24,14,7,2
2014/7/25,12,6,3
2014/7/26,17,6,2
2014/7/27,15,5,2
2014/7/28,15,4,
2014/7/29,18,6,1
2014/7/30,13,6,1
2014/7/31,14,7,3
2014/8/1,11,5,1
2014/8/2,15,5,1
2014/8/3,19,8,2
2014/8/4,12,7,3
2014/8/5,11,4,1
2014/8/6,10,10,3
2014/8/7,15,9,4
2014/8/8,15,8,2
2014/8/9,16,6,3
2014/8/10,11,5,2
2014/8/11,13,5,1
2014/8/12,9,7,
2014/8/13,11,6,
2014/8/14,10,3,1
2014/8/15,9,5,2
2014/8/16,7,8,
2014/8/17,9,7,3
2014/8/18,12,8,2
2014/8/19,16,5,1
2014/8/20,14,4,
2014/8/21,9,5,1
2014/8/22,12,5,1
2014/8/23,12,5,2
2014/8/24,7,8,3
2014/8/25,11,11,1
2014/8/26,15,7,1
2014/8/27,12,7,3
2014/8/28,13,9,2
2014/8/29,18,7,1
2014/8/30,15,4,
2014/8/31,11,4,
2014/9/1,5,2,
2014/9/2,4,2,
2014/9/3,8,7,2
2014/9/4,29,10,2
2014/9/5,28,7,1
2014/9/6,22,5,1
2014/9/7,19,5,2
2014/9/8,22,7,2
2014/9/9,20,10,2
2014/9/10,15,9,1
2014/9/11,15,8,2
2014/9/12,8,4,
2014/9/13,7,7,2
2014/9/14,10,9,1
2014/9/15,14,5,1
2014/9/16,15,7,1
2014/9/17,17,6,1
2014/9/18,23,7,1
2014/9/19,29,6,2
2014/9/20,22,5,1
2014/9/21,10,5,18
2014/9/22,18,7,2
2014/9/23,13,10,3
2014/9/24,20,9,2
2014/9/25,17,9,2
2014/9/26,24,6,2
2014/9/27,13,7,3
2014/9/28,15,7,2
2014/9/29,22,8,1
2014/9/30,25,7,
2014/4/1,33,11,10
2014/4/2,43,14,
2014/4/3,38,11,
2014/4/4,34,9,
2014/4/5,32,5,
2014/4/6,24,8,
2014/4/7,23,7,
2014/4/8,23,3,
2014/4/9,9,9,1
2014/4/10,16,7,
2014/4/11,15,9,1
2014/4/12,19,,2
2014/4/13,16,,5
2014/4/14,20,,1
2014/4/15,9,,1
2014/4/16,11,,
2014/4/17,13,17,4
2014/4/18,16,5,2
2014/4/19,23,,
2014/4/20,14,3,
2014/4/21,16,5,1
2014/4/22,11,10,2
2014/4/23,13,8,2
2014/4/24,18,9,1
2014/4/25,18,3,1
2014/4/26,19,3,
2014/4/27,22,4,1
2014/4/28,16,8,2
2014/4/29,17,10,5
2014/4/30,16,7,3
2014/5/1,16,9,3
2014/5/2,19,6,2
2014/5/3,11,1,
2014/5/4,13,6,1
2014/5/5,20,9,1
2014/5/6,23,14,2
2014/5/7,19,5,1
2014/5/8,9,6,2
2014/5/9,15,3,1
2014/5/10,8,,
2014/5/12,8,4,
2014/5/13,7,3,
2014/5/14,10,1,
2014/5/15,11,2,
2014/5/16,7,2,1
2014/5/17,5,5,2
2014/5/18,8,6,2
2014/5/19,13,6,3
2014/5/20,15,8,
2014/5/21,18,7,1
2014/5/22,25,6,1
2014/5/23,34,3,2
2014/5/24,22,6,2
2014/5/25,13,10,3
2014/5/26,15,7,3
2014/5/27,13,6,2
2014/5/28,7,8,1
2014/5/29,6,3,
2014/5/30,7,3,1
2014/5/31,9,2,2
2014/6/1,10,6,
2014/6/2,14,8,2
2014/6/3,14,8,1
2014/6/4,13,10,1
2014/6/5,14,6,2
2014/6/6,12,7,2
2014/6/7,16,8,4
2014/6/8,19,7,2
2014/6/9,18,12,4
2014/6/10,20,10,5
2014/6/11,22,12,6
2014/6/12,23,6,2
2014/6/13,19,4,
2014/6/14,17,2,1
2014/6/15,11,5,2
2014/6/16,11,7,2
2014/6/17,16,10,3
2014/6/18,19,12,6
2014/6/19,18,6,1
2014/6/20,11,5,2
2014/6/21,13,4,2
2014/6/22,16,8,1
2014/6/23,19,4,
2014/6/24,14,4,1
2014/6/25,11,3,1
2014/6/26,10,5,1
2014/6/27,14,6,1
2014/6/28,15,6,2
2014/6/29,14,4,1
2014/6/30,5,5,2
2014/1/1,32,10,1
2014/1/2,23,15,8
2014/1/3,21,16,6
2014/1/4,21,9,1
2014/1/5,21,11,3
2014/1/6,10,18,3
2014/1/7,23,23,2
2014/1/8,36,13,8
2014/1/9,22,14,1
2014/1/10,31,13,1
2014/1/11,28,8,
2014/1/12,28,14,
2014/1/13,28,15,3
2014/1/14,37,11,
2014/1/15,33,10,1
2014/1/16,32,12,1
2014/1/17,25,12,2
2014/1/18,30,9,
2014/1/19,38,12,1
2014/1/20,26,9,
2014/1/21,10,10,
2014/1/22,15,11,
2014/1/23,17,11,
2014/1/24,20,12,
2014/1/25,23,10,
2014/1/26,39,19,
2014/1/27,56,21,
2014/1/28,64,10,4
2014/1/29,47,14,2
2014/1/30,55,13,1
2014/1/31,47,9,
2014/2/1,28,8,1
2014/2/3,26,9,1
2014/2/4,31,15,
2014/2/5,58,24,3
2014/2/6,46,19,3
2014/2/7,27,16,1
2014/2/8,21,12,1
2014/2/9,21,18,3
2014/2/10,22,13,2
2014/2/11,29,13,1
2014/2/12,21,18,2
2014/2/13,24,12,1
2014/2/14,23,16,3
2014/2/15,27,12,3
2014/2/16,21,13,
2014/2/17,18,17,
2014/2/18,24,17,4
2014/2/19,20,15,1
2014/2/20,19,10,
2014/2/21,31,8,1
2014/2/22,13,8,2
2014/2/23,12,15,6
2014/2/24,25,11,1
2014/2/25,35,14,1
2014/2/26,34,19,1
2014/2/27,29,7,2
2014/2/28,30,,2
2014/3/1,27,8,1
2014/3/2,28,,2
2014/3/3,28,4,
2014/3/4,14,16,2
2014/3/5,21,2,
2014/3/6,19,7,
2014/3/7,33,9,
2014/3/8,44,9,2
2014/3/9,33,12,2
2014/3/10,35,15,3
2014/3/11,34,14,2
2014/3/12,38,17,4
2014/3/13,46,15,3
2014/3/14,42,13,
2014/3/15,33,3,
2014/3/16,7,6,
2014/3/17,13,14,1
2014/3/18,29,8,
2014/3/19,17,12,
2014/3/20,23,15,
2014/3/21,26,7,28
2014/3/22,22,4,
2014/3/23,14,7,
2014/3/24,9,8,13
2014/3/25,16,9,
2014/3/26,18,12,2
2014/3/27,22,9,
2014/3/28,20,12,
2014/3/29,23,10,
2014/3/30,26,14,
2014/3/31,29,11,5
2023/5/1,,2,
2023/4/6,,1,1
2023/4/23,,4,
2023/1/15,,8,
2022/7/4,,2,
2020/10/17,,5,
2020/3/31,,7,1
2019/12/31,,11,
2018/12/31,,11,1
2019/3/2,,10,2
2019/3/3,,11,5
2019/3/24,,7,1
2018/9/16,,5,1
2017/12/31,,12,3
2017/12/26,,14,3
2017/9/10,,8,1
2016/6/14,,2,
2016/1/3,,9,1
2015/11/1,,15,
2014/12/31,,19,3
2014/5/11,,4,
2013/12/31,,5,1
2014/2/2,,6,1
2017/11/22,,,3