date,pm25,pm10,no2,so2,co
2023/5/1,55,12,8,1,
2023/5/2,43,17,9,,
2023/5/3,53,19,8,,
2023/5/4,56,20,8,,
2023/5/5,55,19,7,,
2023/5/6,56,14,3,,
2023/5/7,52,21,4,,
2023/5/8,68,17,5,,
2023/5/9,54,17,6,,
2023/5/10,51,14,5,,
2023/5/11,47,5,3,,
2023/5/12,16,11,2,,
2023/5/13,45,11,3,,
2023/5/14,37,10,5,,
2023/5/15,31,10,8,,
2023/5/16,33,5,3,,
2023/5/17,13,9,1,,
2023/5/18,29,17,4,,
2023/5/19,53,15,3,,
2023/5/20,53,19,4,,
2023/5/21,60,22,6,,
2023/5/22,62,23,9,,
2023/5/23,61,14,7,,
2023/5/24,50,13,6,,
2023/5/25,46,,,,
2023/4/1,20,4,5,,
2023/4/2,14,5,4,,
2023/4/3,7,,,,
2023/4/7,73,21,5,,
2023/4/8,67,12,4,,
2023/4/9,40,13,6,,
2023/4/10,41,23,13,,
2023/4/11,54,15,10,,
2023/4/12,29,7,9,,
2023/4/13,24,4,5,,
2023/4/14,15,5,7,,
2023/4/15,15,7,6,,
2023/4/16,22,7,4,,
2023/4/17,30,14,9,,
2023/4/18,33,12,6,,
2023/4/19,42,12,7,,
2023/4/20,37,19,11,,
2023/4/21,58,20,7,,
2023/4/22,61,16,5,,
2023/4/23,55,12,8,,
2023/4/24,38,12,7,,
2023/4/25,36,11,9,,
2023/4/26,29,17,6,,
2023/4/27,51,23,11,,
2023/4/28,64,13,5,,
2023/4/29,46,12,5,,
2023/4/30,44,15,5,,
2023/1/2,77,23,12,1,
2023/1/3,68,24,10,1,
2023/1/4,70,24,12,,
2023/1/5,63,15,10,,
2023/1/6,44,22,10,,
2023/1/7,61,17,11,,
2023/1/8,53,10,16,,
2023/1/9,29,4,6,,
2023/1/10,11,29,22,1,
2023/1/11,56,25,17,1,
2023/1/12,59,35,16,1,
2023/1/13,77,24,13,,
2023/1/14,56,,,,
2023/1/16,36,13,12,,
2023/1/17,46,17,15,,
2023/1/18,56,10,10,,
2023/1/19,28,14,10,,
2023/1/20,36,6,5,,
2023/1/21,19,10,7,,
2023/1/22,49,18,16,,
2023/1/23,58,14,15,,
2023/1/24,40,17,12,,
2023/1/25,58,19,9,,
2023/1/26,59,16,9,,
2023/1/27,55,22,9,,
2023/1/28,71,20,7,,
2023/1/29,68,21,12,,
2023/1/30,59,20,14,,
2023/1/31,42,17,15,,
2023/2/1,50,6,11,,
2023/2/2,22,12,10,,
2023/2/3,38,2,2,,
2023/2/5,33,24,15,,
2023/2/6,61,26,17,,
2023/2/7,65,18,13,,
2023/2/8,48,27,18,,
2023/2/9,60,34,21,,
2023/2/10,70,30,19,,
2023/2/11,74,19,16,,
2023/2/12,54,24,17,,
2023/2/13,56,27,18,,
2023/2/14,66,32,16,,
2023/2/15,81,41,19,1,
2023/2/16,87,43,25,1,
2023/2/17,75,23,17,,
2023/2/18,55,17,8,,
2023/2/19,64,19,14,,
2023/2/20,28,21,16,,
2023/2/21,42,20,18,,
2023/2/22,37,36,20,,
2023/2/23,76,32,15,,
2023/2/24,80,6,6,,
2023/2/25,48,4,4,,
2023/2/26,16,9,9,,
2023/2/27,16,16,8,,
2023/2/28,43,21,13,1,
2023/3/1,57,20,13,1,
2023/3/2,52,26,14,,
2023/3/3,62,19,9,,
2023/3/4,50,18,8,,
2023/3/5,55,17,6,,
2023/3/6,44,19,10,,
2023/3/7,59,22,14,,
2023/3/8,53,12,14,,
2023/3/9,34,15,17,,
2023/3/10,28,5,6,,
2023/3/11,40,8,8,,
2023/3/12,20,27,18,,
2023/3/13,49,15,12,,
2023/3/14,34,7,6,,
2023/3/15,33,14,13,,
2023/3/16,30,25,12,,
2023/3/17,44,24,13,,
2023/3/18,60,31,15,,
2023/3/19,76,41,21,1,
2023/3/20,76,23,17,,
2023/3/21,40,29,14,,
2023/3/22,41,36,18,,
2023/3/23,64,35,15,,
2023/3/24,68,5,6,,
2023/3/25,18,8,6,,
2023/3/26,21,4,5,,
2023/3/27,16,4,4,,
2023/3/28,11,23,16,,
2023/3/29,37,28,16,,
2023/3/30,53,11,8,,
2023/3/31,23,6,6,,
2022/10/1,26,6,4,,
2022/10/2,13,6,6,,
2022/10/3,15,14,10,,
2022/10/4,29,16,9,,
2022/10/5,30,18,12,,
2022/10/6,38,20,9,,
2022/10/7,42,18,7,,
2022/10/8,48,11,5,,
2022/10/9,26,17,9,,
2022/10/10,37,21,8,,
2022/10/11,49,23,8,,
2022/10/12,56,28,9,,
2022/10/13,64,33,10,1,
2022/10/14,80,36,9,,
2022/10/15,91,29,7,,
2022/10/16,72,31,10,,
2022/10/17,69,31,11,,
2022/10/18,71,21,7,,
2022/10/19,46,15,6,,
2022/10/20,20,27,9,,
2022/10/21,64,22,9,,
2022/10/22,60,9,6,,
2022/10/23,27,19,9,,
2022/10/24,45,10,11,,
2022/10/25,17,13,6,,
2022/10/26,29,18,9,,
2022/10/27,41,17,10,,
2022/10/28,38,16,7,,
2022/10/29,42,21,7,,
2022/10/30,52,21,6,,
2022/10/31,50,11,6,,
2022/11/1,36,17,9,,
2022/11/2,44,13,7,,
2022/11/3,31,14,8,,
2022/11/4,57,2,5,,
2022/11/5,8,9,9,,
2022/11/6,27,13,12,,
2022/11/7,34,19,10,1,
2022/11/8,50,24,9,1,
2022/11/9,63,22,11,1,
2022/11/10,67,27,11,1,
2022/11/11,72,19,10,1,
2022/11/12,55,18,10,1,
2022/11/13,53,31,12,1,
2022/11/14,81,27,9,,
2022/11/15,78,20,9,,
2022/11/16,60,23,10,,
2022/11/17,64,19,8,,
2022/11/18,56,11,8,,
2022/11/19,42,12,6,,
2022/11/20,42,19,10,1,
2022/11/21,51,14,11,,
2022/11/22,49,15,11,1,
2022/11/23,42,22,13,1,
2022/11/24,52,24,13,,
2022/11/25,59,26,11,,
2022/11/26,70,21,9,,
2022/11/27,57,25,12,,
2022/11/28,73,25,6,1,
2022/11/29,76,14,11,,
2022/11/30,45,10,13,,
2022/12/1,32,21,11,,
2022/12/2,69,17,8,,
2022/12/3,59,13,7,,
2022/12/4,47,13,7,,
2022/12/5,44,10,11,,
2022/12/6,30,20,13,,
2022/12/7,55,17,7,,
2022/12/8,56,19,11,,
2022/12/9,62,15,8,,
2022/12/10,47,3,3,,
2022/12/11,14,13,14,,
2022/12/12,33,28,17,,
2022/12/13,62,29,16,,
2022/12/14,73,43,17,,
2022/12/15,102,36,14,,
2022/12/16,105,24,12,,
2022/12/17,78,18,12,,
2022/12/18,62,23,12,,
2022/12/19,72,20,11,,
2022/12/20,68,25,11,,
2022/12/21,75,32,11,1,
2022/12/22,91,27,13,1,
2022/12/23,76,24,10,,
2022/12/24,76,24,9,,
2022/12/25,72,24,9,,
2022/12/26,66,14,12,,
2022/12/27,36,20,15,,
2022/12/28,50,31,15,1,
2022/12/29,77,30,16,1,
2022/12/30,70,29,13,1,
2022/12/31,82,45,9,,
2023/1/1,117,28,12,1,
2022/7/12,5,10,7,,
2022/7/13,12,19,8,,
2022/7/14,16,13,11,,
2022/7/15,24,11,7,1,
2022/7/16,29,9,2,,
2022/7/17,15,11,3,,
2022/7/18,17,17,6,,
2022/7/19,21,18,7,1,
2022/7/20,20,18,9,1,
2022/7/21,18,19,9,1,
2022/7/22,30,15,7,,
2022/7/23,31,9,,,
2022/7/24,22,15,,,
2022/7/25,36,8,,,
2022/7/26,14,12,6,,
2022/7/27,22,13,,,
2022/7/28,25,14,,,
2022/7/29,27,6,,,
2022/7/30,14,6,3,,
2022/7/31,12,12,5,,
2022/8/1,18,8,14,,
2022/8/2,12,9,6,,
2022/8/3,17,13,,,
2022/8/4,15,17,6,,
2022/8/5,25,8,6,,
2022/8/6,20,5,4,,
2022/8/7,6,11,1,,
2022/8/8,15,8,4,,
2022/8/9,9,13,4,,
2022/8/10,14,11,6,,
2022/8/11,14,11,4,,
2022/8/12,12,8,5,,
2022/8/13,17,9,5,,
2022/8/14,22,9,4,,
2022/8/15,20,8,4,,
2022/8/16,13,17,5,,
2022/8/17,31,20,9,,
2022/8/18,30,12,8,,
2022/8/19,20,8,8,,
2022/8/20,28,2,4,,
2022/8/22,8,3,5,,
2022/8/23,10,9,4,,
2022/8/24,16,16,7,,
2022/8/25,35,23,7,,
2022/8/26,44,19,8,,
2022/8/27,43,12,5,,
2022/8/28,30,9,3,,
2022/8/29,20,11,6,,
2022/8/30,18,14,5,,
2022/8/31,22,8,8,,
2022/9/1,11,7,5,,
2022/9/2,9,7,5,,
2022/9/3,11,6,4,,
2022/9/4,12,12,3,,
2022/9/5,30,16,5,,
2022/9/6,42,11,5,,
2022/9/7,27,8,7,,
2022/9/8,16,7,6,,
2022/9/9,10,5,8,,
2022/9/10,10,4,4,,
2022/9/11,6,8,4,,
2022/9/12,14,12,7,,
2022/9/13,17,17,7,,
2022/9/14,26,7,8,,
2022/9/15,14,5,9,,
2022/9/16,9,4,6,,
2022/9/17,8,3,3,,
2022/9/18,9,3,5,,
2022/9/19,7,5,5,,
2022/9/20,15,4,7,,
2022/9/21,25,9,8,,
2022/9/22,18,11,9,,
2022/9/23,24,12,8,,
2022/9/24,32,9,8,,
2022/9/25,31,11,6,,
2022/9/26,32,8,8,,
2022/9/27,21,7,7,,
2022/9/28,12,5,6,,
2022/9/29,20,6,5,,
2022/9/30,14,10,5,,
2022/6/2,31,11,5,,
2022/6/3,35,15,4,,
2022/6/4,29,13,2,,
2022/6/5,34,13,3,,
2022/6/6,10,5,1,,
2022/6/7,15,10,7,,
2022/6/8,12,10,5,,
2022/6/9,24,7,5,,
2022/6/10,9,5,2,,
2022/6/11,15,8,3,,
2022/6/12,28,11,5,,
2022/6/13,30,16,7,,
2022/6/14,22,14,6,,
2022/6/15,37,18,5,,
2022/6/16,43,16,4,,
2022/6/17,40,16,5,,
2022/6/18,33,14,4,,
2022/6/19,35,14,3,,
2022/6/20,56,27,7,1,
2022/6/21,64,26,5,,
2022/6/22,60,25,6,,
2022/6/23,48,18,4,,
2022/6/24,47,18,5,,
2022/6/25,27,5,2,,
2022/6/26,12,7,3,,
2022/6/27,35,16,5,1,
2023/4/6,,28,6,,
2023/1/15,,11,15,,
2023/2/4,,7,7,,
2022/7/11,,7,4,,
2022/8/21,,5,2,,
2022/4/1,,9,5,,
2022/4/2,,13,3,,
2022/4/3,,11,3,,
2022/4/4,,24,9,,
2022/4/5,,29,16,1,
2022/4/6,,21,11,,
2022/4/7,,23,11,,
2022/4/8,,25,8,,
2022/4/9,,3,4,,
2022/4/10,,4,3,,
2022/4/11,,11,8,,
2022/4/12,,19,11,,
2022/4/13,,25,11,,
2022/4/14,,27,13,,
2022/4/15,,26,14,,
2022/4/16,,6,2,,
2022/4/17,,7,2,,
2022/4/18,,8,4,,
2022/4/19,,7,6,,
2022/4/20,,14,9,,
2022/4/21,,19,8,,
2022/4/22,,14,8,,
2022/4/23,,24,7,,
2022/4/25,,8,4,,
2022/4/26,,16,7,,
2022/4/27,,7,8,,
2022/4/28,,15,9,,
2022/4/29,,16,9,,
2022/4/30,,18,9,,
2022/5/1,,12,5,,
2022/5/2,,11,8,,
2022/5/3,,16,9,,
2022/5/4,,22,10,,
2022/5/5,,20,8,,
2022/5/6,,18,10,,
2022/5/7,,14,7,,
2022/5/8,,17,6,,
2022/5/9,,17,8,,
2022/5/10,,20,7,,
2022/5/11,,23,8,,
2022/5/12,,27,8,,
2022/5/13,,21,8,,
2022/5/14,,15,4,,
2022/5/15,,16,4,,
2022/5/16,,20,7,,
2022/5/17,,12,5,,
2022/5/18,,16,4,,
2022/5/19,,20,8,,
2022/5/20,,30,11,,
2022/5/21,,16,4,,
2022/5/22,,11,3,,
2022/5/23,,16,4,,
2022/5/24,,16,4,,
2022/5/25,,10,5,,
2022/5/26,,9,4,,
2022/5/27,,14,5,,
2022/5/28,,8,3,,
2022/5/29,,5,2,,
2022/5/30,,8,4,,
2022/5/31,,10,4,,
2022/6/1,,10,4,,
2022/1/3,,35,19,,
2022/1/4,,34,15,,
2022/1/5,,8,9,,
2022/1/6,,8,17,,
2022/1/7,,20,16,,
2022/1/8,,33,16,,
2022/1/9,,35,18,,
2022/1/10,,33,14,,
2022/1/11,,15,19,,
2022/1/12,,35,23,1,
2022/1/13,,52,27,1,
2022/1/14,,47,17,,
2022/1/15,,28,15,,
2022/1/16,,35,12,,
2022/1/17,,27,16,,
2022/1/18,,18,20,1,
2022/1/19,,34,19,1,
2022/1/20,,39,5,,
2022/1/21,,8,10,,
2022/1/22,,10,15,,
2022/1/23,,24,11,,
2022/1/24,,19,11,,
2022/1/25,,31,14,,
2022/1/26,,33,18,1,
2022/1/27,,45,9,,
2022/1/28,,15,15,,
2022/1/29,,22,11,,
2022/1/30,,14,24,1,
2022/1/31,,38,18,,
2022/2/1,,24,13,,
2022/2/2,,11,18,,
2022/2/3,,22,20,1,
2022/2/4,,32,15,,
2022/2/5,,21,19,,
2022/2/6,,27,9,,
2022/2/7,,8,18,,
2022/2/8,,20,22,1,
2022/2/9,,34,18,1,
2022/2/10,,37,14,,
2022/2/11,,24,15,,
2022/2/12,,17,15,,
2022/2/13,,25,22,1,
2022/2/14,,43,22,1,
2022/2/15,,31,16,,
2022/2/16,,21,11,,
2022/2/17,,17,16,,
2022/2/18,,24,10,,
2022/2/19,,14,9,,
2022/2/20,,17,16,,
2022/2/21,,22,19,,
2022/2/22,,21,18,,
2022/2/23,,25,19,1,
2022/2/24,,24,12,,
2022/2/25,,12,9,,
2022/2/26,,11,4,,
2022/2/27,,10,10,1,
2022/2/28,,19,16,1,
2022/3/1,,23,21,1,
2022/3/2,,35,21,1,
2022/3/3,,36,18,1,
2022/3/4,,34,9,,
2022/3/5,,16,6,,
2022/3/6,,18,11,,
2022/3/7,,29,9,,
2022/3/8,,15,20,1,
2022/3/9,,30,13,1,
2022/3/10,,28,9,,
2022/3/11,,24,14,,
2022/3/12,,28,16,1,
2022/3/13,,32,20,1,
2022/3/14,,42,28,1,
2022/3/15,,56,16,,
2022/3/16,,39,13,1,
2022/3/17,,38,16,,
2022/3/18,,39,12,,
2022/3/19,,34,10,1,
2022/3/20,,28,17,1,
2022/3/21,,36,21,1,
2022/3/22,,42,22,1,
2022/3/23,,44,21,1,
2022/3/24,,42,25,1,
2022/3/25,,50,19,1,
2022/3/26,,49,14,1,
2022/3/27,,34,18,1,
2022/3/28,,48,20,1,
2022/3/29,,57,16,1,
2022/3/30,,47,14,,
2022/3/31,,21,7,,
2021/10/1,,13,6,,
2021/10/2,,18,5,,
2021/10/3,,18,14,,
2021/10/4,,19,9,,
2021/10/5,,19,7,1,
2021/10/6,,12,10,1,
2021/10/7,,5,8,1,
2021/10/8,,19,7,1,
2021/10/9,,24,8,1,
2021/10/10,,22,10,1,
2021/10/11,,24,12,,
2021/10/12,,25,8,1,
2021/10/13,,9,14,1,
2021/10/14,,20,11,1,
2021/10/15,,17,9,1,
2021/10/16,,15,8,1,
2021/10/17,,14,13,1,
2021/10/18,,27,11,1,
2021/10/19,,28,12,1,
2021/10/20,,27,14,1,
2021/10/21,,14,11,,
2021/10/22,,12,7,,
2021/10/23,,12,8,,
2021/10/24,,14,14,1,
2021/10/25,,22,12,,
2021/10/26,,27,15,,
2021/10/27,,35,14,,
2021/10/28,,33,16,,
2021/10/29,,44,13,,
2021/10/30,,36,12,,
2021/10/31,,40,9,,
2021/11/1,,29,13,,
2021/11/2,,11,11,,
2021/11/3,,17,11,,
2021/11/4,,15,11,,
2021/11/5,,12,12,,
2021/11/6,,17,11,,
2021/11/7,,20,12,,
2021/11/8,,17,14,,
2021/11/9,,19,11,,
2021/11/10,,29,10,,
2021/11/11,,25,10,,
2021/11/12,,13,9,,
2021/11/13,,10,7,,
2021/11/14,,10,8,,
2021/11/15,,22,10,3,
2021/11/16,,29,14,,
2021/11/17,,37,11,,
2021/11/18,,35,14,,
2021/11/19,,31,10,,
2021/11/20,,25,9,,
2021/11/21,,25,10,,
2021/11/22,,22,10,,
2021/11/23,,28,14,,
2021/11/24,,30,15,,
2021/11/25,,38,14,,
2021/11/26,,25,10,,
2021/11/27,,15,11,,
2021/11/28,,16,16,,
2021/11/29,,19,17,,
2021/11/30,,29,19,,
2021/12/1,,30,17,,
2021/12/2,,15,17,,
2021/12/3,,19,14,,
2021/12/4,,28,14,,
2021/12/5,,21,16,,
2021/12/6,,16,21,,
2021/12/7,,37,16,,
2021/12/8,,30,19,,
2021/12/9,,23,14,,
2021/12/10,,21,10,,
2021/12/11,,18,10,,
2021/12/12,,11,24,,
2021/12/13,,28,24,1,
2021/12/14,,40,20,1,
2021/12/15,,38,12,1,
2021/12/16,,27,,,
2021/12/17,,23,,,
2021/12/18,,33,,,
2021/12/19,,33,17,,
2021/12/20,,28,16,,
2021/12/21,,34,18,,
2021/12/22,,42,20,,
2021/12/23,,47,24,1,
2021/12/24,,58,17,,
2021/12/25,,36,5,,
2021/12/26,,11,9,,
2021/12/27,,16,11,,
2021/12/28,,22,13,,
2021/12/29,,20,14,,
2021/12/30,,24,12,1,
2021/12/31,,34,11,,
2022/1/1,,36,10,,
2022/1/2,,28,15,,
2021/7/1,,9,9,,
2021/7/2,,14,6,,
2021/7/3,,13,5,,
2021/7/4,,12,5,,
2021/7/5,,13,6,,
2021/7/6,,17,4,,
2021/7/7,,19,7,,
2021/7/8,,26,4,,
2021/7/9,,18,2,,
2021/7/10,,8,3,,
2021/7/11,,11,4,,
2021/7/12,,13,7,,
2021/7/13,,28,4,,
2021/7/14,,20,5,,
2021/7/15,,13,6,,
2021/7/16,,16,3,,
2021/7/17,,10,2,,
2021/7/18,,11,3,,
2021/7/19,,17,5,,
2021/7/20,,14,4,,
2021/7/21,,18,5,1,
2021/7/22,,19,6,,
2021/7/23,,19,5,,
2021/7/24,,16,2,,
2021/7/25,,13,5,,
2021/7/26,,21,7,,
2021/7/27,,22,6,,
2021/7/28,,21,6,,
2021/7/29,,10,6,,
2021/7/30,,17,3,,
2021/7/31,,7,3,,
2021/8/1,,6,5,,
2021/8/2,,6,4,,
2021/8/3,,8,6,,
2021/8/4,,9,7,,
2021/8/5,,6,7,,
2021/8/6,,11,4,,
2021/8/7,,10,3,,
2021/8/8,,9,5,,
2021/8/9,,9,5,,
2021/8/10,,10,5,,
2021/8/11,,12,6,,
2021/8/12,,18,9,,
2021/8/13,,20,5,,
2021/8/14,,19,5,,
2021/8/15,,19,7,,
2021/8/16,,19,5,,
2021/8/17,,6,5,,
2021/8/18,,9,8,,
2021/8/19,,14,7,,
2021/8/20,,13,5,,
2021/8/21,,13,5,,
2021/8/22,,13,6,,
2021/8/23,,6,5,,
2021/8/24,,8,6,,
2021/8/25,,11,9,,
2021/8/26,,16,6,,
2021/8/27,,8,5,,
2021/8/28,,6,3,,
2021/8/29,,4,8,,
2021/8/30,,10,7,,
2021/8/31,,9,9,,
2021/9/1,,11,8,,
2021/9/2,,16,9,,
2021/9/3,,16,7,,
2021/9/4,,11,6,,
2021/9/5,,12,9,,
2021/9/6,,17,9,,
2021/9/7,,22,10,1,
2021/9/8,,25,11,1,
2021/9/9,,23,12,1,
2021/9/10,,28,9,1,
2021/9/11,,22,6,,
2021/9/12,,12,10,,
2021/9/13,,19,11,,
2021/9/14,,25,13,,
2021/9/15,,30,13,,
2021/9/16,,20,8,,
2021/9/17,,7,6,,
2021/9/18,,10,4,,
2021/9/19,,9,5,,
2021/9/20,,7,6,,
2021/9/21,,13,9,,
2021/9/22,,14,11,,
2021/9/23,,18,11,,
2021/9/24,,19,10,,
2021/9/25,,15,7,,
2021/9/26,,17,13,,
2021/9/27,,18,12,,
2021/9/28,,19,8,,
2021/9/29,,15,8,,
2021/9/30,,8,6,,
2021/4/1,,36,9,,
2021/4/2,,32,4,,
2021/4/3,,13,4,,
2021/4/4,,9,8,,
2021/4/5,,15,7,,
2021/4/6,,13,10,,
2021/4/7,,16,14,,
2021/4/8,,22,13,,
2021/4/9,,26,11,,
2021/4/10,,22,6,,
2021/4/11,,14,9,,
2021/4/12,,12,4,,
2021/4/13,,7,5,,
2021/4/14,,11,10,,
2021/4/15,,17,12,,
2021/4/16,,22,8,,
2021/4/17,,15,5,,
2021/4/18,,16,9,,
2021/4/19,,15,11,,
2021/4/20,,21,12,,
2021/4/21,,22,12,,
2021/4/22,,24,10,,
2021/4/23,,24,7,,
2021/4/24,,20,6,,
2021/4/25,,21,10,,
2021/4/26,,20,14,,
2021/4/27,,29,9,,
2021/4/28,,27,8,,
2021/4/29,,22,9,,
2021/4/30,,15,5,,
2021/5/1,,14,2,,
2021/5/2,,8,5,,
2021/5/3,,11,8,,
2021/5/4,,15,9,,
2021/5/5,,18,4,,
2021/5/6,,9,9,,
2021/5/7,,11,5,,
2021/5/8,,11,5,,
2021/5/9,,12,7,,
2021/5/10,,19,8,,
2021/5/11,,22,6,,
2021/5/12,,11,4,,
2021/5/13,,5,7,,
2021/5/14,,10,4,,
2021/5/15,,8,3,,
2021/5/16,,7,6,,
2021/5/17,,7,7,,
2021/5/18,,13,5,,
2021/5/19,,5,6,,
2021/5/20,,5,8,,
2021/5/21,,11,7,,
2021/5/22,,9,6,,
2021/5/23,,8,5,,
2021/5/24,,7,8,,
2021/5/25,,7,7,,
2021/5/26,,13,9,,
2021/5/27,,10,8,,
2021/5/28,,11,6,,
2021/5/29,,13,4,,
2021/5/30,,9,7,,
2021/5/31,,12,9,,
2021/6/1,,18,9,,
2021/6/2,,22,6,,
2021/6/3,,18,5,,
2021/6/4,,21,4,,
2021/6/5,,19,4,,
2021/6/6,,8,8,,
2021/6/7,,17,7,,
2021/6/8,,20,8,,
2021/6/9,,21,8,,
2021/6/10,,16,7,,
2021/6/11,,13,6,,
2021/6/12,,13,2,,
2021/6/13,,10,5,,
2021/6/14,,14,8,,
2021/6/15,,20,9,,
2021/6/16,,23,7,,
2021/6/17,,23,7,,
2021/6/18,,20,5,,
2021/6/19,,23,4,,
2021/6/20,,22,6,,
2021/6/21,,39,7,,
2021/6/22,,40,6,,
2021/6/23,,29,7,,
2021/6/24,,45,4,,
2021/6/25,,20,3,,
2021/6/26,,9,3,,
2021/6/27,,9,6,,
2021/6/28,,17,8,,
2021/6/29,,28,3,,
2021/6/30,,19,6,,
2021/1/4,,20,8,,
2021/1/5,,14,9,,
2021/1/6,,12,13,,
2021/1/7,,17,14,,
2021/1/8,,24,13,,
2021/1/9,,29,10,,
2021/1/10,,26,20,1,
2021/1/11,,27,19,,
2021/1/12,,34,20,1,
2021/1/13,,38,15,,
2021/1/14,,22,20,1,
2021/1/15,,35,13,,
2021/1/16,,32,6,,
2021/1/17,,26,17,,
2021/1/18,,40,25,1,
2021/1/19,,58,25,1,
2021/1/20,,47,23,,
2021/1/21,,26,20,,
2021/1/22,,18,11,,
2021/1/23,,12,10,,
2021/1/24,,12,18,,
2021/1/25,,20,18,,
2021/1/26,,32,20,,
2021/1/27,,37,21,,
2021/1/28,,39,23,1,
2021/1/29,,34,14,,
2021/1/30,,30,5,,
2021/1/31,,11,17,,
2021/2/1,,28,20,,
2021/2/2,,46,20,1,
2021/2/3,,46,18,1,
2021/2/4,,33,20,1,
2021/2/5,,38,9,,
2021/2/6,,28,9,,
2021/2/7,,27,8,,
2021/2/8,,12,11,,
2021/2/9,,14,13,,
2021/2/10,,19,7,,
2021/2/11,,22,10,,
2021/2/12,,18,5,,
2021/2/13,,11,8,,
2021/2/14,,11,22,,
2021/2/15,,34,23,,
2021/2/16,,44,21,,
2021/2/17,,44,20,1,
2021/2/18,,33,18,,
2021/2/19,,35,12,,
2021/2/20,,38,9,,
2021/2/21,,47,14,,
2021/2/22,,40,21,1,
2021/2/23,,58,20,1,
2021/2/24,,64,18,,
2021/2/25,,59,17,,
2021/2/26,,60,9,,
2021/2/27,,25,11,,
2021/2/28,,17,17,,
2021/3/1,,32,17,,
2021/3/2,,36,19,,
2021/3/3,,41,22,,
2021/3/4,,47,12,,
2021/3/5,,27,9,,
2021/3/6,,15,14,,
2021/3/7,,24,12,,
2021/3/8,,33,7,,
2021/3/9,,25,13,,
2021/3/10,,31,17,,
2021/3/11,,50,12,,
2021/3/12,,29,6,,
2021/3/13,,15,6,,
2021/3/14,,10,11,,
2021/3/15,,17,8,,
2021/3/16,,15,11,,
2021/3/17,,16,10,,
2021/3/18,,16,11,,
2021/3/19,,18,7,,
2021/3/20,,12,9,,
2021/3/21,,16,9,,
2021/3/22,,15,11,,
2021/3/23,,19,12,,
2021/3/24,,21,16,,
2021/3/25,,34,17,,
2021/3/26,,37,11,,
2021/3/27,,24,7,,
2021/3/28,,13,12,,
2021/3/29,,32,18,,
2021/3/30,,33,17,,
2021/3/31,,35,14,,
2020/10/1,,21,15,,
2020/10/2,,25,7,,
2020/10/3,,15,3,,
2020/10/4,,8,11,,
2020/10/5,,15,10,,
2020/10/6,,17,11,,
2020/10/7,,15,11,,
2020/10/8,,17,11,,
2020/10/9,,23,6,,
2020/10/10,,17,3,,
2020/10/11,,4,5,,
2020/10/12,,7,8,,
2020/10/13,,9,12,,
2020/10/14,,16,12,,
2020/10/15,,13,9,,
2020/10/16,,6,,,
2020/10/18,,16,11,,
2020/10/19,,22,10,,
2020/10/20,,30,12,,
2020/10/21,,34,13,,
2020/10/22,,33,11,,
2020/10/23,,37,8,,
2020/10/24,,29,5,,
2020/10/25,,21,6,,
2020/10/26,,16,10,,
2020/10/27,,13,9,,
2020/10/28,,19,10,,
2020/10/29,,31,12,,
2020/10/30,,28,11,,
2020/10/31,,28,8,,
2020/11/1,,23,12,1,
2020/11/2,,35,13,,
2020/11/3,,43,11,,
2020/11/4,,15,10,,
2020/11/5,,21,13,,
2020/11/6,,34,10,,
2020/11/7,,28,8,,
2020/11/8,,28,10,,
2020/11/9,,29,10,,
2020/11/10,,16,7,,
2020/11/11,,15,8,,
2020/11/12,,16,8,,
2020/11/13,,21,9,,
2020/11/14,,24,8,,
2020/11/15,,17,11,,
2020/11/16,,22,13,1,
2020/11/17,,28,11,,
2020/11/18,,24,10,,
2020/11/19,,20,6,,
2020/11/20,,12,10,,
2020/11/21,,18,12,,
2020/11/22,,30,19,1,
2020/11/23,,59,17,1,
2020/11/24,,53,13,,
2020/11/25,,25,13,,
2020/11/26,,23,14,,
2020/11/27,,29,13,,
2020/11/28,,29,11,,
2020/11/29,,27,16,1,
2020/11/30,,34,15,1,
2020/12/1,,37,9,,
2020/12/2,,30,13,,
2020/12/3,,23,16,,
2020/12/4,,35,13,,
2020/12/5,,44,11,,
2020/12/6,,39,12,,
2020/12/7,,20,9,,
2020/12/8,,16,15,,
2020/12/9,,12,16,,
2020/12/10,,16,12,,
2020/12/11,,20,9,,
2020/12/12,,22,10,,
2020/12/13,,25,12,,
2020/12/14,,16,13,,
2020/12/15,,16,12,,
2020/12/16,,22,11,,
2020/12/17,,16,11,,
2020/12/18,,14,12,,
2020/12/19,,10,9,,
2020/12/20,,9,12,,
2020/12/21,,22,11,,
2020/12/22,,24,12,1,
2020/12/23,,39,10,,
2020/12/24,,24,8,,
2020/12/25,,11,7,,
2020/12/26,,14,9,,
2020/12/27,,19,11,,
2020/12/28,,19,16,,
2020/12/29,,18,15,,
2020/12/30,,26,12,,
2020/12/31,,23,11,,
2021/1/1,,46,13,,
2021/1/2,,28,9,,
2021/1/3,,20,13,,
2020/7/1,,14,6,,
2020/7/2,,11,7,,
2020/7/3,,8,5,,
2020/7/4,,12,5,,
2020/7/5,,12,6,,
2020/7/6,,17,4,,
2020/7/7,,9,5,,
2020/7/8,,14,6,,
2020/7/9,,17,7,,
2020/7/10,,19,4,,
2020/7/11,,11,3,,
2020/7/12,,8,6,,
2020/7/13,,11,6,,
2020/7/14,,15,7,,
2020/7/15,,17,6,,
2020/7/16,,12,4,,
2020/7/17,,8,4,,
2020/7/18,,6,3,,
2020/7/19,,7,7,,
2020/7/20,,16,6,,
2020/7/21,,15,7,,
2020/7/22,,14,7,,
2020/7/23,,22,7,,
2020/7/24,,13,5,,
2020/7/25,,14,6,,
2020/7/26,,14,6,,
2020/7/27,,14,7,,
2020/7/28,,18,6,,
2020/7/29,,12,6,,
2020/7/30,,15,7,,
2020/7/31,,22,4,,
2020/8/1,,19,3,,
2020/8/2,,16,5,,
2020/8/3,,12,3,,
2020/8/4,,6,4,1,
2020/8/5,,7,6,1,
2020/8/6,,15,7,,
2020/8/7,,23,6,,
2020/8/8,,24,6,,
2020/8/9,,25,8,,
2020/8/10,,28,8,,
2020/8/11,,22,7,,
2020/8/12,,18,7,,
2020/8/13,,20,6,,
2020/8/14,,13,3,,
2020/8/15,,8,3,,
2020/8/16,,9,6,,
2020/8/17,,11,8,,
2020/8/18,,10,9,,
2020/8/19,,15,7,,
2020/8/20,,14,7,,
2020/8/21,,16,4,,
2020/8/22,,15,2,,
2020/8/23,,7,5,,
2020/8/24,,10,6,,
2020/8/25,,12,9,,
2020/8/26,,18,7,,
2020/8/27,,18,8,,
2020/8/28,,20,4,,
2020/8/29,,16,4,,
2020/8/30,,10,7,,
2020/8/31,,9,8,,
2020/9/1,,8,8,,
2020/9/2,,13,7,,
2020/9/3,,11,9,,
2020/9/4,,16,7,,
2020/9/5,,13,4,,
2020/9/6,,10,6,,
2020/9/7,,8,6,,
2020/9/8,,16,8,,
2020/9/9,,19,7,,
2020/9/10,,22,9,,
2020/9/11,,20,8,,
2020/9/12,,23,6,,
2020/9/13,,19,10,,
2020/9/14,,24,11,,
2020/9/15,,30,13,1,
2020/9/16,,35,10,,
2020/9/17,,27,5,,
2020/9/18,,16,7,,
2020/9/19,,17,6,,
2020/9/20,,16,11,1,
2020/9/21,,27,11,,
2020/9/22,,34,15,,
2020/9/23,,24,10,,
2020/9/24,,16,8,,
2020/9/25,,8,4,,
2020/9/26,,4,3,,
2020/9/27,,7,9,,
2020/9/28,,7,10,,
2020/9/29,,15,9,,
2020/9/30,,15,13,,
2020/4/1,,20,12,,
2020/4/2,,26,11,,
2020/4/3,,27,7,1,
2020/4/4,,21,6,,
2020/4/5,,21,11,,
2020/4/6,,34,9,1,
2020/4/7,,27,12,1,
2020/4/8,,31,13,,
2020/4/9,,33,10,,
2020/4/10,,29,6,,
2020/4/11,,21,5,,
2020/4/12,,20,4,,
2020/4/13,,18,2,,
2020/4/14,,10,10,,
2020/4/15,,19,12,,
2020/4/16,,24,10,,
2020/4/17,,26,6,,
2020/4/18,,21,3,,
2020/4/19,,14,5,,
2020/4/20,,17,3,,
2020/4/21,,15,7,,
2020/4/22,,19,8,,
2020/4/23,,21,11,,
2020/4/24,,26,6,,
2020/4/25,,21,3,,
2020/4/26,,14,7,,
2020/4/27,,18,6,,
2020/4/28,,19,10,,
2020/4/29,,16,7,,
2020/4/30,,11,2,,
2020/5/1,,7,2,,
2020/5/2,,6,2,,
2020/5/3,,7,7,,
2020/5/4,,14,7,,
2020/5/5,,14,5,,
2020/5/6,,11,8,,
2020/5/7,,14,8,,
2020/5/8,,15,7,,
2020/5/9,,18,6,,
2020/5/10,,17,9,,
2020/5/11,,21,3,,
2020/5/12,,7,4,,
2020/5/13,,14,8,,
2020/5/14,,16,4,,
2020/5/15,,14,4,,
2020/5/16,,13,5,,
2020/5/17,,17,7,,
2020/5/18,,18,10,,
2020/5/19,,22,6,,
2020/5/20,,18,3,,
2020/5/21,,13,6,,
2020/5/22,,17,3,,
2020/5/23,,16,1,,
2020/5/24,,7,4,,
2020/5/25,,9,3,,
2020/5/26,,9,5,,
2020/5/27,,10,7,1,
2020/5/28,,15,3,,
2020/5/29,,10,3,,
2020/5/30,,9,3,,
2020/5/31,,9,3,,
2020/6/1,,10,5,,
2020/6/2,,17,5,,
2020/6/3,,16,6,,
2020/6/4,,13,5,,
2020/6/5,,8,4,,
2020/6/6,,11,3,,
2020/6/7,,12,5,,
2020/6/8,,7,7,,
2020/6/9,,14,9,,
2020/6/10,,14,5,,
2020/6/11,,8,7,,
2020/6/12,,14,6,,
2020/6/13,,14,4,,
2020/6/14,,13,6,,
2020/6/15,,7,6,,
2020/6/16,,13,7,,
2020/6/17,,16,4,,
2020/6/18,,9,6,,
2020/6/19,,12,3,,
2020/6/20,,9,2,,
2020/6/21,,10,4,,
2020/6/22,,12,7,1,
2020/6/23,,14,8,,
2020/6/24,,18,8,,
2020/6/25,,10,5,,
2020/6/26,,13,4,,
2020/6/27,,16,4,,
2020/6/28,,14,7,,
2020/6/29,,15,5,,
2020/6/30,,11,7,,
2020/1/1,,54,16,1,
2020/1/2,,46,22,2,
2020/1/3,,51,17,1,
2020/1/4,,45,10,,
2020/1/5,,14,16,1,
2020/1/6,,29,23,2,
2020/1/7,,50,24,2,
2020/1/8,,50,23,2,
2020/1/9,,55,20,2,
2020/1/10,,52,15,1,
2020/1/11,,44,15,1,
2020/1/12,,32,21,1,
2020/1/13,,49,18,,
2020/1/14,,43,18,,
2020/1/15,,42,23,1,
2020/1/16,,54,14,1,
2020/1/17,,35,12,,
2020/1/18,,29,11,,
2020/1/19,,25,19,1,
2020/1/20,,30,17,1,
2020/1/21,,39,17,2,
2020/1/22,,41,20,1,
2020/1/23,,42,17,1,
2020/1/24,,36,16,1,
2020/1/25,,43,11,,
2020/1/26,,36,13,,
2020/1/27,,39,17,1,
2020/1/28,,29,18,,
2020/1/29,,27,21,1,
2020/1/30,,30,29,2,
2020/1/31,,58,17,1,
2020/2/1,,35,14,,
2020/2/2,,24,16,1,
2020/2/3,,27,13,,
2020/2/4,,12,5,,
2020/2/5,,8,17,1,
2020/2/6,,19,21,1,
2020/2/7,,37,17,1,
2020/2/8,,30,16,1,
2020/2/9,,37,15,,
2020/2/10,,26,9,,
2020/2/11,,14,17,,
2020/2/12,,25,21,,
2020/2/13,,33,17,,
2020/2/14,,26,18,,
2020/2/15,,24,14,,
2020/2/16,,25,20,1,
2020/2/17,,39,15,,
2020/2/18,,29,14,,
2020/2/19,,17,17,,
2020/2/20,,22,14,,
2020/2/21,,20,16,,
2020/2/22,,22,17,,
2020/2/23,,32,12,,
2020/2/24,,20,12,,
2020/2/25,,26,13,,
2020/2/26,,15,10,,
2020/2/27,,15,7,,
2020/2/28,,10,14,,
2020/2/29,,16,7,,
2020/3/1,,11,10,,
2020/3/2,,13,6,,
2020/3/3,,8,9,,
2020/3/4,,12,12,,
2020/3/5,,21,15,,
2020/3/6,,13,9,,
2020/3/7,,18,12,,
2020/3/8,,16,19,,
2020/3/9,,32,14,,
2020/3/10,,24,18,,
2020/3/11,,28,16,,
2020/3/12,,29,13,,
2020/3/13,,17,7,,
2020/3/14,,15,5,,
2020/3/15,,15,15,1,
2020/3/16,,28,13,,
2020/3/17,,28,12,,
2020/3/18,,23,11,,
2020/3/19,,24,12,,
2020/3/20,,25,8,,
2020/3/21,,21,,,
2020/3/22,,8,1,,
2020/3/23,,11,4,1,
2020/3/24,,18,3,,
2020/3/25,,18,7,,
2020/3/26,,20,7,,
2020/3/27,,77,10,,
2020/3/28,,67,9,,
2020/3/29,,43,,,
2019/10/1,,13,13,,
2019/10/2,,18,9,,
2019/10/3,,12,10,,
2019/10/4,,16,7,,
2019/10/5,,12,3,,
2019/10/6,,6,7,,
2019/10/7,,16,10,,
2019/10/8,,20,10,,
2019/10/9,,20,10,,
2019/10/10,,12,11,,
2019/10/11,,17,10,,
2019/10/12,,15,9,,
2019/10/13,,17,13,1,
2019/10/14,,27,11,,
2019/10/15,,22,9,,
2019/10/16,,17,11,,
2019/10/17,,20,12,,
2019/10/18,,22,8,,
2019/10/19,,18,6,,
2019/10/20,,13,16,,
2019/10/21,,28,15,1,
2019/10/22,,32,15,1,
2019/10/23,,32,15,1,
2019/10/24,,32,18,1,
2019/10/25,,35,13,,
2019/10/26,,26,12,,
2019/10/27,,26,14,1,
2019/10/28,,31,6,,
2019/10/29,,10,10,,
2019/10/30,,12,7,,
2019/10/31,,16,5,1,
2019/11/1,,18,10,1,
2019/11/2,,31,6,,
2019/11/3,,15,12,,
2019/11/4,,15,13,,
2019/11/5,,12,15,,
2019/11/6,,11,12,,
2019/11/7,,16,10,,
2019/11/8,,18,9,,
2019/11/9,,17,7,,
2019/11/10,,10,11,,
2019/11/11,,20,11,,
2019/11/12,,15,11,,
2019/11/13,,8,15,,
2019/11/14,,19,11,1,
2019/11/15,,26,10,,
2019/11/16,,23,6,,
2019/11/17,,22,13,,
2019/11/18,,22,15,1,
2019/11/19,,30,14,,
2019/11/20,,23,11,,
2019/11/21,,21,12,,
2019/11/22,,24,8,,
2019/11/23,,22,6,,
2019/11/24,,22,11,,
2019/11/25,,15,10,,
2019/11/26,,16,10,,
2019/11/27,,22,12,1,
2019/11/28,,21,14,1,
2019/11/29,,28,10,,
2019/11/30,,13,9,,
2019/12/1,,18,13,,
2019/12/2,,20,19,1,
2019/12/3,,43,16,1,
2019/12/4,,39,11,,
2019/12/5,,31,13,,
2019/12/6,,37,14,1,
2019/12/7,,34,12,1,
2019/12/8,,40,19,2,
2019/12/9,,45,16,1,
2019/12/10,,25,22,2,
2019/12/11,,38,20,1,
2019/12/12,,44,16,,
2019/12/13,,27,14,1,
2019/12/14,,24,15,1,
2019/12/15,,35,23,3,
2019/12/16,,41,21,1,
2019/12/17,,25,23,1,
2019/12/18,,30,20,1,
2019/12/19,,30,14,1,
2019/12/20,,31,11,,
2019/12/21,,10,13,,
2019/12/22,,14,10,,
2019/12/23,,10,12,1,
2019/12/24,,10,12,,
2019/12/25,,14,13,1,
2019/12/26,,11,15,1,
2019/12/27,,21,5,,
2019/12/28,,11,11,1,
2019/12/29,,23,,,
2019/7/1,,26,8,,
2019/7/2,,20,6,,
2019/7/3,,17,5,,
2019/7/4,,18,9,,
2019/7/5,,23,4,,
2019/7/6,,20,3,,
2019/7/7,,9,6,,
2019/7/8,,13,6,,
2019/7/9,,13,8,1,
2019/7/10,,16,10,1,
2019/7/11,,15,9,,
2019/7/12,,13,4,,
2019/7/13,,8,3,,
2019/7/14,,8,8,,
2019/7/15,,13,10,1,
2019/7/16,,22,8,,
2019/7/17,,18,8,,
2019/7/18,,12,8,,
2019/7/19,,16,8,,
2019/7/20,,17,5,,
2019/7/21,,13,7,,
2019/7/22,,15,11,1,
2019/7/23,,20,8,,
2019/7/24,,22,8,,
2019/7/25,,26,11,,
2019/7/26,,26,7,,
2019/7/27,,17,3,,
2019/7/28,,11,6,,
2019/7/29,,15,7,,
2019/7/30,,15,8,,
2019/7/31,,18,5,,
2019/8/1,,11,8,,
2019/8/2,,13,4,,
2019/8/3,,9,7,,
2019/8/4,,10,9,,
2019/8/5,,16,8,,
2019/8/6,,20,8,,
2019/8/7,,21,6,,
2019/8/8,,9,6,,
2019/8/9,,13,5,,
2019/8/10,,17,3,,
2019/8/11,,10,7,,
2019/8/12,,18,4,,
2019/8/13,,10,6,,
2019/8/14,,9,6,,
2019/8/15,,12,8,,
2019/8/16,,11,6,1,
2019/8/17,,11,6,,
2019/8/18,,11,7,,
2019/8/19,,16,7,,
2019/8/20,,14,6,,
2019/8/21,,11,9,,
2019/8/22,,11,10,,
2019/8/23,,18,8,,
2019/8/24,,19,5,,
2019/8/25,,14,8,,
2019/8/26,,23,8,,
2019/8/27,,22,10,,
2019/8/28,,32,10,,
2019/8/29,,35,9,,
2019/8/30,,20,8,,
2019/8/31,,23,7,,
2019/9/1,,22,8,,
2019/9/2,,15,7,,
2019/9/3,,12,13,1,
2019/9/4,,17,7,,
2019/9/5,,19,8,1,
2019/9/6,,12,7,,
2019/9/7,,10,6,,
2019/9/8,,7,7,,
2019/9/9,,8,10,,
2019/9/10,,16,9,,
2019/9/11,,15,10,,
2019/9/12,,20,10,,
2019/9/13,,17,8,,
2019/9/14,,13,7,,
2019/9/15,,13,10,1,
2019/9/16,,22,,,
2019/9/17,,17,3,,
2019/9/18,,15,6,,
2019/9/19,,15,10,,
2019/9/20,,14,9,,
2019/9/21,,17,9,,
2019/9/22,,16,10,,
2019/9/23,,22,9,,
2019/9/24,,13,11,,
2019/9/25,,16,10,,
2019/9/26,,12,10,,
2019/9/27,,18,10,,
2019/9/28,,12,6,,
2019/9/29,,9,8,,
2019/9/30,,18,8,,
2019/4/1,,35,15,,
2019/4/2,,35,16,,
2019/4/3,,38,13,,
2019/4/4,,27,11,,
2019/4/5,,21,6,,
2019/4/6,,11,8,,
2019/4/7,,17,13,,
2019/4/8,,24,8,,
2019/4/9,,22,19,,
2019/4/10,,23,13,,
2019/4/11,,20,7,,
2019/4/12,,20,5,,
2019/4/13,,22,6,,
2019/4/14,,22,15,,
2019/4/15,,26,15,,
2019/4/16,,29,14,,
2019/4/17,,28,14,,
2019/4/18,,21,14,,
2019/4/19,,20,9,,
2019/4/20,,19,9,,
2019/4/21,,34,5,,
2019/4/22,,19,9,,
2019/4/23,,24,6,,
2019/4/24,,32,7,,
2019/4/25,,26,14,,
2019/4/26,,40,4,,
2019/4/27,,8,3,,
2019/4/28,,7,7,,
2019/4/29,,11,8,,
2019/4/30,,10,4,,
2019/5/1,,14,11,,
2019/5/2,,21,5,,
2019/5/3,,12,4,,
2019/5/4,,7,1,,
2019/5/5,,5,6,,
2019/5/6,,11,9,,
2019/5/7,,18,8,,
2019/5/8,,18,13,,
2019/5/9,,12,9,,
2019/5/10,,18,5,,
2019/5/11,,13,1,,
2019/5/12,,7,3,,
2019/5/13,,10,4,,
2019/5/14,,10,8,,
2019/5/15,,11,5,,
2019/5/16,,10,4,,
2019/5/17,,12,5,,
2019/5/18,,20,7,,
2019/5/19,,21,7,,
2019/5/20,,14,7,,
2019/5/21,,13,10,,
2019/5/22,,16,13,,
2019/5/23,,13,8,,
2019/5/24,,18,7,,
2019/5/25,,16,7,,
2019/5/26,,14,11,,
2019/5/27,,20,9,,
2019/5/28,,11,5,,
2019/5/29,,6,4,,
2019/5/30,,9,7,,
2019/5/31,,16,8,,
2019/6/1,,14,6,,
2019/6/2,,15,8,,
2019/6/3,,19,12,,
2019/6/4,,25,8,,
2019/6/5,,25,6,,
2019/6/6,,20,7,,
2019/6/7,,19,6,,
2019/6/8,,22,4,,
2019/6/9,,16,3,1,
2019/6/10,,25,8,1,
2019/6/11,,28,6,,
2019/6/12,,25,7,,
2019/6/13,,33,10,1,
2019/6/14,,29,8,,
2019/6/15,,30,4,,
2019/6/16,,23,7,,
2019/6/17,,17,6,,
2019/6/18,,18,7,,
2019/6/19,,18,5,,
2019/6/20,,14,5,,
2019/6/21,,12,6,,
2019/6/22,,12,3,,
2019/6/23,,8,7,,
2019/6/24,,16,7,,
2019/6/25,,20,7,,
2019/6/26,,25,10,,
2019/6/27,,34,6,,
2019/6/28,,21,6,,
2019/6/29,,19,6,,
2019/6/30,,18,9,,
2019/1/1,,48,10,,
2019/1/2,,15,6,,
2019/1/3,,10,20,,
2019/1/4,,19,23,,
2019/1/5,,37,11,,
2019/1/6,,16,13,,
2019/1/7,,17,17,1,
2019/1/8,,33,23,1,
2019/1/9,,36,18,,
2019/1/10,,24,18,,
2019/1/11,,26,23,1,
2019/1/12,,40,20,,
2019/1/13,,42,13,,
2019/1/14,,15,19,1,
2019/1/15,,22,38,3,
2019/1/16,,56,28,2,
2019/1/17,,42,16,,
2019/1/18,,15,15,,
2019/1/19,,26,13,,
2019/1/20,,28,14,,
2019/1/21,,34,19,,
2019/1/22,,38,18,1,
2019/1/23,,38,16,1,
2019/1/24,,38,17,,
2019/1/25,,38,20,,
2019/1/26,,40,24,,
2019/1/27,,58,23,1,
2019/1/28,,37,17,,
2019/1/29,,28,12,,
2019/1/30,,27,18,,
2019/1/31,,35,20,,
2019/2/1,,37,18,1,
2019/2/2,,24,9,,
2019/2/3,,14,12,,
2019/2/4,,17,19,1,
2019/2/5,,34,23,1,
2019/2/6,,45,23,1,
2019/2/7,,48,25,1,
2019/2/8,,49,20,1,
2019/2/9,,46,15,1,
2019/2/10,,38,13,,
2019/2/11,,12,7,,
2019/2/12,,9,21,1,
2019/2/13,,28,24,1,
2019/2/14,,38,24,2,
2019/2/15,,41,20,1,
2019/2/16,,34,19,1,
2019/2/17,,37,23,1,
2019/2/18,,46,25,1,
2019/2/19,,47,25,1,
2019/2/20,,49,23,1,
2019/2/21,,45,13,,
2019/2/22,,20,8,,
2019/2/23,,13,18,,
2019/2/24,,23,23,1,
2019/2/25,,36,15,1,
2019/2/26,,32,23,1,
2019/2/27,,30,17,1,
2019/2/28,,35,21,1,
2019/3/1,,24,14,,
2019/3/2,,21,16,,
2019/3/3,,25,16,1,
2019/3/4,,31,16,,
2019/3/5,,16,15,1,
2019/3/6,,27,7,,
2019/3/7,,20,11,,
2019/3/8,,12,10,,
2019/3/9,,14,9,,
2019/3/10,,18,6,,
2019/3/11,,12,14,,
2019/3/12,,13,16,,
2019/3/13,,15,18,,
2019/3/14,,21,17,,
2019/3/15,,22,16,,
2019/3/16,,21,8,,
2019/3/17,,22,9,,
2019/3/18,,12,17,,
2019/3/19,,22,15,,
2019/3/20,,21,23,1,
2019/3/21,,34,21,1,
2019/3/22,,37,,,
2019/3/25,,27,8,,
2019/3/26,,10,19,1,
2019/3/27,,23,17,1,
2019/3/28,,23,16,,
2019/3/29,,21,17,,
2019/3/30,,25,16,1,
2019/3/31,,26,19,,
2018/10/1,,23,15,,
2018/10/2,,12,19,,
2018/10/3,,25,12,,
2018/10/4,,20,14,3,
2018/10/5,,29,10,1,
2018/10/6,,28,5,,
2018/10/7,,19,13,,
2018/10/8,,19,12,,
2018/10/9,,29,,1,
2018/10/10,,39,17,2,
2018/10/11,,38,18,2,
2018/10/12,,44,14,1,
2018/10/13,,36,10,1,
2018/10/14,,32,,2,
2018/10/15,,41,17,1,
2018/10/16,,43,16,1,
2018/10/17,,46,19,1,
2018/10/18,,39,17,,
2018/10/19,,42,22,1,
2018/10/20,,35,10,,
2018/10/21,,16,16,,
2018/10/22,,22,13,,
2018/10/23,,28,,,
2018/10/24,,17,19,,
2018/10/25,,19,12,,
2018/10/26,,21,8,,
2018/10/27,,16,6,,
2018/10/28,,10,11,,
2018/10/29,,18,6,,
2018/10/30,,12,17,,
2018/10/31,,18,14,,
2018/11/1,,23,14,,
2018/11/2,,20,10,,
2018/11/3,,28,5,,
2018/11/4,,27,6,,
2018/11/5,,33,9,,
2018/11/6,,38,11,,
2018/11/7,,43,11,,
2018/11/8,,28,9,,
2018/11/9,,28,8,,
2018/11/10,,34,10,,
2018/11/11,,20,15,1,
2018/11/12,,26,14,1,
2018/11/13,,32,14,,
2018/11/14,,22,13,,
2018/11/15,,23,14,,
2018/11/16,,22,12,,
2018/11/17,,17,10,,
2018/11/18,,18,12,,
2018/11/19,,21,12,,
2018/11/20,,14,13,,
2018/11/21,,23,11,,
2018/11/22,,25,11,,
2018/11/23,,33,7,,
2018/11/24,,23,9,,
2018/11/25,,18,10,,
2018/11/26,,6,9,,
2018/11/27,,8,13,,
2018/11/28,,22,11,,
2018/11/29,,24,12,,
2018/11/30,,36,13,,
2018/12/1,,48,15,,
2018/12/2,,55,19,2,
2018/12/3,,55,23,1,
2018/12/4,,37,19,1,
2018/12/5,,25,19,,
2018/12/6,,34,20,1,
2018/12/7,,54,18,1,
2018/12/8,,33,16,1,
2018/12/9,,32,22,1,
2018/12/10,,28,24,1,
2018/12/11,,25,22,1,
2018/12/12,,24,12,,
2018/12/13,,18,7,,
2018/12/14,,18,,,
2018/12/15,,20,11,,
2018/12/16,,34,,2,
2018/12/17,,56,37,2,
2018/12/18,,57,20,1,
2018/12/19,,41,19,1,
2018/12/20,,44,21,1,
2018/12/21,,46,20,1,
2018/12/22,,39,20,1,
2018/12/23,,33,10,1,
2018/12/24,,23,11,,
2018/12/25,,14,19,1,
2018/12/26,,30,25,1,
2018/12/27,,45,26,2,
2018/12/28,,49,18,,
2018/12/29,,37,12,,
2018/12/30,,37,,,
2018/7/1,,10,5,,
2018/7/2,,16,5,,
2018/7/3,,21,8,1,
2018/7/4,,23,11,,
2018/7/5,,21,8,,
2018/7/6,,7,3,,
2018/7/7,,8,6,,
2018/7/8,,12,10,1,
2018/7/9,,18,10,1,
2018/7/10,,21,8,,
2018/7/11,,10,8,1,
2018/7/12,,11,8,1,
2018/7/13,,14,6,,
2018/7/14,,13,5,,
2018/7/15,,10,9,,
2018/7/16,,16,10,,
2018/7/17,,16,14,1,
2018/7/18,,22,12,,
2018/7/19,,19,11,,
2018/7/20,,22,7,,
2018/7/21,,19,3,,
2018/7/23,,17,12,,
2018/7/24,,21,11,1,
2018/7/25,,21,9,1,
2018/7/26,,13,9,,
2018/7/27,,17,6,,
2018/7/28,,12,5,,
2018/7/29,,13,12,,
2018/7/30,,20,11,,
2018/7/31,,21,9,1,
2018/8/1,,27,12,,
2018/8/2,,20,12,,
2018/8/3,,21,7,,
2018/8/4,,17,6,,
2018/8/5,,16,8,,
2018/8/6,,20,9,,
2018/8/7,,21,6,,
2018/8/8,,19,8,,
2018/8/9,,19,9,,
2018/8/10,,25,4,,
2018/8/11,,7,5,,
2018/8/12,,10,9,,
2018/8/13,,17,11,,
2018/8/14,,12,7,,
2018/8/15,,9,8,,
2018/8/16,,13,10,,
2018/8/17,,17,8,,
2018/8/18,,15,7,,
2018/8/19,,15,12,,
2018/8/20,,22,12,,
2018/8/21,,22,10,1,
2018/8/22,,25,13,,
2018/8/23,,29,12,1,
2018/8/24,,25,5,,
2018/8/25,,7,3,,
2018/8/26,,3,10,,
2018/8/27,,11,11,1,
2018/8/28,,15,10,,
2018/8/29,,20,10,,
2018/8/30,,21,11,,
2018/8/31,,10,8,,
2018/9/1,,8,5,,
2018/9/2,,8,9,,
2018/9/3,,11,8,,
2018/9/4,,11,9,,
2018/9/5,,14,12,,
2018/9/6,,21,11,,
2018/9/7,,19,7,,
2018/9/8,,12,7,,
2018/9/9,,13,10,1,
2018/9/10,,17,14,1,
2018/9/11,,22,14,1,
2018/9/12,,26,13,1,
2018/9/13,,31,11,,
2018/9/14,,36,,,
2018/9/17,,30,9,2,
2018/9/18,,36,13,,
2018/9/19,,33,13,,
2018/9/20,,28,12,,
2018/9/21,,32,6,,
2018/9/22,,16,5,,
2018/9/23,,16,6,,
2018/9/24,,13,9,,
2018/9/25,,16,13,1,
2018/9/26,,20,17,,
2018/9/27,,23,16,1,
2018/9/28,,24,9,,
2018/9/29,,16,9,1,
2018/9/30,,13,16,,
2018/4/1,,8,10,,
2018/4/2,,14,11,1,
2018/4/3,,22,,,
2018/4/5,,16,,,
2018/4/6,,15,,,
2018/4/7,,22,,,
2018/4/8,,22,3,,
2018/4/9,,30,9,,
2018/4/10,,20,11,,
2018/4/11,,23,15,,
2018/4/12,,29,9,,
2018/4/13,,15,10,1,
2018/4/14,,16,9,2,
2018/4/15,,28,11,1,
2018/4/16,,36,14,,
2018/4/17,,17,14,1,
2018/4/18,,27,17,1,
2018/4/19,,28,14,1,
2018/4/20,,23,11,1,
2018/4/21,,20,11,,
2018/4/22,,25,14,,
2018/4/23,,32,11,1,
2018/4/24,,15,12,1,
2018/4/25,,28,11,,
2018/4/26,,21,10,,
2018/4/27,,16,10,1,
2018/4/28,,16,,,
2018/4/30,,26,4,,
2018/5/1,,14,8,1,
2018/5/2,,23,8,,
2018/5/3,,19,13,,
2018/5/4,,27,6,,
2018/5/5,,15,6,,
2018/5/6,,19,10,1,
2018/5/7,,20,12,,
2018/5/8,,21,12,,
2018/5/9,,19,9,1,
2018/5/10,,17,9,,
2018/5/11,,13,7,,
2018/5/12,,17,5,,
2018/5/13,,14,9,,
2018/5/14,,10,8,,
2018/5/15,,7,8,,
2018/5/16,,11,9,,
2018/5/17,,12,11,1,
2018/5/18,,17,,,
2018/5/22,,16,9,,
2018/5/23,,18,15,,
2018/5/24,,16,10,,
2018/5/25,,14,7,,
2018/5/26,,11,6,,
2018/5/27,,11,11,,
2018/5/28,,23,13,1,
2018/5/29,,26,13,1,
2018/5/30,,21,9,,
2018/5/31,,25,10,,
2018/6/1,,23,5,,
2018/6/2,,12,7,1,
2018/6/3,,9,13,,
2018/6/4,,15,10,,
2018/6/5,,17,10,,
2018/6/6,,18,9,,
2018/6/7,,15,9,,
2018/6/8,,16,4,,
2018/6/9,,13,5,,
2018/6/10,,15,9,,
2018/6/11,,17,11,,
2018/6/12,,28,7,,
2018/6/13,,13,5,,
2018/6/14,,8,5,,
2018/6/15,,11,8,1,
2018/6/16,,15,9,1,
2018/6/17,,17,6,,
2018/6/18,,13,7,1,
2018/6/19,,13,10,1,
2018/6/20,,19,9,1,
2018/6/21,,20,5,,
2018/6/22,,15,4,,
2018/6/23,,8,3,,
2018/6/24,,7,6,,
2018/6/25,,9,7,1,
2018/6/26,,11,7,,
2018/6/27,,9,8,,
2018/6/28,,6,5,,
2018/6/29,,10,4,1,
2018/6/30,,16,2,,
2018/1/1,,49,22,1,
2018/1/2,,25,21,1,
2018/1/3,,29,26,2,
2018/1/4,,35,27,3,
2018/1/5,,49,13,1,
2018/1/6,,18,12,1,
2018/1/7,,16,13,1,
2018/1/8,,27,11,,
2018/1/9,,22,12,,
2018/1/10,,16,15,,
2018/1/11,,21,16,1,
2018/1/12,,30,9,,
2018/1/13,,14,5,2,
2018/1/14,,11,9,,
2018/1/15,,18,17,1,
2018/1/16,,36,16,1,
2018/1/17,,18,19,1,
2018/1/18,,19,24,1,
2018/1/19,,24,20,1,
2018/1/20,,32,12,,
2018/1/21,,20,14,1,
2018/1/22,,23,21,1,
2018/1/23,,43,23,2,
2018/1/24,,50,24,2,
2018/1/25,,51,22,1,
2018/1/26,,58,12,,
2018/1/27,,23,13,,
2018/1/28,,22,23,2,
2018/1/29,,46,20,2,
2018/1/30,,36,19,1,
2018/1/31,,29,17,1,
2018/2/1,,29,21,,
2018/2/2,,11,18,,
2018/2/3,,20,13,,
2018/2/4,,20,14,,
2018/2/5,,25,9,1,
2018/2/6,,34,16,1,
2018/2/7,,32,17,1,
2018/2/8,,27,15,,
2018/2/9,,44,12,,
2018/2/10,,57,14,,
2018/2/11,,42,24,1,
2018/2/12,,34,18,,
2018/2/13,,16,19,1,
2018/2/14,,26,21,1,
2018/2/15,,44,27,1,
2018/2/16,,50,17,1,
2018/2/17,,44,7,,
2018/2/18,,26,8,,
2018/2/19,,24,18,,
2018/2/20,,21,23,1,
2018/2/21,,35,19,,
2018/2/22,,32,21,,
2018/2/23,,27,10,1,
2018/2/24,,37,11,1,
2018/2/25,,24,20,1,
2018/2/26,,36,10,1,
2018/2/27,,29,25,1,
2018/2/28,,50,25,1,
2018/3/1,,64,19,2,
2018/3/2,,71,13,2,
2018/3/3,,59,11,1,
2018/3/4,,55,17,4,
2018/3/5,,50,23,3,
2018/3/6,,41,24,1,
2018/3/7,,40,22,1,
2018/3/8,,27,29,1,
2018/3/9,,48,20,1,
2018/3/10,,38,15,1,
2018/3/11,,25,17,1,
2018/3/12,,23,15,1,
2018/3/13,,19,14,,
2018/3/14,,21,11,,
2018/3/15,,24,18,,
2018/3/16,,19,9,,
2018/3/17,,17,6,,
2018/3/18,,17,10,,
2018/3/19,,23,12,,
2018/3/20,,36,16,1,
2018/3/21,,34,18,,
2018/3/22,,31,19,,
2018/3/23,,34,12,1,
2018/3/24,,21,6,1,
2018/3/25,,32,16,1,
2018/3/26,,45,15,,
2018/3/27,,35,17,,
2018/3/28,,29,19,1,
2018/3/29,,33,15,1,
2018/3/30,,15,9,1,
2018/3/31,,23,3,,
2017/10/1,,29,15,1,
2017/10/2,,33,15,,
2017/10/3,,33,13,,
2017/10/4,,22,12,,
2017/10/5,,25,8,,
2017/10/6,,8,11,,
2017/10/7,,13,9,,
2017/10/8,,13,12,1,
2017/10/9,,18,12,1,
2017/10/10,,24,14,,
2017/10/11,,26,14,1,
2017/10/12,,31,21,,
2017/10/13,,25,13,,
2017/10/14,,27,12,,
2017/10/15,,28,17,,
2017/10/16,,31,18,,
2017/10/17,,35,17,1,
2017/10/18,,35,18,1,
2017/10/19,,39,19,1,
2017/10/20,,40,17,1,
2017/10/21,,32,8,,
2017/10/22,,17,10,1,
2017/10/23,,12,10,,
2017/10/24,,9,18,1,
2017/10/25,,28,11,1,
2017/10/26,,26,9,1,
2017/10/27,,22,14,,
2017/10/28,,15,7,,
2017/10/29,,10,12,,
2017/10/30,,11,21,1,
2017/10/31,,20,15,1,
2017/11/1,,27,19,1,
2017/11/2,,40,16,1,
2017/11/3,,30,14,,
2017/11/4,,40,14,1,
2017/11/5,,36,15,,
2017/11/6,,10,19,1,
2017/11/7,,22,18,,
2017/11/8,,23,14,,
2017/11/9,,23,13,1,
2017/11/10,,34,11,1,
2017/11/11,,30,9,,
2017/11/12,,24,10,,
2017/11/13,,8,15,1,
2017/11/14,,21,22,1,
2017/11/15,,41,21,1,
2017/11/16,,37,16,,
2017/11/17,,36,13,1,
2017/11/18,,34,13,,
2017/11/19,,24,19,1,
2017/11/20,,26,27,2,
2017/11/21,,45,,,
2017/11/23,,37,26,2,
2017/11/24,,49,15,1,
2017/11/25,,38,4,,
2017/11/26,,5,22,1,
2017/11/27,,32,22,2,
2017/11/28,,45,22,1,
2017/11/29,,44,19,1,
2017/11/30,,22,20,1,
2017/12/1,,28,14,1,
2017/12/2,,30,14,,
2017/12/3,,35,42,,
2017/12/4,,79,33,,
2017/12/5,,57,26,,
2017/12/6,,45,31,4,
2017/12/7,,57,22,1,
2017/12/8,,38,14,,
2017/12/9,,14,19,,
2017/12/10,,30,25,1,
2017/12/11,,20,13,,
2017/12/12,,13,16,,
2017/12/13,,10,20,1,
2017/12/14,,32,21,1,
2017/12/15,,30,14,,
2017/12/16,,16,18,,
2017/12/17,,26,25,1,
2017/12/18,,42,25,1,
2017/12/19,,48,26,1,
2017/12/20,,43,28,2,
2017/12/21,,50,28,3,
2017/12/22,,49,18,1,
2017/12/23,,40,20,1,
2017/12/24,,35,16,1,
2017/12/25,,35,,,
2017/12/27,,19,13,,
2017/12/28,,8,14,,
2017/12/29,,17,20,1,
2017/12/30,,32,,,
2017/7/1,,7,4,,
2017/7/2,,5,9,1,
2017/7/3,,10,13,1,
2017/7/4,,15,10,1,
2017/7/5,,15,10,,
2017/7/6,,18,11,,
2017/7/7,,15,9,,
2017/7/8,,12,5,1,
2017/7/9,,14,8,,
2017/7/10,,18,7,1,
2017/7/11,,12,7,,
2017/7/12,,9,6,,
2017/7/13,,8,8,,
2017/7/14,,13,4,,
2017/7/15,,8,6,,
2017/7/16,,8,11,1,
2017/7/17,,15,13,1,
2017/7/18,,20,11,,
2017/7/19,,20,9,,
2017/7/20,,16,8,,
2017/7/21,,8,7,1,
2017/7/22,,14,5,,
2017/7/23,,13,9,,
2017/7/24,,6,7,,
2017/7/25,,8,9,,
2017/7/26,,9,11,,
2017/7/27,,9,10,1,
2017/7/28,,14,6,1,
2017/7/29,,11,5,,
2017/7/30,,15,10,,
2017/7/31,,16,9,1,
2017/8/1,,21,8,,
2017/8/2,,24,9,,
2017/8/3,,17,10,1,
2017/8/4,,22,5,,
2017/8/5,,12,4,,
2017/8/6,,7,6,,
2017/8/7,,10,5,,
2017/8/8,,16,8,,
2017/8/9,,22,10,,
2017/8/10,,25,8,,
2017/8/11,,20,3,,
2017/8/12,,6,5,,
2017/8/13,,6,8,1,
2017/8/14,,9,7,,
2017/8/15,,12,12,,
2017/8/16,,16,10,1,
2017/8/17,,15,11,1,
2017/8/18,,20,9,,
2017/8/19,,13,5,1,
2017/8/20,,6,10,1,
2017/8/21,,11,10,1,
2017/8/22,,16,10,1,
2017/8/23,,18,13,1,
2017/8/24,,22,11,,
2017/8/25,,21,9,,
2017/8/26,,19,6,,
2017/8/27,,16,10,,
2017/8/28,,15,10,,
2017/8/29,,16,11,1,
2017/8/30,,21,12,1,
2017/8/31,,25,9,,
2017/9/1,,12,5,,
2017/9/2,,7,3,,
2017/9/3,,4,12,1,
2017/9/4,,12,12,1,
2017/9/5,,13,16,,
2017/9/6,,17,,,
2017/9/11,,12,11,,
2017/9/12,,6,8,,
2017/9/13,,12,6,1,
2017/9/14,,12,8,,
2017/9/15,,8,8,,
2017/9/16,,9,7,,
2017/9/17,,8,11,1,
2017/9/18,,13,10,,
2017/9/19,,6,14,1,
2017/9/20,,12,13,1,
2017/9/21,,18,14,1,
2017/9/22,,17,8,1,
2017/9/23,,15,8,1,
2017/9/24,,20,12,,
2017/9/25,,22,15,1,
2017/9/26,,19,13,,
2017/9/27,,25,12,1,
2017/9/28,,31,11,1,
2017/9/29,,33,7,,
2017/9/30,,25,10,1,
2017/4/1,,24,14,,
2017/4/2,,22,15,2,
2017/4/3,,32,15,1,
2017/4/4,,31,12,,
2017/4/5,,16,10,,
2017/4/6,,14,11,1,
2017/4/7,,14,10,,
2017/4/8,,12,8,,
2017/4/9,,14,15,1,
2017/4/10,,24,14,1,
2017/4/11,,21,15,,
2017/4/12,,26,20,1,
2017/4/13,,33,12,1,
2017/4/14,,17,7,,
2017/4/15,,18,6,,
2017/4/16,,19,4,,
2017/4/17,,8,9,,
2017/4/18,,9,5,,
2017/4/19,,15,4,,
2017/4/20,,17,12,,
2017/4/21,,20,13,,
2017/4/22,,19,4,1,
2017/4/23,,8,16,1,
2017/4/24,,20,12,,
2017/4/25,,24,6,,
2017/4/26,,24,8,,
2017/4/27,,10,11,,
2017/4/28,,6,12,,
2017/4/29,,15,10,,
2017/4/30,,18,8,1,
2017/5/1,,21,10,,
2017/5/2,,19,15,1,
2017/5/3,,19,11,1,
2017/5/4,,20,14,,
2017/5/5,,15,7,,
2017/5/6,,14,5,,
2017/5/7,,12,11,1,
2017/5/8,,10,6,,
2017/5/9,,8,6,,
2017/5/10,,13,11,,
2017/5/11,,23,12,1,
2017/5/12,,16,8,,
2017/5/13,,9,7,1,
2017/5/14,,9,9,,
2017/5/15,,10,10,1,
2017/5/16,,13,14,1,
2017/5/17,,18,11,,
2017/5/18,,21,13,,
2017/5/19,,22,3,,
2017/5/20,,12,2,,
2017/5/21,,10,9,1,
2017/5/22,,20,9,,
2017/5/23,,13,14,,
2017/5/24,,16,3,,
2017/5/25,,7,9,1,
2017/5/26,,14,8,1,
2017/5/27,,16,7,1,
2017/5/28,,15,10,2,
2017/5/29,,18,13,1,
2017/5/30,,26,13,1,
2017/5/31,,23,9,,
2017/6/1,,18,10,,
2017/6/2,,18,6,,
2017/6/3,,13,6,1,
2017/6/4,,13,4,,
2017/6/5,,9,11,,
2017/6/6,,16,11,,
2017/6/7,,8,8,,
2017/6/8,,11,14,1,
2017/6/9,,18,,,
2017/6/12,,22,7,,
2017/6/13,,21,7,,
2017/6/14,,20,6,,
2017/6/15,,19,10,,
2017/6/16,,20,3,1,
2017/6/17,,12,3,,
2017/6/18,,9,11,1,
2017/6/19,,17,12,1,
2017/6/20,,23,11,,
2017/6/21,,26,12,,
2017/6/22,,29,14,1,
2017/6/23,,25,6,,
2017/6/24,,24,4,,
2017/6/25,,12,7,,
2017/6/26,,14,10,,
2017/6/27,,17,10,1,
2017/6/28,,22,5,,
2017/6/29,,9,7,,
2017/6/30,,12,4,1,
2017/1/2,,65,30,2,
2017/1/3,,58,31,2,
2017/1/4,,51,14,,
2017/1/5,,17,3,,
2017/1/6,,9,11,,
2017/1/7,,15,14,,
2017/1/8,,28,22,1,
2017/1/9,,44,10,1,
2017/1/10,,29,29,1,
2017/1/11,,55,37,2,
2017/1/12,,69,27,,
2017/1/13,,26,23,1,
2017/1/14,,28,23,1,
2017/1/15,,34,30,1,
2017/1/16,,43,26,1,
2017/1/17,,39,29,1,
2017/1/18,,48,29,1,
2017/1/19,,54,33,1,
2017/1/20,,67,32,1,
2017/1/21,,68,31,1,
2017/1/22,,72,34,1,
2017/1/23,,92,23,,
2017/1/24,,81,19,,
2017/1/25,,47,24,1,
2017/1/26,,35,27,1,
2017/1/27,,55,18,,
2017/1/28,,59,19,,
2017/1/29,,63,21,,
2017/1/30,,63,22,,
2017/1/31,,68,30,1,
2017/2/1,,77,31,2,
2017/2/2,,69,25,1,
2017/2/3,,34,22,1,
2017/2/4,,25,20,,
2017/2/5,,27,23,,
2017/2/6,,12,18,,
2017/2/7,,22,12,,
2017/2/8,,35,17,,
2017/2/9,,51,13,1,
2017/2/10,,49,9,1,
2017/2/11,,46,10,1,
2017/2/12,,57,16,1,
2017/2/13,,55,22,,
2017/2/14,,46,25,1,
2017/2/15,,51,24,2,
2017/2/16,,50,26,1,
2017/2/17,,51,19,,
2017/2/18,,27,16,,
2017/2/19,,24,25,1,
2017/2/20,,41,31,2,
2017/2/21,,59,25,1,
2017/2/22,,48,27,1,
2017/2/23,,46,14,,
2017/2/24,,18,17,,
2017/2/25,,23,21,1,
2017/2/26,,32,23,1,
2017/2/27,,38,16,,
2017/2/28,,23,18,1,
2017/3/1,,19,24,,
2017/3/2,,31,22,1,
2017/3/3,,34,11,,
2017/3/4,,23,8,,
2017/3/5,,11,15,,
2017/3/6,,22,10,,
2017/3/7,,13,17,,
2017/3/8,,21,19,1,
2017/3/9,,27,6,,
2017/3/10,,7,7,,
2017/3/11,,11,18,,
2017/3/12,,20,18,1,
2017/3/13,,32,20,,
2017/3/14,,34,26,,
2017/3/15,,45,22,,
2017/3/16,,43,22,1,
2017/3/17,,36,22,,
2017/3/18,,42,13,,
2017/3/19,,24,14,,
2017/3/20,,29,15,,
2017/3/21,,28,13,,
2017/3/22,,26,16,,
2017/3/23,,29,13,,
2017/3/24,,29,13,,
2017/3/25,,28,9,,
2017/3/26,,19,19,,
2017/3/27,,27,25,,
2017/3/28,,37,19,1,
2017/3/29,,36,24,1,
2017/3/30,,40,15,,
2017/3/31,,28,12,,
2016/10/1,,30,14,,
2016/10/2,,27,14,1,
2016/10/3,,11,11,1,
2016/10/4,,21,12,1,
2016/10/5,,14,13,1,
2016/10/6,,21,8,,
2016/10/7,,16,8,,
2016/10/8,,20,8,,
2016/10/9,,17,11,1,
2016/10/10,,23,10,,
2016/10/11,,14,12,1,
2016/10/12,,19,13,1,
2016/10/13,,26,12,2,
2016/10/14,,28,11,1,
2016/10/15,,32,8,1,
2016/10/16,,32,10,,
2016/10/17,,28,7,,
2016/10/18,,23,9,,
2016/10/19,,17,16,,
2016/10/20,,12,14,1,
2016/10/21,,18,12,1,
2016/10/22,,19,10,,
2016/10/23,,21,20,1,
2016/10/24,,10,13,1,
2016/10/25,,6,7,,
2016/10/26,,4,12,1,
2016/10/27,,16,14,1,
2016/10/28,,31,14,1,
2016/10/29,,28,11,1,
2016/10/30,,22,17,1,
2016/10/31,,29,13,1,
2016/11/1,,26,15,1,
2016/11/2,,34,12,1,
2016/11/3,,15,14,1,
2016/11/4,,21,18,1,
2016/11/5,,39,9,1,
2016/11/6,,22,14,,
2016/11/7,,9,16,,
2016/11/8,,11,16,1,
2016/11/9,,20,17,1,
2016/11/10,,35,18,1,
2016/11/11,,40,9,1,
2016/11/12,,9,8,1,
2016/11/13,,17,14,1,
2016/11/14,,16,22,1,
2016/11/15,,39,23,1,
2016/11/16,,41,17,1,
2016/11/17,,41,20,1,
2016/11/18,,23,16,1,
2016/11/19,,24,10,1,
2016/11/20,,16,17,1,
2016/11/21,,33,18,1,
2016/11/22,,29,16,1,
2016/11/23,,30,15,1,
2016/11/24,,34,11,,
2016/11/25,,39,10,,
2016/11/26,,22,11,1,
2016/11/27,,33,11,,
2016/11/28,,12,21,1,
2016/11/29,,25,30,2,
2016/11/30,,57,33,3,
2016/12/1,,59,18,1,
2016/12/2,,24,16,,
2016/12/3,,20,19,1,
2016/12/4,,29,27,2,
2016/12/5,,54,26,2,
2016/12/6,,58,24,1,
2016/12/7,,51,17,,
2016/12/8,,30,46,4,
2016/12/9,,76,32,3,
2016/12/10,,56,25,2,
2016/12/11,,47,25,2,
2016/12/12,,39,16,,
2016/12/13,,22,31,2,
2016/12/14,,61,20,1,
2016/12/15,,47,18,,
2016/12/16,,29,20,1,
2016/12/17,,45,31,2,
2016/12/18,,53,15,,
2016/12/19,,53,18,,
2016/12/20,,44,16,,
2016/12/21,,37,15,,
2016/12/22,,34,17,,
2016/12/23,,36,16,,
2016/12/24,,36,14,1,
2016/12/25,,44,16,1,
2016/12/26,,47,8,1,
2016/12/27,,21,9,,
2016/12/28,,8,23,1,
2016/12/29,,24,28,2,
2016/12/30,,43,28,2,
2016/12/31,,61,23,2,
2017/1/1,,91,33,2,
2016/7/1,,16,6,,
2016/7/2,,16,3,,
2016/7/3,,8,7,,
2016/7/4,,12,9,,
2016/7/5,,16,5,,
2016/7/6,,12,8,,
2016/7/7,,16,8,1,
2016/7/8,,16,7,,
2016/7/9,,16,6,1,
2016/7/10,,17,9,,
2016/7/11,,23,9,,
2016/7/12,,22,9,,
2016/7/13,,13,5,,
2016/7/14,,8,6,,
2016/7/15,,12,4,,
2016/7/16,,10,7,1,
2016/7/17,,12,13,1,
2016/7/18,,13,9,,
2016/7/19,,15,7,,
2016/7/20,,17,10,,
2016/7/21,,21,7,,
2016/7/22,,15,5,,
2016/7/23,,15,6,,
2016/7/24,,20,13,,
2016/7/25,,19,10,,
2016/7/26,,17,11,,
2016/7/27,,21,10,,
2016/7/28,,16,8,,
2016/7/29,,14,8,,
2016/7/30,,15,4,,
2016/7/31,,9,13,,
2016/8/1,,13,9,1,
2016/8/2,,23,7,,
2016/8/3,,16,9,1,
2016/8/4,,19,6,1,
2016/8/5,,21,2,,
2016/8/6,,15,9,,
2016/8/7,,18,12,1,
2016/8/8,,16,11,,
2016/8/9,,18,9,,
2016/8/10,,11,9,,
2016/8/11,,13,13,,
2016/8/12,,19,9,1,
2016/8/13,,12,6,,
2016/8/14,,10,5,,
2016/8/15,,15,7,,
2016/8/16,,16,8,,
2016/8/17,,18,9,,
2016/8/18,,19,11,,
2016/8/19,,14,5,,
2016/8/20,,13,3,,
2016/8/21,,9,9,1,
2016/8/22,,10,13,,
2016/8/23,,18,12,,
2016/8/24,,22,11,1,
2016/8/25,,20,12,2,
2016/8/26,,24,8,1,
2016/8/27,,24,8,,
2016/8/28,,28,12,,
2016/8/29,,24,9,,
2016/8/30,,17,10,,
2016/8/31,,19,13,,
2016/9/1,,21,12,,
2016/9/2,,23,11,,
2016/9/3,,19,9,,
2016/9/4,,20,8,,
2016/9/5,,9,12,,
2016/9/6,,10,12,1,
2016/9/7,,22,13,1,
2016/9/8,,28,15,1,
2016/9/9,,28,11,1,
2016/9/10,,34,9,2,
2016/9/11,,28,16,1,
2016/9/12,,42,14,1,
2016/9/13,,36,13,1,
2016/9/14,,32,13,1,
2016/9/15,,34,,,
2016/9/16,,23,,,
2016/9/17,,11,,,
2016/9/18,,9,6,1,
2016/9/19,,10,9,,
2016/9/20,,13,13,1,
2016/9/21,,18,14,1,
2016/9/22,,22,14,1,
2016/9/23,,24,13,,
2016/9/24,,26,10,,
2016/9/25,,22,15,1,
2016/9/26,,29,14,1,
2016/9/27,,35,19,1,
2016/9/28,,37,17,1,
2016/9/29,,37,20,1,
2016/9/30,,36,13,1,
2016/4/1,,28,8,,
2016/4/2,,17,12,1,
2016/4/3,,28,17,1,
2016/4/4,,43,15,1,
2016/4/5,,63,13,1,
2016/4/6,,57,11,,
2016/4/7,,23,14,,
2016/4/8,,25,4,,
2016/4/9,,10,4,,
2016/4/10,,17,8,1,
2016/4/11,,19,10,,
2016/4/12,,20,13,1,
2016/4/13,,26,10,,
2016/4/14,,19,14,1,
2016/4/15,,23,9,1,
2016/4/16,,21,5,,
2016/4/17,,16,9,,
2016/4/18,,14,10,,
2016/4/19,,14,15,1,
2016/4/20,,22,13,1,
2016/4/21,,21,14,1,
2016/4/22,,24,5,,
2016/4/23,,17,3,,
2016/4/24,,9,11,,
2016/4/25,,13,13,1,
2016/4/26,,19,13,,
2016/4/27,,13,15,,
2016/4/28,,19,14,1,
2016/4/29,,20,10,1,
2016/4/30,,16,7,1,
2016/5/1,,20,11,,
2016/5/2,,10,10,1,
2016/5/3,,15,6,,
2016/5/4,,10,4,,
2016/5/5,,11,11,1,
2016/5/6,,19,9,,
2016/5/7,,17,5,,
2016/5/8,,14,10,1,
2016/5/9,,17,10,,
2016/5/10,,21,8,,
2016/5/11,,20,9,,
2016/5/12,,17,8,,
2016/5/13,,12,6,,
2016/5/14,,10,3,,
2016/5/15,,12,6,1,
2016/5/16,,13,9,,
2016/5/17,,14,9,,
2016/5/18,,19,12,1,
2016/5/19,,16,7,,
2016/5/20,,11,9,,
2016/5/21,,13,6,,
2016/5/22,,15,10,1,
2016/5/23,,20,6,,
2016/5/24,,8,5,,
2016/5/25,,13,5,,
2016/5/26,,16,8,1,
2016/5/27,,17,4,,
2016/5/28,,16,3,,
2016/5/29,,19,9,,
2016/5/30,,12,9,,
2016/5/31,,14,8,,
2016/6/1,,15,11,,
2016/6/2,,11,9,,
2016/6/3,,14,7,,
2016/6/4,,14,8,,
2016/6/5,,16,10,,
2016/6/6,,17,7,1,
2016/6/7,,19,7,,
2016/6/8,,18,10,,
2016/6/9,,17,8,,
2016/6/10,,14,7,,
2016/6/11,,15,4,,
2016/6/12,,14,8,,
2016/6/13,,13,9,,
2016/6/14,,12,6,,
2016/6/15,,10,8,,
2016/6/16,,15,7,,
2016/6/17,,15,5,,
2016/6/18,,12,4,,
2016/6/19,,11,9,,
2016/6/20,,10,9,1,
2016/6/21,,23,9,1,
2016/6/22,,16,9,,
2016/6/23,,25,9,,
2016/6/24,,33,6,,
2016/6/25,,33,3,,
2016/6/26,,14,7,,
2016/6/27,,12,9,,
2016/6/28,,14,9,1,
2016/6/29,,14,10,,
2016/6/30,,20,9,,
2016/1/4,,49,18,1,
2016/1/5,,65,22,1,
2016/1/6,,78,31,3,
2016/1/7,,58,30,2,
2016/1/8,,57,25,2,
2016/1/9,,63,17,1,
2016/1/10,,42,18,1,
2016/1/11,,21,23,1,
2016/1/12,,25,15,1,
2016/1/13,,20,29,2,
2016/1/14,,43,25,2,
2016/1/15,,47,17,1,
2016/1/16,,30,12,1,
2016/1/17,,27,17,1,
2016/1/18,,30,25,1,
2016/1/19,,55,28,2,
2016/1/20,,61,30,2,
2016/1/21,,53,20,1,
2016/1/22,,40,22,1,
2016/1/23,,59,27,2,
2016/1/24,,67,33,2,
2016/1/25,,62,38,4,
2016/1/26,,69,38,4,
2016/1/27,,75,31,3,
2016/1/28,,57,28,2,
2016/1/29,,54,22,1,
2016/1/30,,48,12,,
2016/1/31,,21,22,1,
2016/2/1,,37,26,2,
2016/2/2,,51,25,2,
2016/2/3,,40,15,1,
2016/2/4,,22,19,1,
2016/2/5,,24,21,1,
2016/2/6,,37,18,,
2016/2/7,,27,25,1,
2016/2/8,,24,17,1,
2016/2/9,,16,19,,
2016/2/10,,17,24,1,
2016/2/11,,25,22,1,
2016/2/12,,31,13,,
2016/2/13,,21,17,,
2016/2/14,,33,20,1,
2016/2/15,,28,18,1,
2016/2/16,,26,16,,
2016/2/17,,18,20,1,
2016/2/18,,27,15,,
2016/2/19,,16,13,1,
2016/2/20,,25,16,1,
2016/2/21,,35,20,1,
2016/2/22,,40,22,1,
2016/2/23,,48,11,,
2016/2/24,,20,14,1,
2016/2/25,,20,12,,
2016/2/26,,23,11,2,
2016/2/27,,26,18,2,
2016/2/28,,48,17,,
2016/2/29,,31,10,,
2016/3/1,,13,21,1,
2016/3/2,,25,15,,
2016/3/3,,10,11,,
2016/3/4,,15,13,,
2016/3/5,,21,6,,
2016/3/6,,14,12,,
2016/3/7,,11,14,,
2016/3/8,,20,15,,
2016/3/9,,23,14,1,
2016/3/10,,22,11,,
2016/3/11,,18,14,,
2016/3/12,,24,10,,
2016/3/13,,15,15,1,
2016/3/14,,21,22,1,
2016/3/15,,29,14,,
2016/3/16,,19,17,1,
2016/3/17,,29,22,1,
2016/3/18,,37,16,1,
2016/3/19,,38,10,,
2016/3/20,,27,15,1,
2016/3/21,,35,13,1,
2016/3/22,,31,11,,
2016/3/23,,17,11,,
2016/3/24,,14,18,1,
2016/3/25,,25,10,,
2016/3/26,,34,10,1,
2016/3/27,,33,12,,
2016/3/28,,23,16,1,
2016/3/29,,25,15,1,
2016/3/30,,26,12,1,
2016/3/31,,20,14,1,
2015/10/1,,19,17,1,
2015/10/2,,24,12,1,
2015/10/3,,29,9,,
2015/10/4,,22,12,,
2015/10/5,,17,17,1,
2015/10/6,,29,14,,
2015/10/7,,19,13,,
2015/10/8,,11,11,,
2015/10/9,,23,6,,
2015/10/10,,21,6,,
2015/10/11,,9,7,,
2015/10/12,,30,11,,
2015/10/13,,36,12,,
2015/10/14,,16,12,,
2015/10/15,,11,12,,
2015/10/16,,13,9,,
2015/10/17,,19,6,,
2015/10/18,,20,11,,
2015/10/19,,14,13,1,
2015/10/20,,21,17,1,
2015/10/21,,34,15,1,
2015/10/22,,20,18,1,
2015/10/23,,35,12,1,
2015/10/24,,27,12,,
2015/10/25,,25,8,,
2015/10/26,,24,12,,
2015/10/27,,37,13,,
2015/10/28,,47,11,2,
2015/10/29,,49,15,1,
2015/10/30,,43,11,1,
2015/10/31,,57,,,
2015/11/2,,41,24,2,
2015/11/3,,47,28,2,
2015/11/4,,59,27,2,
2015/11/5,,53,25,2,
2015/11/6,,45,20,1,
2015/11/7,,41,15,1,
2015/11/8,,31,22,2,
2015/11/9,,43,25,2,
2015/11/10,,42,26,1,
2015/11/11,,33,23,1,
2015/11/12,,34,21,1,
2015/11/13,,34,18,1,
2015/11/14,,43,15,1,
2015/11/15,,39,23,1,
2015/11/16,,42,27,3,
2015/11/17,,60,24,2,
2015/11/18,,51,29,2,
2015/11/19,,48,22,1,
2015/11/20,,40,14,,
2015/11/21,,19,14,1,
2015/11/22,,19,18,1,
2015/11/23,,34,20,1,
2015/11/24,,27,19,1,
2015/11/25,,37,19,1,
2015/11/26,,38,24,2,
2015/11/27,,42,17,1,
2015/11/28,,37,20,1,
2015/11/29,,45,32,2,
2015/11/30,,54,30,2,
2015/12/1,,53,19,1,
2015/12/2,,44,20,2,
2015/12/3,,47,18,1,
2015/12/4,,39,20,1,
2015/12/5,,50,14,,
2015/12/6,,30,22,2,
2015/12/7,,42,12,1,
2015/12/8,,28,15,1,
2015/12/9,,33,,,
2015/12/10,,39,31,2,
2015/12/11,,51,27,2,
2015/12/12,,64,25,2,
2015/12/13,,63,30,2,
2015/12/14,,53,21,1,
2015/12/15,,48,24,2,
2015/12/16,,58,17,,
2015/12/17,,45,15,1,
2015/12/18,,35,20,2,
2015/12/19,,51,13,1,
2015/12/20,,30,14,1,
2015/12/21,,28,23,3,
2015/12/22,,45,25,2,
2015/12/23,,49,21,1,
2015/12/24,,50,18,1,
2015/12/25,,53,18,1,
2015/12/26,,53,20,1,
2015/12/27,,46,26,2,
2015/12/28,,57,18,1,
2015/12/29,,66,10,,
2015/12/30,,31,,,
2015/7/1,,18,9,1,
2015/7/2,,21,9,3,
2015/7/3,,25,8,,
2015/7/4,,23,8,1,
2015/7/5,,21,13,,
2015/7/6,,23,10,,
2015/7/7,,29,9,,
2015/7/8,,21,4,,
2015/7/9,,10,9,,
2015/7/10,,13,6,,
2015/7/11,,16,5,,
2015/7/12,,16,10,,
2015/7/13,,21,8,,
2015/7/14,,14,10,,
2015/7/15,,20,9,,
2015/7/16,,22,10,,
2015/7/17,,26,6,,
2015/7/18,,15,6,,
2015/7/19,,19,10,,
2015/7/20,,16,12,,
2015/7/21,,25,10,,
2015/7/22,,27,13,1,
2015/7/23,,24,8,,
2015/7/24,,17,5,,
2015/7/25,,14,4,,
2015/7/26,,10,9,,
2015/7/27,,14,9,,
2015/7/28,,14,9,,
2015/7/29,,11,8,,
2015/7/30,,10,7,,
2015/7/31,,12,8,1,
2015/8/1,,15,7,,
2015/8/2,,17,9,,
2015/8/3,,21,10,,
2015/8/4,,26,8,,
2015/8/5,,21,12,,
2015/8/6,,29,13,1,
2015/8/7,,30,10,1,
2015/8/8,,29,9,1,
2015/8/9,,28,14,2,
2015/8/10,,32,,,
2015/8/11,,23,23,1,
2015/8/12,,39,26,,
2015/8/13,,38,9,1,
2015/8/14,,35,9,,
2015/8/15,,26,6,,
2015/8/16,,15,7,,
2015/8/17,,8,6,,
2015/8/18,,14,10,,
2015/8/19,,13,11,,
2015/8/20,,18,10,,
2015/8/21,,22,7,1,
2015/8/22,,20,4,,
2015/8/23,,18,8,,
2015/8/24,,21,11,,
2015/8/25,,14,10,,
2015/8/26,,10,12,1,
2015/8/27,,18,9,,
2015/8/28,,22,11,,
2015/8/29,,19,11,1,
2015/8/30,,26,13,1,
2015/8/31,,30,16,,
2015/9/1,,30,10,,
2015/9/2,,19,9,,
2015/9/3,,14,9,,
2015/9/4,,9,5,,
2015/9/5,,8,5,,
2015/9/6,,11,10,1,
2015/9/7,,14,10,,
2015/9/8,,14,10,1,
2015/9/9,,16,11,1,
2015/9/10,,18,10,1,
2015/9/11,,18,9,,
2015/9/12,,15,8,,
2015/9/13,,21,18,,
2015/9/14,,25,13,1,
2015/9/15,,23,11,,
2015/9/16,,19,17,1,
2015/9/17,,34,10,,
2015/9/18,,23,8,1,
2015/9/19,,18,6,,
2015/9/20,,7,13,,
2015/9/21,,14,11,1,
2015/9/22,,17,14,,
2015/9/23,,20,7,1,
2015/9/24,,8,6,,
2015/9/25,,10,8,,
2015/9/26,,14,6,,
2015/9/27,,13,13,,
2015/9/28,,13,14,1,
2015/9/29,,21,10,,
2015/9/30,,18,14,,
2015/4/1,,8,9,,
2015/4/2,,9,7,,
2015/4/3,,11,7,,
2015/4/4,,18,4,,
2015/4/5,,19,6,,
2015/4/6,,12,8,,
2015/4/7,,14,13,1,
2015/4/8,,18,17,1,
2015/4/9,,39,17,1,
2015/4/10,,40,17,1,
2015/4/11,,34,11,,
2015/4/12,,19,13,1,
2015/4/13,,20,11,,
2015/4/14,,18,18,1,
2015/4/15,,29,18,,
2015/4/16,,26,17,1,
2015/4/17,,30,4,,
2015/4/18,,13,8,,
2015/4/19,,15,14,1,
2015/4/20,,21,14,1,
2015/4/21,,23,14,1,
2015/4/22,,22,13,,
2015/4/23,,23,14,,
2015/4/24,,18,12,1,
2015/4/25,,22,7,,
2015/4/26,,21,11,,
2015/4/27,,24,12,,
2015/4/28,,22,7,,
2015/4/29,,15,12,1,
2015/4/30,,20,8,,
2015/5/1,,13,6,,
2015/5/2,,10,3,,
2015/5/3,,11,11,,
2015/5/4,,12,14,1,
2015/5/5,,22,8,,
2015/5/6,,24,7,,
2015/5/7,,11,8,,
2015/5/8,,14,8,,
2015/5/9,,16,6,,
2015/5/10,,13,11,,
2015/5/11,,17,10,1,
2015/5/12,,18,13,1,
2015/5/13,,28,4,,
2015/5/14,,13,7,,
2015/5/15,,18,8,,
2015/5/16,,22,8,,
2015/5/17,,17,11,,
2015/5/18,,18,11,1,
2015/5/19,,23,9,,
2015/5/20,,16,7,,
2015/5/21,,7,12,,
2015/5/22,,15,6,1,
2015/5/23,,6,4,,
2015/5/24,,8,5,1,
2015/5/25,,11,13,,
2015/5/26,,18,6,,
2015/5/27,,11,9,,
2015/5/28,,14,10,,
2015/5/29,,18,9,,
2015/5/30,,16,5,,
2015/5/31,,12,6,,
2015/6/1,,17,8,,
2015/6/2,,17,11,,
2015/6/3,,20,5,,
2015/6/4,,18,7,,
2015/6/5,,23,6,,
2015/6/6,,22,6,,
2015/6/7,,21,10,1,
2015/6/8,,27,10,,
2015/6/9,,30,6,,
2015/6/10,,18,8,,
2015/6/11,,29,9,,
2015/6/12,,27,6,,
2015/6/13,,28,5,,
2015/6/14,,21,11,1,
2015/6/15,,21,7,,
2015/6/16,,14,8,,
2015/6/17,,16,10,2,
2015/6/18,,17,9,,
2015/6/19,,13,6,,
2015/6/20,,11,5,,
2015/6/21,,9,8,1,
2015/6/22,,15,9,,
2015/6/23,,9,7,,
2015/6/24,,9,10,1,
2015/6/25,,14,9,1,
2015/6/26,,15,10,,
2015/6/27,,19,7,,
2015/6/28,,14,12,1,
2015/6/29,,17,10,,
2015/6/30,,16,10,1,
2015/1/1,,82,30,2,
2015/1/2,,71,25,1,
2015/1/3,,58,8,1,
2015/1/4,,17,15,1,
2015/1/5,,11,16,1,
2015/1/6,,28,19,1,
2015/1/7,,44,25,1,
2015/1/8,,64,32,2,
2015/1/9,,82,14,1,
2015/1/10,,22,11,,
2015/1/11,,17,23,1,
2015/1/12,,31,29,2,
2015/1/13,,50,28,2,
2015/1/14,,38,27,2,
2015/1/15,,36,23,,
2015/1/16,,61,12,,
2015/1/17,,26,11,1,
2015/1/18,,23,17,1,
2015/1/19,,38,19,1,
2015/1/20,,45,17,1,
2015/1/21,,46,16,1,
2015/1/22,,43,12,1,
2015/1/23,,18,10,1,
2015/1/24,,10,5,,
2015/1/25,,7,23,,
2015/1/26,,31,26,,
2015/1/27,,51,30,,
2015/1/28,,54,28,,
2015/1/29,,40,22,,
2015/1/30,,24,23,,
2015/1/31,,26,21,,
2015/2/1,,35,29,,
2015/2/2,,39,27,,
2015/2/3,,48,28,,
2015/2/4,,48,25,,
2015/2/5,,34,20,1,
2015/2/6,,34,20,1,
2015/2/7,,47,16,,
2015/2/8,,36,14,1,
2015/2/9,,16,20,1,
2015/2/10,,26,17,1,
2015/2/11,,44,17,,
2015/2/12,,41,21,,
2015/2/13,,50,17,,
2015/2/14,,54,21,1,
2015/2/15,,57,27,3,
2015/2/16,,67,24,1,
2015/2/17,,61,14,1,
2015/2/18,,42,23,1,
2015/2/19,,56,28,2,
2015/2/20,,55,19,1,
2015/2/21,,39,19,1,
2015/2/22,,25,16,1,
2015/2/23,,32,16,,
2015/2/24,,29,6,,
2015/2/25,,8,7,1,
2015/2/26,,13,15,1,
2015/2/27,,32,14,1,
2015/2/28,,33,16,1,
2015/3/1,,36,26,1,
2015/3/2,,37,20,1,
2015/3/3,,18,18,1,
2015/3/4,,28,11,,
2015/3/5,,16,10,,
2015/3/6,,14,19,1,
2015/3/7,,30,17,1,
2015/3/8,,31,21,1,
2015/3/9,,38,24,1,
2015/3/10,,44,22,2,
2015/3/11,,44,6,,
2015/3/12,,15,12,,
2015/3/13,,24,14,1,
2015/3/14,,36,11,3,
2015/3/15,,43,19,2,
2015/3/16,,52,19,2,
2015/3/17,,50,20,1,
2015/3/18,,50,20,1,
2015/3/19,,45,26,1,
2015/3/20,,50,20,1,
2015/3/21,,44,18,,
2015/3/22,,47,25,1,
2015/3/23,,57,23,1,
2015/3/24,,54,18,1,
2015/3/25,,49,15,,
2015/3/26,,33,8,,
2015/3/27,,16,7,,
2015/3/28,,15,11,,
2015/3/29,,18,13,1,
2015/3/30,,26,9,,
2015/3/31,,13,5,,
2014/10/1,,26,13,,
2014/10/2,,21,11,1,
2014/10/3,,25,8,,
2014/10/4,,30,7,1,
2014/10/5,,33,10,2,
2014/10/6,,40,13,,
2014/10/7,,48,13,1,
2014/10/8,,33,12,1,
2014/10/9,,19,14,1,
2014/10/10,,23,11,,
2014/10/11,,25,10,,
2014/10/12,,22,15,1,
2014/10/13,,33,13,,
2014/10/14,,23,16,1,
2014/10/15,,27,14,,
2014/10/16,,25,12,,
2014/10/17,,17,11,,
2014/10/18,,14,10,,
2014/10/19,,17,17,1,
2014/10/20,,27,12,,
2014/10/21,,24,10,1,
2014/10/22,,11,13,,
2014/10/23,,14,5,,
2014/10/24,,6,,,
2014/10/26,,36,12,,
2014/10/27,,31,14,,
2014/10/28,,35,16,1,
2014/10/29,,37,19,1,
2014/10/30,,50,19,1,
2014/10/31,,51,14,1,
2014/11/1,,41,12,,
2014/11/2,,40,16,1,
2014/11/3,,43,14,1,
2014/11/4,,24,16,,
2014/11/5,,21,14,,
2014/11/6,,21,13,,
2014/11/7,,28,11,,
2014/11/8,,17,9,,
2014/11/9,,19,12,1,
2014/11/10,,25,14,,
2014/11/11,,25,14,1,
2014/11/12,,41,12,,
2014/11/13,,46,12,1,
2014/11/14,,49,9,,
2014/11/15,,34,8,,
2014/11/16,,30,12,,
2014/11/17,,29,11,1,
2014/11/18,,16,14,1,
2014/11/19,,29,15,1,
2014/11/20,,32,15,,
2014/11/21,,40,13,,
2014/11/22,,37,11,,
2014/11/23,,48,11,,
2014/11/24,,36,11,4,
2014/11/25,,44,10,2,
2014/11/26,,38,10,3,
2014/11/27,,54,11,1,
2014/11/28,,46,8,,
2014/11/29,,21,6,,
2014/11/30,,16,8,,
2014/12/1,,11,8,,
2014/12/2,,11,13,1,
2014/12/3,,17,14,1,
2014/12/4,,18,13,1,
2014/12/5,,27,11,1,
2014/12/6,,24,9,1,
2014/12/7,,7,9,,
2014/12/8,,18,12,1,
2014/12/9,,17,19,1,
2014/12/10,,33,25,2,
2014/12/11,,56,28,2,
2014/12/12,,56,23,2,
2014/12/13,,47,23,2,
2014/12/14,,62,34,5,
2014/12/15,,77,30,4,
2014/12/16,,71,21,2,
2014/12/17,,51,20,2,
2014/12/18,,41,23,3,
2014/12/19,,58,18,1,
2014/12/20,,45,13,1,
2014/12/21,,20,30,2,
2014/12/22,,55,38,4,
2014/12/23,,64,25,2,
2014/12/24,,60,19,2,
2014/12/25,,52,15,1,
2014/12/26,,22,17,1,
2014/12/27,,31,8,1,
2014/12/28,,17,,,
2014/7/1,,17,9,,
2014/7/2,,22,8,,
2014/7/3,,11,10,1,
2014/7/4,,21,7,,
2014/7/5,,20,5,,
2014/7/6,,15,9,1,
2014/7/7,,22,8,,
2014/7/8,,21,7,,
2014/7/9,,8,9,,
2014/7/10,,12,7,,
2014/7/11,,9,6,,
2014/7/12,,10,5,,
2014/7/13,,12,9,,
2014/7/14,,15,10,1,
2014/7/15,,14,9,,
2014/7/16,,15,11,,
2014/7/17,,19,11,,
2014/7/18,,21,9,1,
2014/7/19,,24,6,1,
2014/7/20,,23,12,,
2014/7/21,,26,9,,
2014/7/22,,17,5,,
2014/7/23,,12,9,,
2014/7/24,,16,9,,
2014/7/25,,14,6,1,
2014/7/26,,18,7,,
2014/7/27,,18,10,,
2014/7/28,,20,6,,
2014/7/29,,16,9,,
2014/7/30,,17,8,,
2014/7/31,,15,6,,
2014/8/1,,12,6,,
2014/8/2,,17,5,,
2014/8/3,,19,8,,
2014/8/4,,17,10,,
2014/8/5,,17,5,,
2014/8/6,,12,10,,
2014/8/7,,19,8,1,
2014/8/8,,17,8,1,
2014/8/9,,17,8,,
2014/8/10,,16,7,,
2014/8/11,,14,8,,
2014/8/12,,9,9,,
2014/8/13,,13,8,,
2014/8/14,,11,4,,
2014/8/15,,10,6,,
2014/8/16,,9,9,,
2014/8/17,,12,10,1,
2014/8/18,,16,11,1,
2014/8/19,,20,9,1,
2014/8/20,,19,7,,
2014/8/21,,10,6,,
2014/8/22,,13,7,,
2014/8/23,,15,6,,
2014/8/24,,11,9,1,
2014/8/25,,12,13,,
2014/8/26,,18,8,,
2014/8/27,,15,10,,
2014/8/28,,14,9,1,
2014/8/29,,18,9,1,
2014/8/30,,18,5,,
2014/8/31,,12,6,,
2014/9/1,,6,5,,
2014/9/2,,7,8,,
2014/9/3,,14,12,,
2014/9/4,,32,11,,
2014/9/5,,32,7,,
2014/9/6,,23,6,,
2014/9/7,,23,10,,
2014/9/8,,25,11,,
2014/9/9,,23,14,,
2014/9/10,,20,11,,
2014/9/11,,17,9,,
2014/9/12,,8,8,,
2014/9/13,,7,8,,
2014/9/14,,12,12,,
2014/9/15,,19,11,,
2014/9/16,,16,12,,
2014/9/17,,18,9,1,
2014/9/18,,27,11,,
2014/9/19,,27,7,,
2014/9/20,,24,5,,
2014/9/21,,11,10,19,
2014/9/22,,20,11,1,
2014/9/23,,14,11,1,
2014/9/24,,21,15,1,
2014/9/25,,22,13,1,
2014/9/26,,19,10,,
2014/9/27,,16,6,,
2014/9/28,,12,11,,
2014/9/29,,18,11,1,
2014/9/30,,22,14,1,
2014/4/1,,41,18,1,
2014/4/2,,48,23,,
2014/4/3,,51,17,,
2014/4/4,,47,11,1,
2014/4/5,,41,10,,
2014/4/6,,33,13,1,
2014/4/7,,30,12,1,
2014/4/8,,30,8,,
2014/4/9,,10,16,,
2014/4/10,,17,9,,
2014/4/11,,15,10,,
2014/4/12,,17,13,,
2014/4/13,,20,16,1,
2014/4/14,,27,7,,
2014/4/15,,7,8,,
2014/4/16,,11,5,,
2014/4/17,,10,11,1,
2014/4/18,,18,8,1,
2014/4/19,,24,5,,
2014/4/20,,14,5,,
2014/4/21,,21,13,,
2014/4/22,,19,13,1,
2014/4/23,,17,13,1,
2014/4/24,,18,13,,
2014/4/25,,20,7,,
2014/4/26,,23,6,,
2014/4/27,,26,11,,
2014/4/28,,20,11,,
2014/4/29,,19,11,1,
2014/4/30,,22,8,,
2014/5/1,,17,11,,
2014/5/2,,31,7,,
2014/5/3,,11,2,,
2014/5/4,,9,11,,
2014/5/5,,20,11,1,
2014/5/6,,22,13,1,
2014/5/7,,24,10,,
2014/5/8,,13,13,1,
2014/5/9,,18,3,,
2014/5/10,,7,,,
2014/5/12,,10,10,,
2014/5/13,,8,8,,
2014/5/14,,10,3,,
2014/5/15,,10,4,,
2014/5/16,,5,7,,
2014/5/17,,8,6,,
2014/5/18,,10,10,,
2014/5/19,,17,12,1,
2014/5/20,,17,11,1,
2014/5/21,,21,9,,
2014/5/22,,26,9,,
2014/5/23,,38,4,,
2014/5/24,,26,3,,
2014/5/25,,13,10,1,
2014/5/26,,18,9,,
2014/5/27,,16,9,,
2014/5/28,,8,7,,
2014/5/29,,9,4,,
2014/5/30,,7,7,,
2014/5/31,,12,2,,
2014/6/1,,10,8,1,
2014/6/2,,17,10,,
2014/6/3,,17,10,,
2014/6/4,,17,12,,
2014/6/5,,17,8,,
2014/6/6,,13,8,,
2014/6/7,,16,6,1,
2014/6/8,,18,7,,
2014/6/9,,18,14,1,
2014/6/10,,25,13,1,
2014/6/11,,25,14,1,
2014/6/12,,26,9,,
2014/6/13,,21,6,,
2014/6/14,,18,3,,
2014/6/15,,11,6,,
2014/6/16,,30,10,,
2014/6/17,,18,9,,
2014/6/18,,18,8,1,
2014/6/19,,19,9,1,
2014/6/20,,14,6,,
2014/6/21,,12,4,1,
2014/6/22,,13,9,,
2014/6/23,,19,9,,
2014/6/24,,16,9,,
2014/6/25,,15,7,,
2014/6/26,,10,6,,
2014/6/27,,13,6,1,
2014/6/28,,16,5,1,
2014/6/29,,15,6,,
2014/6/30,,7,11,1,
2014/2/4,,47,15,1,
2014/2/5,,62,,1,
2014/2/6,,61,30,1,
2014/2/7,,30,18,,
2014/2/8,,22,15,,
2014/2/9,,20,27,1,
2014/2/10,,31,21,,
2014/2/11,,31,22,1,
2014/2/12,,29,24,,
2014/2/13,,38,22,,
2014/2/14,,30,21,1,
2014/2/15,,34,13,,
2014/2/16,,17,25,,
2014/2/17,,18,17,,
2014/2/18,,20,21,1,
2014/2/19,,38,21,,
2014/2/20,,29,18,,
2014/2/21,,40,13,,
2014/2/22,,18,15,,
2014/2/23,,24,23,1,
2014/2/24,,44,19,,
2014/2/25,,45,23,1,
2014/2/26,,44,18,1,
2014/2/27,,38,21,,
2014/2/28,,35,15,,
2014/3/1,,28,8,1,
2014/3/2,,30,16,1,
2014/3/3,,42,13,1,
2014/3/4,,18,14,,
2014/3/5,,26,7,,
2014/3/6,,21,12,,
2014/3/7,,39,15,,
2014/3/8,,46,15,,
2014/3/9,,40,19,1,
2014/3/10,,38,22,1,
2014/3/11,,37,28,1,
2014/3/12,,54,28,1,
2014/3/13,,57,27,1,
2014/3/14,,55,20,,
2014/3/15,,41,5,,
2014/3/16,,8,17,,
2014/3/17,,19,18,,
2014/3/18,,35,13,,
2014/3/19,,21,22,1,
2014/3/20,,29,25,,
2014/3/21,,41,9,1,
2014/3/22,,26,7,,
2014/3/23,,19,11,,
2014/3/24,,10,16,1,
2014/3/25,,19,15,,
2014/3/26,,24,13,,
2014/3/27,,24,15,,
2014/3/28,,21,17,,
2014/3/29,,31,15,,
2014/3/30,,34,21,1,
2014/3/31,,43,15,,
2022/7/1,,,5,1,
2022/7/2,,,1,,
2022/7/3,,,3,1,
2022/7/4,,,7,1,
2022/7/5,,,5,1,
2022/7/6,,,6,1,
2022/7/7,,,8,,
2022/7/8,,,3,,
2022/7/9,,,3,,
2022/7/10,,,1,,
2022/6/28,,,6,1,
2022/6/29,,,5,1,
2022/6/30,,,6,1,
2020/10/17,,,9,,
2020/3/31,,,9,,
2019/12/31,,,12,,
2018/12/31,,,16,,
2019/3/24,,,8,,
2018/7/22,,,13,,
2018/9/16,,,9,,
2018/4/4,,,17,1,
2018/4/29,,,6,,
2018/5/21,,,9,,
2017/12/31,,,15,1,
2017/12/26,,,25,1,
2017/9/10,,,11,,
2017/6/11,,,8,,
2016/1/3,,,11,1,
2015/11/1,,,22,2,
2014/12/31,,,20,1,
2014/10/25,,,10,,
2014/5/11,,,11,,
2014/2/3,,,12,1,
2019/3/23,,,,1,
2017/11/22,,,,2,