date,pm25,pm10,no2
2020/10/1,45,16,8
2020/10/2,48,11,2
2020/10/3,31,4,2
2020/10/4,12,6,6
2020/10/5,14,7,11
2020/10/6,19,5,6
2020/10/7,15,7,6
2020/10/8,21,9,12
2020/10/9,22,11,8
2020/10/10,33,,
2020/10/12,38,8,3
2020/10/13,31,4,5
2020/10/14,14,6,6
2020/10/15,20,12,4
2020/10/16,45,,
2020/10/18,42,18,11
2020/10/19,52,26,6
2020/10/20,62,29,13
2020/10/21,74,30,16
2020/10/22,76,38,16
2020/10/23,96,11,6
2020/10/24,32,17,7
2020/10/25,58,12,4
2020/10/26,42,5,5
2020/10/27,16,14,14
2020/10/28,33,8,10
2020/10/29,25,4,8
2020/10/30,13,9,7
2020/10/31,27,16,10
2020/11/1,56,13,13
2020/11/2,38,25,15
2020/11/3,57,9,3
2020/11/4,27,15,4
2020/11/5,48,26,13
2020/11/6,71,28,9
2020/11/7,78,29,10
2020/11/8,86,27,11
2020/11/9,78,20,8
2020/11/10,63,19,7
2020/11/11,58,19,9
2020/11/12,57,24,9
2020/11/13,68,21,7
2020/11/14,67,12,3
2020/11/15,47,12,7
2020/11/16,41,9,10
2020/11/17,30,20,14
2020/11/18,54,17,7
2020/11/19,56,8,3
2020/11/20,25,12,6
2020/11/21,45,17,16
2020/11/22,58,27,14
2020/11/23,69,34,13
2020/11/24,91,26,6
2020/11/25,75,28,12
2020/11/26,81,30,15
2020/11/27,81,15,8
2020/11/28,54,12,4
2020/11/29,48,18,10
2020/11/30,59,29,8
2020/12/1,83,30,10
2020/12/2,85,30,10
2020/12/3,84,22,6
2020/12/4,70,27,6
2020/12/5,81,20,4
2020/12/6,63,18,6
2020/12/7,59,17,3
2020/12/8,61,17,12
2020/12/9,55,7,10
2020/12/10,26,,
2020/9/14,52,20,10
2020/9/15,52,23,10
2020/9/16,56,21,8
2020/9/17,50,9,5
2020/9/18,16,12,6
2020/9/19,24,14,5
2020/9/20,31,23,8
2020/9/21,51,25,8
2020/9/22,51,18,10
2020/9/23,45,11,9
2020/9/24,24,6,6
2020/9/25,20,2,2
2020/9/26,7,3,3
2020/9/27,9,4,7
2020/9/28,15,8,5
2020/9/29,26,10,4
2020/9/30,33,14,7
2019/10/2,18,6,5
2019/10/3,22,6,9
2019/10/4,20,3,4
2019/10/5,14,12,3
2019/10/6,44,12,3
2019/10/7,56,16,10
2019/10/8,39,11,11
2019/10/9,48,16,11
2019/10/10,9,3,5
2019/10/11,21,6,10
2019/10/12,57,17,12
2019/10/13,71,24,11
2019/10/14,73,26,13
2019/10/15,59,21,7
2019/10/16,29,8,12
2019/10/17,57,19,20
2019/10/18,61,19,12
2019/10/19,72,23,10
2019/10/20,65,20,12
2019/10/21,63,24,19
2019/10/22,78,31,18
2019/10/23,93,38,18
2019/10/24,83,35,17
2019/10/25,53,18,11
2019/10/26,86,32,20
2019/10/27,58,20,12
2019/10/28,38,10,8
2019/10/29,53,14,7
2019/7/1,45,12,8
2019/7/2,35,12,5
2019/7/3,27,12,6
2019/7/4,24,13,7
2019/7/5,29,10,5
2019/7/6,23,7,3
2019/7/7,27,10,4
2019/7/8,31,12,5
2019/7/9,26,8,4
2019/7/10,22,9,6
2019/7/11,23,7,4
2019/7/12,25,5,3
2019/7/13,21,9,2
2019/7/14,31,9,5
2019/7/15,30,12,7
2019/7/16,40,14,6
2019/7/17,41,10,9
2019/7/18,30,14,11
2019/7/19,40,13,7
2019/7/20,39,8,5
2019/7/21,29,8,6
2019/7/22,24,11,7
2019/7/23,27,15,9
2019/7/24,40,18,12
2019/7/25,36,18,12
2019/7/26,39,13,6
2019/7/27,38,11,4
2019/7/28,40,10,4
2019/7/29,38,11,3
2019/7/30,44,12,4
2019/7/31,40,10,5
2019/8/1,33,12,6
2019/8/2,32,8,3
2019/8/3,29,7,2
2019/8/4,25,9,10
2019/8/5,28,8,10
2019/8/6,30,9,7
2019/8/7,30,4,5
2019/8/8,15,9,9
2019/8/9,24,10,6
2019/8/10,34,6,3
2019/8/11,18,8,5
2019/8/12,26,6,4
2019/8/13,23,8,4
2019/8/14,23,7,5
2019/8/15,24,5,4
2019/8/16,17,7,8
2019/8/17,22,7,8
2019/8/18,25,6,5
2019/8/19,22,8,6
2019/8/20,25,5,4
2019/8/21,17,12,6
2019/8/22,46,15,9
2019/8/23,45,18,9
2019/8/24,56,11,6
2019/8/25,43,18,10
2019/8/26,55,25,8
2019/8/27,65,23,9
2019/8/28,62,20,10
2019/8/29,59,9,7
2019/8/30,32,17,9
2019/8/31,53,16,7
2019/9/1,52,8,5
2019/9/2,31,9,6
2019/9/3,31,13,12
2019/9/4,27,13,13
2019/9/5,33,9,7
2019/9/6,27,9,6
2019/9/7,34,9,4
2019/9/8,34,4,4
2019/9/9,16,8,10
2019/9/10,21,10,13
2019/9/11,30,10,6
2019/9/12,35,7,6
2019/9/13,20,7,7
2019/9/14,22,10,11
2019/9/15,34,13,11
2019/9/16,45,8,7
2019/9/17,27,6,6
2019/9/18,16,7,5
2019/9/19,20,8,8
2019/9/20,23,10,8
2019/9/21,28,10,4
2019/9/22,29,14,10
2019/9/23,41,13,9
2019/9/24,45,9,8
2019/9/25,32,5,7
2019/9/26,16,5,10
2019/9/27,17,5,9
2019/9/28,21,6,9
2019/9/29,20,7,4
2019/9/30,13,4,3
2019/4/1,62,24,9
2019/4/2,57,37,8
2019/4/3,73,20,5
2019/4/4,58,29,12
2019/4/5,71,5,5
2019/4/6,22,17,6
2019/4/7,57,35,11
2019/4/8,91,30,6
2019/4/9,83,41,9
2019/4/10,102,29,7
2019/4/11,76,24,6
2019/4/12,69,23,5
2019/4/13,72,26,5
2019/4/14,79,25,8
2019/4/15,71,29,17
2019/4/16,70,20,8
2019/4/17,60,19,12
2019/4/18,53,17,12
2019/4/19,49,19,10
2019/4/20,51,16,10
2019/4/21,44,14,6
2019/4/22,38,24,7
2019/4/23,64,25,4
2019/4/24,60,24,11
2019/4/25,48,27,11
2019/4/26,51,6,3
2019/4/27,24,4,2
2019/4/28,17,9,6
2019/4/29,37,10,6
2019/4/30,40,20,3
2019/5/1,63,18,8
2019/5/2,53,10,6
2019/5/3,38,14,6
2019/5/4,51,8,3
2019/5/5,32,8,5
2019/5/6,31,11,8
2019/5/7,42,16,11
2019/5/8,48,6,9
2019/5/9,25,3,4
2019/5/10,12,6,7
2019/5/11,20,4,3
2019/5/12,17,8,5
2019/5/13,24,7,5
2019/5/14,26,6,5
2019/5/15,24,7,7
2019/5/16,27,13,8
2019/5/17,45,17,4
2019/5/18,59,18,9
2019/5/19,61,9,7
2019/5/20,32,7,10
2019/5/21,25,6,5
2019/5/22,25,7,4
2019/5/23,28,10,5
2019/5/24,34,13,11
2019/5/25,43,11,7
2019/5/26,43,19,11
2019/5/27,53,9,8
2019/5/28,30,9,6
2019/5/29,32,9,5
2019/5/30,30,9,5
2019/5/31,26,10,4
2019/6/1,35,10,5
2019/6/2,37,12,9
2019/6/3,33,15,9
2019/6/4,40,17,9
2019/6/5,46,16,5
2019/6/6,46,13,5
2019/6/7,38,10,3
2019/6/8,29,8,3
2019/6/9,28,15,2
2019/6/10,40,18,4
2019/6/11,51,18,4
2019/6/12,43,22,6
2019/6/13,51,21,6
2019/6/14,55,20,4
2019/6/15,50,12,3
2019/6/16,37,11,5
2019/6/17,35,15,8
2019/6/18,37,19,8
2019/6/19,49,13,8
2019/6/20,42,6,5
2019/6/21,19,11,5
2019/6/22,39,14,4
2019/6/23,48,13,6
2019/6/24,35,17,7
2019/6/25,48,16,7
2019/6/26,43,18,6
2019/6/27,46,13,5
2019/6/28,29,10,7
2019/6/29,27,12,7
2019/6/30,32,21,12
2019/1/1,28,3,3
2019/1/2,7,5,4
2019/1/3,10,8,7
2019/1/4,30,3,6
2019/1/5,10,5,3
2019/1/6,15,22,18
2019/1/7,60,5,9
2019/1/8,17,3,8
2019/1/9,9,13,8
2019/1/10,46,9,6
2019/1/11,27,7,6
2019/1/12,26,2,4
2019/1/13,7,3,4
2019/1/14,7,6,5
2019/1/15,16,13,15
2019/1/16,35,22,23
2019/1/17,51,7,8
2019/1/18,21,20,14
2019/1/19,63,27,10
2019/1/20,79,45,21
2019/1/21,120,55,25
2019/1/22,143,49,18
2019/1/23,136,41,11
2019/1/24,113,34,11
2019/1/25,94,9,7
2019/1/26,37,28,17
2019/1/27,80,13,10
2019/1/28,49,10,12
2019/1/29,38,24,15
2019/1/30,67,33,18
2019/1/31,91,28,10
2019/2/1,81,10,9
2019/2/2,36,11,7
2019/2/3,42,10,7
2019/2/4,39,17,16
2019/2/5,59,26,15
2019/2/6,77,33,17
2019/2/7,86,25,17
2019/2/8,73,41,16
2019/2/9,111,42,14
2019/2/10,115,4,5
2019/2/11,16,5,5
2019/2/12,18,13,8
2019/2/13,46,12,10
2019/2/14,41,19,18
2019/2/15,61,31,31
2019/2/16,80,46,27
2019/2/17,123,57,31
2019/2/18,144,35,18
2019/2/19,92,23,10
2019/2/20,70,31,11
2019/2/21,83,14,7
2019/2/22,52,11,8
2019/2/23,39,16,10
2019/2/24,54,11,9
2019/2/25,34,13,7
2019/2/26,41,21,17
2019/2/27,59,17,7
2019/2/28,51,14,6
2019/3/1,43,21,13
2019/3/2,67,11,10
2019/3/3,41,13,16
2019/3/4,33,3,5
2019/3/5,13,10,8
2019/3/6,35,13,16
2019/3/7,36,5,10
2019/3/8,12,4,9
2019/3/9,16,4,7
2019/3/10,19,5,5
2019/3/11,15,9,11
2019/3/12,34,7,12
2019/3/13,24,4,7
2019/3/14,15,3,5
2019/3/15,13,6,10
2019/3/16,25,16,14
2019/3/17,52,4,6
2019/3/18,16,11,8
2019/3/19,42,15,13
2019/3/20,50,26,25
2019/3/21,63,29,27
2019/3/22,69,32,18
2019/3/23,86,37,13
2019/3/24,98,22,6
2019/3/25,68,11,5
2019/3/26,39,12,7
2019/3/27,45,16,7
2019/3/28,54,20,13
2019/3/29,63,26,21
2019/3/30,71,20,13
2019/3/31,62,21,7
2018/10/1,54,8,9
2018/10/2,25,9,7
2018/10/3,23,14,14
2018/10/4,36,19,10
2018/10/5,44,20,6
2018/10/6,54,15,8
2018/10/7,47,23,10
2018/10/8,62,36,19
2018/10/9,81,39,15
2018/10/10,89,39,18
2018/10/11,87,34,10
2018/10/12,77,,
2018/10/15,64,42,13
2018/10/16,83,56,22
2018/10/17,130,55,20
2018/10/18,136,53,11
2018/10/19,132,46,7
2018/10/20,125,11,5
2018/10/21,36,19,12
2018/10/22,57,18,8
2018/10/23,47,6,6
2018/10/24,18,5,6
2018/10/25,13,12,9
2018/10/26,40,16,11
2018/10/27,54,16,10
2018/10/28,56,14,9
2018/10/29,39,9,6
2018/10/30,15,8,11
2018/10/31,19,15,4
2018/11/1,33,18,20
2018/11/2,44,16,9
2018/11/3,52,35,9
2018/11/4,93,36,11
2018/11/5,94,35,9
2018/11/6,92,38,10
2018/11/7,94,32,12
2018/11/8,86,36,13
2018/11/9,95,31,7
2018/11/10,87,32,13
2018/11/11,86,32,16
2018/11/12,89,16,13
2018/11/13,52,11,16
2018/11/14,34,21,23
2018/11/15,62,24,22
2018/11/16,68,26,15
2018/11/17,76,33,12
2018/11/18,91,46,19
2018/11/19,126,18,14
2018/11/20,59,21,13
2018/11/21,66,30,13
2018/11/22,86,22,9
2018/11/23,68,19,10
2018/11/24,63,21,11
2018/11/25,66,23,12
2018/11/26,73,20,10
2018/11/27,65,22,13
2018/11/28,66,27,15
2018/11/29,79,19,9
2018/11/30,58,34,17
2018/12/1,92,52,13
2018/12/2,140,49,17
2018/12/3,134,5,9
2018/12/4,21,15,21
2018/12/5,38,16,17
2018/12/6,51,35,19
2018/12/7,88,8,8
2018/12/8,24,3,10
2018/12/9,9,3,7
2018/12/10,10,5,8
2018/12/11,18,7,12
2018/12/12,25,30,16
2018/12/13,83,26,14
2018/12/14,76,20,10
2018/12/15,65,23,9
2018/12/16,67,34,22
2018/12/17,92,27,22
2018/12/18,73,32,11
2018/12/19,90,41,16
2018/12/20,112,44,17
2018/12/21,120,6,7
2018/12/22,26,4,6
2018/12/23,13,3,5
2018/12/24,13,5,3
2018/12/25,19,10,5
2018/12/26,40,8,9
2018/12/27,30,11,11
2018/12/28,37,18,13
2018/12/29,60,6,5
2018/12/30,22,,
2018/7/1,8,9,11
2018/7/2,13,11,13
2018/7/3,17,12,14
2018/7/4,23,11,8
2018/7/5,24,8,5
2018/7/6,26,9,3
2018/7/7,21,9,5
2018/7/8,18,11,6
2018/7/9,26,11,12
2018/7/10,31,9,8
2018/7/11,28,8,7
2018/7/12,23,9,6
2018/7/13,23,8,4
2018/7/14,21,9,4
2018/7/15,25,10,8
2018/7/16,27,11,6
2018/7/17,31,12,6
2018/7/18,29,12,6
2018/7/19,26,12,6
2018/7/20,34,15,10
2018/7/21,44,10,4
2018/7/22,35,14,6
2018/7/23,46,13,7
2018/7/24,39,12,7
2018/7/25,25,11,6
2018/7/26,27,12,6
2018/7/27,33,10,7
2018/7/28,31,12,5
2018/7/29,33,13,8
2018/7/30,34,19,8
2018/7/31,43,18,7
2018/8/1,42,15,12
2018/8/2,41,16,8
2018/8/3,39,15,8
2018/8/4,36,16,6
2018/8/5,44,11,8
2018/8/6,30,16,11
2018/8/7,38,14,8
2018/8/8,40,16,8
2018/8/9,42,9,5
2018/8/10,16,5,4
2018/8/11,14,6,4
2018/8/12,11,13,10
2018/8/13,28,6,6
2018/8/14,15,7,4
2018/8/15,14,9,9
2018/8/16,17,13,11
2018/8/17,27,11,10
2018/8/18,25,12,9
2018/8/19,28,13,13
2018/8/20,30,16,8
2018/8/21,28,17,9
2018/8/22,28,20,10
2018/8/23,39,9,9
2018/8/24,21,10,4
2018/8/25,36,4,3
2018/8/26,12,6,9
2018/8/27,16,9,14
2018/8/28,21,13,10
2018/8/29,32,8,6
2018/8/30,20,11,10
2018/8/31,33,11,8
2018/9/1,38,6,8
2018/9/2,23,9,13
2018/9/3,29,11,5
2018/9/4,35,15,9
2018/9/5,44,17,11
2018/9/6,47,16,10
2018/9/7,48,9,6
2018/9/8,31,9,9
2018/9/9,26,10,10
2018/9/10,27,12,9
2018/9/11,25,21,20
2018/9/12,40,28,25
2018/9/13,52,13,8
2018/9/14,38,10,5
2018/9/15,35,15,7
2018/9/16,46,18,12
2018/9/17,46,16,8
2018/9/18,38,16,16
2018/9/19,36,20,25
2018/9/20,45,22,14
2018/9/21,56,6,6
2018/9/22,15,6,6
2018/9/23,14,3,4
2018/9/24,5,6,6
2018/9/25,11,10,13
2018/9/26,19,16,21
2018/9/27,35,16,15
2018/9/28,38,7,9
2018/9/29,14,9,8
2018/9/30,22,19,15
2018/4/1,30,6,5
2018/4/2,25,13,17
2018/4/3,38,16,18
2018/4/4,35,5,8
2018/4/5,10,9,8
2018/4/6,32,16,10
2018/4/7,52,16,4
2018/4/8,55,14,9
2018/4/9,35,8,5
2018/4/10,23,11,10
2018/4/11,28,20,11
2018/4/12,43,10,6
2018/4/13,30,6,10
2018/4/14,13,21,10
2018/4/15,53,23,11
2018/4/16,55,12,6
2018/4/17,40,16,10
2018/4/18,48,15,11
2018/4/19,43,11,10
2018/4/20,29,14,14
2018/4/21,35,20,9
2018/4/22,52,23,13
2018/4/23,50,12,7
2018/4/24,36,15,15
2018/4/25,36,8,7
2018/4/26,28,12,9
2018/4/27,32,14,7
2018/4/28,42,21,7
2018/4/29,48,17,6
2018/4/30,36,9,5
2018/5/1,17,16,11
2018/5/2,40,14,10
2018/5/3,37,21,7
2018/5/4,64,16,5
2018/5/5,45,10,4
2018/5/6,19,10,7
2018/5/7,21,10,9
2018/5/8,27,20,11
2018/5/9,51,19,7
2018/5/10,54,11,7
2018/5/11,40,16,9
2018/5/12,49,14,6
2018/5/13,41,15,8
2018/5/14,37,7,9
2018/5/15,22,9,6
2018/5/16,28,10,6
2018/5/17,36,18,5
2018/5/18,54,16,5
2018/5/19,48,11,6
2018/5/20,33,11,8
2018/5/21,29,15,10
2018/5/22,37,17,7
2018/5/23,46,18,11
2018/5/24,48,13,10
2018/5/25,40,13,10
2018/5/26,40,11,8
2018/5/27,35,17,11
2018/5/28,47,17,8
2018/5/29,42,15,6
2018/5/30,31,17,5
2018/5/31,35,16,10
2018/6/1,39,8,4
2018/6/2,21,6,4
2018/6/3,18,12,10
2018/6/4,34,13,10
2018/6/5,37,16,8
2018/6/6,41,16,8
2018/6/7,45,13,6
2018/6/8,38,10,6
2018/6/9,25,12,8
2018/6/10,35,13,7
2018/6/11,38,10,8
2018/6/12,23,17,7
2018/6/13,50,11,5
2018/6/14,34,12,6
2018/6/15,34,11,6
2018/6/16,29,12,5
2018/6/17,34,10,5
2018/6/18,23,7,6
2018/6/19,17,10,8
2018/6/20,21,15,10
2018/6/21,30,8,5
2018/6/22,11,6,4
2018/6/23,14,5,4
2018/6/24,14,7,6
2018/6/25,18,8,8
2018/6/26,21,11,7
2018/6/27,32,10,7
2018/6/28,33,17,6
2018/6/29,48,11,4
2018/6/30,32,5,5
2018/1/1,44,6,9
2018/1/2,18,3,11
2018/1/3,13,8,15
2018/1/4,28,9,17
2018/1/5,32,25,15
2018/1/6,79,22,11
2018/1/7,70,21,12
2018/1/8,69,24,9
2018/1/9,75,13,12
2018/1/10,49,14,12
2018/1/11,53,21,11
2018/1/12,70,20,9
2018/1/13,68,14,7
2018/1/14,54,17,7
2018/1/15,61,22,11
2018/1/16,66,2,7
2018/1/17,10,5,12
2018/1/18,14,2,8
2018/1/19,9,6,14
2018/1/20,26,13,7
2018/1/21,53,19,14
2018/1/22,65,15,14
2018/1/23,56,25,20
2018/1/24,77,29,13
2018/1/25,85,39,18
2018/1/26,107,18,9
2018/1/27,65,14,10
2018/1/28,51,4,6
2018/1/29,16,4,7
2018/1/30,17,15,18
2018/1/31,52,23,17
2018/2/1,68,5,10
2018/2/2,17,11,9
2018/2/3,45,12,10
2018/2/4,51,17,14
2018/2/5,60,22,12
2018/2/6,70,20,15
2018/2/7,68,30,11
2018/2/8,93,36,10
2018/2/9,101,25,10
2018/2/10,79,26,15
2018/2/11,79,14,10
2018/2/12,52,13,10
2018/2/13,50,25,10
2018/2/14,78,25,13
2018/2/15,75,25,17
2018/2/16,78,33,11
2018/2/17,96,15,9
2018/2/18,56,24,15
2018/2/19,74,28,16
2018/2/20,87,41,13
2018/2/21,113,33,12
2018/2/22,95,34,12
2018/2/23,99,21,7
2018/2/24,67,19,6
2018/2/25,67,31,11
2018/2/26,88,30,10
2018/2/27,86,37,13
2018/2/28,93,39,14
2018/3/1,105,35,14
2018/3/2,101,50,15
2018/3/3,127,54,13
2018/3/4,150,37,11
2018/3/5,103,34,17
2018/3/6,100,33,28
2018/3/7,90,9,14
2018/3/8,28,23,30
2018/3/9,57,30,23
2018/3/10,82,15,10
2018/3/11,47,8,16
2018/3/12,26,4,9
2018/3/13,11,6,10
2018/3/14,23,16,12
2018/3/15,57,10,17
2018/3/16,41,23,9
2018/3/17,74,15,6
2018/3/18,54,21,9
2018/3/19,67,23,10
2018/3/20,72,19,10
2018/3/21,59,19,21
2018/3/22,55,20,11
2018/3/23,67,26,7
2018/3/24,81,21,5
2018/3/25,71,29,15
2018/3/26,82,27,11
2018/3/27,80,22,23
2018/3/28,65,8,13
2018/3/29,25,7,12
2018/3/30,27,10,7
2018/3/31,37,7,3
2017/10/1,51,25,12
2017/10/2,63,17,14
2017/10/3,52,7,11
2017/10/4,23,7,9
2017/10/5,15,6,6
2017/10/6,16,4,6
2017/10/7,16,3,6
2017/10/8,12,6,9
2017/10/9,19,8,10
2017/10/10,23,7,12
2017/10/11,17,9,12
2017/10/12,22,8,7
2017/10/13,23,8,10
2017/10/14,26,14,20
2017/10/15,42,23,24
2017/10/16,63,28,25
2017/10/17,71,44,28
2017/10/18,109,28,15
2017/10/19,81,36,23
2017/10/20,96,23,16
2017/10/21,70,9,7
2017/10/22,33,3,5
2017/10/23,15,8,7
2017/10/24,32,11,20
2017/10/25,31,10,10
2017/10/26,38,12,7
2017/10/27,37,7,4
2017/10/28,27,3,2
2017/10/29,8,3,5
2017/10/30,12,10,10
2017/10/31,39,12,9
2017/11/1,43,16,20
2017/11/2,45,16,15
2017/11/3,54,16,9
2017/11/4,57,18,7
2017/11/5,63,7,9
2017/11/6,27,29,18
2017/11/7,82,24,18
2017/11/8,73,15,14
2017/11/9,53,12,14
2017/11/10,45,7,11
2017/11/11,27,5,6
2017/11/12,20,5,6
2017/11/13,19,9,10
2017/11/14,32,17,16
2017/11/15,59,31,20
2017/11/16,87,15,11
2017/11/17,57,16,10
2017/11/18,60,6,5
2017/11/19,26,5,7
2017/11/20,21,3,9
2017/11/21,11,,
2017/11/23,82,17,11
2017/11/24,62,14,9
2017/11/25,53,6,5
2017/11/26,27,12,15
2017/11/27,41,12,24
2017/11/28,40,21,18
2017/11/29,67,8,12
2017/11/30,35,18,21
2017/12/1,62,20,12
2017/12/2,69,15,7
2017/12/3,58,9,9
2017/12/4,33,8,9
2017/12/5,32,11,8
2017/12/6,45,29,24
2017/12/7,80,29,15
2017/12/8,85,6,6
2017/12/9,24,6,13
2017/12/10,23,4,10
2017/12/11,14,4,9
2017/12/12,15,10,13
2017/12/13,38,10,20
2017/12/14,28,9,16
2017/12/15,34,11,12
2017/12/16,42,12,8
2017/12/17,49,11,11
2017/12/18,41,13,13
2017/12/19,49,19,17
2017/12/20,65,7,11
2017/12/21,29,7,11
2017/12/22,29,8,6
2017/12/23,33,7,4
2017/12/24,31,16,12
2017/12/25,60,,
2017/12/27,30,3,6
2017/12/28,13,8,12
2017/12/29,31,14,22
2017/12/30,48,,
2017/7/1,6,4,3
2017/7/2,13,7,5
2017/7/3,22,8,9
2017/7/4,21,8,11
2017/7/5,19,12,8
2017/7/6,29,13,9
2017/7/7,30,8,5
2017/7/8,22,9,7
2017/7/9,30,11,11
2017/7/10,34,4,5
2017/7/11,14,4,8
2017/7/12,11,5,4
2017/7/13,12,10,8
2017/7/14,26,5,4
2017/7/15,20,5,3
2017/7/16,20,5,10
2017/7/17,14,11,9
2017/7/18,23,11,13
2017/7/19,25,8,10
2017/7/20,21,6,5
2017/7/21,17,8,6
2017/7/22,20,6,7
2017/7/23,20,7,8
2017/7/24,21,4,4
2017/7/25,13,1,6
2017/7/26,7,5,6
2017/7/27,21,4,4
2017/7/28,13,7,5
2017/7/29,20,8,9
2017/7/30,29,8,8
2017/7/31,17,10,6
2017/8/1,26,11,8
2017/8/2,28,11,10
2017/8/3,26,13,10
2017/8/4,40,5,5
2017/8/5,17,5,3
2017/8/6,22,7,6
2017/8/7,22,8,4
2017/8/8,31,6,6
2017/8/9,23,10,11
2017/8/10,29,5,5
2017/8/11,18,3,3
2017/8/12,11,2,3
2017/8/13,12,4,7
2017/8/14,13,7,6
2017/8/15,24,5,8
2017/8/16,17,8,10
2017/8/17,26,8,13
2017/8/18,28,2,4
2017/8/19,8,2,3
2017/8/20,8,3,6
2017/8/21,11,4,7
2017/8/22,15,8,8
2017/8/23,23,18,16
2017/8/24,38,10,9
2017/8/25,20,12,12
2017/8/26,31,10,5
2017/8/27,29,12,7
2017/8/28,36,11,11
2017/8/29,20,16,10
2017/8/30,33,19,14
2017/8/31,34,5,5
2017/9/1,15,3,4
2017/9/2,11,4,3
2017/9/3,17,5,6
2017/9/4,19,6,6
2017/9/5,22,,
2017/9/11,36,5,6
2017/9/12,14,6,11
2017/9/13,12,7,10
2017/9/14,14,3,5
2017/9/15,9,7,6
2017/9/16,26,8,5
2017/9/17,32,8,15
2017/9/18,21,8,11
2017/9/19,33,10,7
2017/9/20,41,9,6
2017/9/21,31,14,8
2017/9/22,49,14,6
2017/9/23,50,7,7
2017/9/24,28,15,16
2017/9/25,48,15,18
2017/9/26,48,27,15
2017/9/27,64,24,10
2017/9/28,58,22,11
2017/9/29,57,17,6
2017/9/30,47,18,6
2017/4/1,49,17,16
2017/4/2,47,25,10
2017/4/3,65,9,6
2017/4/4,40,14,7
2017/4/5,51,10,6
2017/4/6,32,12,8
2017/4/7,46,15,6
2017/4/8,51,10,9
2017/4/9,39,19,20
2017/4/10,50,13,6
2017/4/11,42,17,15
2017/4/12,48,13,13
2017/4/13,44,17,13
2017/4/14,55,16,10
2017/4/15,50,8,4
2017/4/16,29,8,5
2017/4/17,31,8,7
2017/4/18,32,10,6
2017/4/19,40,11,7
2017/4/20,46,16,8
2017/4/21,55,12,7
2017/4/22,40,4,4
2017/4/23,17,10,10
2017/4/24,29,18,15
2017/4/25,49,18,10
2017/4/26,55,8,8
2017/4/27,34,7,9
2017/4/28,28,14,6
2017/4/29,53,15,9
2017/4/30,55,14,5
2017/5/1,49,4,10
2017/5/2,13,15,24
2017/5/3,46,20,18
2017/5/4,63,8,7
2017/5/5,27,12,5
2017/5/6,42,12,7
2017/5/7,44,9,6
2017/5/8,33,8,7
2017/5/9,32,10,10
2017/5/10,29,14,13
2017/5/11,37,10,18
2017/5/12,23,4,7
2017/5/13,13,4,5
2017/5/14,12,6,7
2017/5/15,19,8,7
2017/5/16,25,15,9
2017/5/17,41,13,7
2017/5/18,29,14,5
2017/5/19,30,6,3
2017/5/20,17,11,3
2017/5/21,41,13,8
2017/5/22,37,13,10
2017/5/23,37,13,6
2017/5/24,36,7,4
2017/5/25,22,7,6
2017/5/26,22,8,7
2017/5/27,21,9,6
2017/5/28,35,13,13
2017/5/29,26,18,15
2017/5/30,38,10,8
2017/5/31,32,10,8
2017/6/1,27,11,11
2017/6/2,26,12,8
2017/6/3,40,8,4
2017/6/4,29,6,3
2017/6/5,16,10,8
2017/6/6,25,4,6
2017/6/7,10,7,7
2017/6/8,14,9,9
2017/6/9,21,5,5
2017/6/10,14,6,6
2017/6/11,18,11,13
2017/6/12,28,10,6
2017/6/13,22,9,8
2017/6/14,23,8,8
2017/6/15,23,10,8
2017/6/16,31,7,4
2017/6/17,21,5,4
2017/6/18,17,9,10
2017/6/19,21,15,16
2017/6/20,32,14,9
2017/6/21,38,12,14
2017/6/22,31,16,11
2017/6/23,43,17,5
2017/6/24,46,13,4
2017/6/25,40,8,7
2017/6/26,21,13,11
2017/6/27,30,14,8
2017/6/28,32,5,7
2017/6/29,9,3,5
2017/6/30,6,2,4
2017/1/2,96,12,8
2017/1/3,46,4,5
2017/1/4,15,5,5
2017/1/5,16,7,4
2017/1/6,25,12,8
2017/1/7,43,22,14
2017/1/8,72,24,16
2017/1/9,74,29,11
2017/1/10,81,52,27
2017/1/11,112,14,17
2017/1/12,49,10,13
2017/1/13,36,6,8
2017/1/14,24,9,7
2017/1/15,35,17,15
2017/1/16,56,22,11
2017/1/17,67,34,15
2017/1/18,92,52,23
2017/1/19,134,63,32
2017/1/20,156,67,30
2017/1/21,163,48,11
2017/1/22,131,59,14
2017/1/23,155,41,13
2017/1/24,113,30,17
2017/1/25,86,32,15
2017/1/26,88,40,11
2017/1/27,112,48,9
2017/1/28,134,49,14
2017/1/29,132,39,12
2017/1/30,107,47,14
2017/1/31,128,55,33
2017/2/1,149,40,26
2017/2/2,116,31,28
2017/2/3,91,31,23
2017/2/4,91,11,11
2017/2/5,40,22,16
2017/2/6,70,25,11
2017/2/7,76,33,12
2017/2/8,93,54,19
2017/2/9,146,29,10
2017/2/10,89,22,7
2017/2/11,70,26,10
2017/2/12,79,36,19
2017/2/13,93,47,23
2017/2/14,122,54,38
2017/2/15,132,53,35
2017/2/16,129,27,19
2017/2/17,83,15,11
2017/2/18,57,27,24
2017/2/19,78,22,16
2017/2/20,64,4,8
2017/2/21,12,6,12
2017/2/22,24,12,15
2017/2/23,30,6,6
2017/2/24,12,9,10
2017/2/25,29,14,21
2017/2/26,44,22,23
2017/2/27,56,18,19
2017/2/28,48,6,11
2017/3/1,15,5,16
2017/3/2,13,10,12
2017/3/3,27,11,10
2017/3/4,37,4,8
2017/3/5,13,5,9
2017/3/6,11,11,10
2017/3/7,38,16,14
2017/3/8,55,6,11
2017/3/9,19,4,6
2017/3/10,16,12,6
2017/3/11,46,18,6
2017/3/12,62,27,12
2017/3/13,77,26,12
2017/3/14,75,31,11
2017/3/15,82,23,11
2017/3/16,62,23,17
2017/3/17,59,9,5
2017/3/18,34,4,7
2017/3/19,15,7,10
2017/3/20,20,12,13
2017/3/21,39,12,9
2017/3/22,43,28,14
2017/3/23,83,21,8
2017/3/24,68,17,10
2017/3/25,58,10,7
2017/3/26,36,19,17
2017/3/27,55,23,29
2017/3/28,50,20,10
2017/3/29,45,16,11
2017/3/30,42,19,13
2017/3/31,45,18,5
2016/10/1,65,15,9
2016/10/2,46,5,6
2016/10/3,20,5,5
2016/10/4,18,4,4
2016/10/5,11,3,6
2016/10/6,13,18,12
2016/10/7,60,13,9
2016/10/8,49,11,7
2016/10/9,41,11,8
2016/10/10,42,14,9
2016/10/11,51,9,6
2016/10/12,36,12,10
2016/10/13,47,16,6
2016/10/14,52,20,9
2016/10/15,63,23,8
2016/10/16,67,28,12
2016/10/17,77,21,9
2016/10/18,67,22,13
2016/10/19,68,7,15
2016/10/20,26,18,20
2016/10/21,58,16,12
2016/10/22,53,18,9
2016/10/23,62,30,16
2016/10/24,79,17,14
2016/10/25,49,16,8
2016/10/26,58,23,11
2016/10/27,70,26,14
2016/10/28,72,10,6
2016/10/29,36,7,3
2016/10/30,24,13,12
2016/10/31,45,14,13
2016/11/1,47,13,10
2016/11/2,42,11,13
2016/11/3,38,24,18
2016/11/4,66,28,14
2016/11/5,83,13,8
2016/11/6,49,13,10
2016/11/7,48,18,17
2016/11/8,59,20,16
2016/11/9,65,15,17
2016/11/10,46,26,18
2016/11/11,71,22,6
2016/11/12,73,12,7
2016/11/13,48,25,17
2016/11/14,75,38,27
2016/11/15,98,30,20
2016/11/16,88,42,15
2016/11/17,116,33,17
2016/11/18,92,17,12
2016/11/19,53,6,6
2016/11/20,21,19,7
2016/11/21,58,20,10
2016/11/22,61,36,15
2016/11/23,96,41,15
2016/11/24,108,41,16
2016/11/25,111,45,11
2016/11/26,124,7,5
2016/11/27,28,8,7
2016/11/28,25,11,9
2016/11/29,42,16,14
2016/11/30,49,16,10
2016/12/1,54,8,7
2016/12/2,31,13,16
2016/12/3,44,33,22
2016/12/4,93,41,20
2016/12/5,110,24,15
2016/12/6,73,28,20
2016/12/7,81,38,16
2016/12/8,106,11,12
2016/12/9,42,8,8
2016/12/10,30,11,8
2016/12/11,44,8,7
2016/12/12,31,21,21
2016/12/13,53,39,26
2016/12/14,99,14,14
2016/12/15,48,28,18
2016/12/16,82,36,18
2016/12/17,101,30,21
2016/12/18,88,29,11
2016/12/19,85,19,11
2016/12/20,64,22,10
2016/12/21,72,29,15
2016/12/22,85,30,19
2016/12/23,86,19,14
2016/12/24,61,4,4
2016/12/25,15,6,5
2016/12/26,22,6,5
2016/12/27,20,4,6
2016/12/28,16,11,11
2016/12/29,40,18,25
2016/12/30,56,30,28
2016/12/31,89,64,24
2017/1/1,162,33,17
2016/7/1,20,11,6
2016/7/2,32,7,2
2016/7/3,21,8,6
2016/7/4,17,12,12
2016/7/5,27,8,4
2016/7/6,15,8,6
2016/7/7,19,14,12
2016/7/8,33,10,5
2016/7/9,29,12,5
2016/7/10,29,28,12
2016/7/11,45,7,8
2016/7/12,20,8,5
2016/7/13,23,2,2
2016/7/14,10,7,3
2016/7/15,19,6,3
2016/7/16,17,9,2
2016/7/17,31,9,4
2016/7/18,25,9,7
2016/7/19,22,10,8
2016/7/20,21,18,13
2016/7/21,36,13,8
2016/7/22,38,10,6
2016/7/23,35,10,3
2016/7/24,33,16,5
2016/7/25,50,11,4
2016/7/26,37,18,6
2016/7/27,53,9,4
2016/7/28,30,10,5
2016/7/29,28,7,6
2016/7/30,18,8,6
2016/7/31,24,9,4
2016/8/1,27,8,6
2016/8/2,20,7,4
2016/8/3,21,16,11
2016/8/4,36,7,4
2016/8/5,19,11,2
2016/8/6,39,9,2
2016/8/7,30,10,11
2016/8/8,27,13,12
2016/8/9,34,8,3
2016/8/10,29,7,4
2016/8/11,19,7,7
2016/8/12,18,6,4
2016/8/13,20,7,9
2016/8/14,20,11,4
2016/8/15,37,14,11
2016/8/16,38,15,7
2016/8/17,40,16,14
2016/8/18,43,10,12
2016/8/19,32,13,5
2016/8/20,43,7,3
2016/8/21,22,7,4
2016/8/22,21,7,6
2016/8/23,18,12,9
2016/8/24,37,16,10
2016/8/25,42,14,7
2016/8/26,34,16,5
2016/8/27,46,20,3
2016/8/28,60,20,11
2016/8/29,48,10,6
2016/8/30,31,14,11
2016/8/31,22,15,12
2016/9/1,37,13,8
2016/9/2,42,14,11
2016/9/3,43,12,8
2016/9/4,36,4,4
2016/9/5,14,10,6
2016/9/6,35,19,11
2016/9/7,56,26,15
2016/9/8,66,21,19
2016/9/9,54,20,14
2016/9/10,56,25,13
2016/9/11,61,30,19
2016/9/12,67,33,18
2016/9/13,73,29,19
2016/9/14,66,35,15
2016/9/15,76,28,
2016/9/16,67,19,
2016/9/17,46,3,
2016/9/18,11,11,6
2016/9/19,36,20,6
2016/9/20,55,11,7
2016/9/21,34,11,9
2016/9/22,36,13,17
2016/9/23,41,14,16
2016/9/24,47,22,18
2016/9/25,63,27,21
2016/9/26,68,30,20
2016/9/27,73,27,20
2016/9/28,68,13,9
2016/9/29,36,18,26
2016/9/30,45,26,17
2016/4/1,49,17,5
2016/4/2,52,17,6
2016/4/3,47,31,23
2016/4/4,63,41,22
2016/4/5,71,17,7
2016/4/6,41,17,13
2016/4/7,50,14,7
2016/4/8,51,11,4
2016/4/9,43,16,3
2016/4/10,57,19,8
2016/4/11,63,34,13
2016/4/12,89,29,16
2016/4/13,77,11,5
2016/4/14,42,15,11
2016/4/15,45,12,15
2016/4/16,34,12,11
2016/4/17,32,11,8
2016/4/18,41,14,6
2016/4/19,46,12,7
2016/4/20,40,23,16
2016/4/21,59,20,12
2016/4/22,53,17,9
2016/4/23,49,8,2
2016/4/24,33,8,5
2016/4/25,31,8,10
2016/4/26,20,6,9
2016/4/27,22,8,12
2016/4/28,25,16,17
2016/4/29,51,12,12
2016/4/30,37,18,10
2016/5/1,58,24,9
2016/5/2,69,16,7
2016/5/3,54,5,5
2016/5/4,22,15,4
2016/5/5,52,15,10
2016/5/6,46,15,10
2016/5/7,42,10,7
2016/5/8,34,15,11
2016/5/9,41,17,8
2016/5/10,50,24,10
2016/5/11,63,20,11
2016/5/12,66,3,5
2016/5/13,19,12,3
2016/5/14,38,9,3
2016/5/15,26,7,4
2016/5/16,24,10,7
2016/5/17,35,14,9
2016/5/18,41,18,11
2016/5/19,44,11,5
2016/5/20,37,7,6
2016/5/21,19,14,9
2016/5/22,42,18,7
2016/5/23,41,2,4
2016/5/24,7,8,5
2016/5/25,30,16,5
2016/5/26,53,19,9
2016/5/27,55,16,7
2016/5/28,43,16,3
2016/5/29,43,7,8
2016/5/30,19,3,6
2016/5/31,8,6,8
2016/6/1,12,7,10
2016/6/2,19,10,10
2016/6/3,33,10,7
2016/6/4,35,11,6
2016/6/5,41,13,6
2016/6/6,39,10,9
2016/6/7,23,15,14
2016/6/8,31,12,6
2016/6/9,37,9,5
2016/6/10,31,11,7
2016/6/11,37,10,6
2016/6/12,35,6,5
2016/6/13,19,7,7
2016/6/14,17,4,8
2016/6/15,12,46,12
2016/6/16,56,8,5
2016/6/17,14,4,5
2016/6/18,8,4,2
2016/6/19,11,7,8
2016/6/20,26,13,11
2016/6/21,34,33,13
2016/6/22,50,17,11
2016/6/23,32,26,12
2016/6/24,54,28,5
2016/6/25,57,8,2
2016/6/26,22,7,4
2016/6/27,23,8,5
2016/6/28,19,13,12
2016/6/29,27,23,11
2016/6/30,38,7,7
2016/1/4,76,49,13
2016/1/5,98,50,14
2016/1/6,100,38,19
2016/1/7,80,26,22
2016/1/8,52,37,16
2016/1/9,77,22,17
2016/1/10,55,18,14
2016/1/11,47,4,6
2016/1/12,6,4,6
2016/1/13,5,11,10
2016/1/14,23,9,10
2016/1/15,20,16,7
2016/1/16,38,22,8
2016/1/17,52,23,12
2016/1/18,53,41,21
2016/1/19,78,27,17
2016/1/20,58,19,16
2016/1/21,42,34,26
2016/1/22,62,46,22
2016/1/23,92,16,15
2016/1/24,40,10,12
2016/1/25,27,20,17
2016/1/26,31,31,30
2016/1/27,49,28,19
2016/1/28,48,13,12
2016/1/29,31,29,20
2016/1/30,60,3,6
2016/1/31,7,3,8
2016/2/1,6,8,17
2016/2/2,12,10,10
2016/2/3,24,9,7
2016/2/4,28,10,11
2016/2/5,34,17,15
2016/2/6,58,12,12
2016/2/7,45,15,15
2016/2/8,40,8,13
2016/2/9,19,4,8
2016/2/10,15,6,11
2016/2/11,18,17,20
2016/2/12,51,14,8
2016/2/13,52,16,9
2016/2/14,57,14,11
2016/2/15,47,15,9
2016/2/16,54,20,11
2016/2/17,63,20,12
2016/2/18,66,19,11
2016/2/19,64,10,9
2016/2/20,35,2,3
2016/2/21,6,19,13
2016/2/22,33,37,8
2016/2/23,55,10,11
2016/2/24,39,19,13
2016/2/25,60,14,11
2016/2/26,50,20,7
2016/2/27,67,30,8
2016/2/28,87,25,15
2016/2/29,72,15,9
2016/3/1,53,24,15
2016/3/2,70,10,9
2016/3/3,40,15,9
2016/3/4,55,14,13
2016/3/5,46,5,5
2016/3/6,19,13,10
2016/3/7,50,17,11
2016/3/8,60,24,16
2016/3/9,72,35,15
2016/3/10,96,23,7
2016/3/11,71,12,7
2016/3/12,47,19,6
2016/3/13,64,22,9
2016/3/14,68,17,10
2016/3/15,56,27,15
2016/3/16,78,37,22
2016/3/17,98,29,10
2016/3/18,81,26,7
2016/3/19,80,26,7
2016/3/20,78,17,7
2016/3/21,56,15,9
2016/3/22,52,17,8
2016/3/23,58,13,6
2016/3/24,49,23,10
2016/3/25,70,10,5
2016/3/26,41,15,9
2016/3/27,55,20,8
2016/3/28,65,11,13
2016/3/29,34,14,17
2016/3/30,41,18,17
2016/3/31,47,18,12
2015/10/1,32,18,11
2015/10/2,39,20,5
2015/10/3,45,21,9
2015/10/4,53,19,14
2015/10/5,45,35,17
2015/10/6,69,22,20
2015/10/7,52,8,11
2015/10/8,20,24,11
2015/10/9,51,46,11
2015/10/10,86,35,7
2015/10/11,66,29,11
2015/10/12,62,39,16
2015/10/13,76,18,12
2015/10/14,45,15,12
2015/10/15,39,14,11
2015/10/16,37,15,12
2015/10/17,37,27,14
2015/10/18,61,17,11
2015/10/19,42,24,9
2015/10/20,58,22,10
2015/10/21,54,20,12
2015/10/22,48,15,9
2015/10/23,38,23,15
2015/10/24,52,27,14
2015/10/25,61,32,11
2015/10/26,68,28,8
2015/10/27,59,35,6
2015/10/28,74,38,15
2015/10/29,73,27,16
2015/10/30,59,,
2015/11/1,46,36,19
2015/11/2,68,53,20
2015/11/3,98,61,24
2015/11/4,126,59,28
2015/11/5,113,54,37
2015/11/6,105,20,13
2015/11/7,52,10,9
2015/11/8,26,15,12
2015/11/9,31,8,6
2015/11/10,14,7,8
2015/11/11,14,19,12
2015/11/12,45,34,26
2015/11/13,63,8,6
2015/11/14,20,9,6
2015/11/15,16,21,12
2015/11/16,32,14,10
2015/11/17,22,5,7
2015/11/18,8,5,9
2015/11/19,7,5,12
2015/11/20,16,10,7
2015/11/21,28,11,6
2015/11/22,30,11,15
2015/11/23,23,19,21
2015/11/24,42,25,17
2015/11/25,58,29,15
2015/11/26,64,22,11
2015/11/27,53,22,9
2015/11/28,50,6,5
2015/11/29,15,3,5
2015/11/30,6,3,6
2015/12/1,9,9,13
2015/12/2,22,23,23
2015/12/3,47,33,23
2015/12/4,65,37,19
2015/12/5,73,18,8
2015/12/6,48,21,16
2015/12/7,51,11,7
2015/12/8,30,17,14
2015/12/9,41,25,17
2015/12/10,52,42,30
2015/12/11,79,10,10
2015/12/12,23,16,14
2015/12/13,40,17,16
2015/12/14,42,39,15
2015/12/15,79,48,16
2015/12/16,92,26,12
2015/12/17,61,33,14
2015/12/18,71,31,14
2015/12/19,66,30,7
2015/12/20,69,26,16
2015/12/21,59,17,20
2015/12/22,36,24,16
2015/12/23,53,31,17
2015/12/24,68,28,14
2015/12/25,65,25,15
2015/12/26,60,30,16
2015/12/27,69,35,26
2015/12/28,71,29,15
2015/12/29,64,21,12
2015/12/30,47,,
2016/1/3,78,37,9
2015/7/1,35,20,11
2015/7/2,35,19,8
2015/7/3,28,17,8
2015/7/4,27,14,11
2015/7/5,24,24,13
2015/7/6,42,24,12
2015/7/7,43,15,9
2015/7/8,22,12,5
2015/7/9,20,10,6
2015/7/10,18,11,8
2015/7/11,15,14,8
2015/7/12,23,12,5
2015/7/13,24,11,6
2015/7/14,21,9,8
2015/7/15,16,15,10
2015/7/16,23,19,12
2015/7/17,33,12,6
2015/7/18,18,16,8
2015/7/19,26,10,6
2015/7/20,19,13,12
2015/7/21,21,16,10
2015/7/22,20,12,8
2015/7/23,21,18,7
2015/7/24,29,12,5
2015/7/25,21,5,3
2015/7/26,9,13,7
2015/7/27,14,14,11
2015/7/28,13,11,8
2015/7/29,20,8,5
2015/7/30,13,9,7
2015/7/31,13,11,9
2015/8/1,16,13,6
2015/8/2,29,16,9
2015/8/3,36,23,13
2015/8/4,47,14,9
2015/8/5,22,19,13
2015/8/6,35,20,12
2015/8/7,34,22,9
2015/8/8,39,19,11
2015/8/9,39,23,13
2015/8/10,42,23,17
2015/8/11,35,25,14
2015/8/12,39,27,13
2015/8/13,46,29,9
2015/8/14,48,17,9
2015/8/15,35,13,5
2015/8/16,30,4,6
2015/8/17,9,11,6
2015/8/18,28,13,7
2015/8/19,31,20,8
2015/8/20,45,24,8
2015/8/21,47,20,6
2015/8/22,40,17,4
2015/8/23,43,20,4
2015/8/24,40,7,8
2015/8/25,10,9,13
2015/8/26,9,17,15
2015/8/27,29,25,10
2015/8/28,56,17,11
2015/8/29,30,17,10
2015/8/30,34,24,15
2015/8/31,42,28,21
2015/9/1,40,7,7
2015/9/2,13,13,11
2015/9/3,25,7,9
2015/9/4,13,10,6
2015/9/5,23,5,3
2015/9/6,10,7,6
2015/9/7,13,7,7
2015/9/8,16,10,10
2015/9/9,18,14,10
2015/9/10,30,17,10
2015/9/11,38,14,5
2015/9/12,34,20,3
2015/9/13,45,15,9
2015/9/14,31,11,14
2015/9/15,21,19,16
2015/9/16,35,22,16
2015/9/17,29,5,8
2015/9/18,6,5,6
2015/9/19,12,7,4
2015/9/20,17,10,13
2015/9/21,18,15,12
2015/9/22,30,10,10
2015/9/23,19,9,6
2015/9/24,23,16,9
2015/9/25,41,13,6
2015/9/26,29,9,4
2015/9/27,16,7,6
2015/9/28,11,11,9
2015/9/29,20,15,15
2015/9/30,31,16,16
2015/4/1,12,5,7
2015/4/2,15,6,7
2015/4/3,18,9,9
2015/4/4,30,9,6
2015/4/5,33,7,5
2015/4/6,26,17,6
2015/4/7,55,25,10
2015/4/8,70,23,8
2015/4/9,63,31,19
2015/4/10,71,28,16
2015/4/11,68,11,7
2015/4/12,35,17,13
2015/4/13,40,14,11
2015/4/14,34,17,12
2015/4/15,29,21,14
2015/4/16,30,27,11
2015/4/17,64,10,4
2015/4/18,32,14,7
2015/4/19,51,17,6
2015/4/20,42,15,5
2015/4/21,22,23,10
2015/4/22,41,24,12
2015/4/23,46,8,9
2015/4/24,20,18,11
2015/4/25,39,11,8
2015/4/26,31,19,8
2015/4/27,41,13,9
2015/4/28,33,15,8
2015/4/29,47,20,12
2015/4/30,51,11,9
2015/5/1,38,16,5
2015/5/2,54,22,10
2015/5/3,67,20,12
2015/5/4,51,22,12
2015/5/5,54,9,5
2015/5/6,20,9,7
2015/5/7,16,14,13
2015/5/8,26,13,6
2015/5/9,35,9,3
2015/5/10,22,12,9
2015/5/11,28,21,14
2015/5/12,35,22,11
2015/5/13,55,15,6
2015/5/14,41,23,11
2015/5/15,63,23,7
2015/5/16,61,11,4
2015/5/17,31,19,10
2015/5/18,41,19,13
2015/5/19,45,11,6
2015/5/20,33,16,7
2015/5/21,51,22,7
2015/5/22,64,13,7
2015/5/23,46,11,3
2015/5/24,42,19,5
2015/5/25,57,17,6
2015/5/26,55,13,5
2015/5/27,40,14,7
2015/5/28,39,21,14
2015/5/29,52,13,8
2015/5/30,36,9,4
2015/5/31,24,16,14
2015/6/1,38,12,9
2015/6/2,26,16,13
2015/6/3,37,16,4
2015/6/4,37,18,6
2015/6/5,43,19,6
2015/6/6,48,18,8
2015/6/7,44,24,11
2015/6/8,53,20,6
2015/6/9,48,21,6
2015/6/10,41,22,8
2015/6/11,41,25,9
2015/6/12,41,23,10
2015/6/13,43,15,11
2015/6/14,28,19,8
2015/6/15,39,13,5
2015/6/16,21,12,5
2015/6/17,22,17,7
2015/6/18,26,14,5
2015/6/19,31,11,4
2015/6/20,26,7,4
2015/6/21,15,8,9
2015/6/22,14,6,8
2015/6/23,9,6,6
2015/6/24,10,10,8
2015/6/25,18,10,7
2015/6/26,18,11,5
2015/6/27,25,10,3
2015/6/28,24,10,9
2015/6/29,18,16,16
2015/6/30,26,20,15
2015/1/1,75,12,13
2015/1/2,44,12,11
2015/1/3,42,4,5
2015/1/4,15,10,7
2015/1/5,38,21,15
2015/1/6,63,30,14
2015/1/7,79,42,16
2015/1/8,112,6,8
2015/1/9,14,2,3
2015/1/10,6,3,4
2015/1/11,13,8,10
2015/1/12,22,40,34
2015/1/13,71,36,23
2015/1/14,84,21,19
2015/1/15,51,31,6
2015/1/16,87,22,14
2015/1/17,67,14,8
2015/1/18,53,33,20
2015/1/19,84,32,14
2015/1/20,87,34,18
2015/1/21,85,20,9
2015/1/22,64,18,13
2015/1/23,58,21,7
2015/1/24,67,13,6
2015/1/25,47,17,15
2015/1/26,54,13,17
2015/1/27,48,22,16
2015/1/28,66,18,20
2015/1/29,54,13,12
2015/1/30,45,17,18
2015/1/31,51,40,25
2015/2/1,105,15,11
2015/2/2,51,20,16
2015/2/3,56,32,14
2015/2/4,86,39,19
2015/2/5,99,33,12
2015/2/6,93,30,8
2015/2/7,85,16,6
2015/2/8,42,9,8
2015/2/9,26,16,12
2015/2/10,58,18,12
2015/2/11,62,19,10
2015/2/12,60,34,12
2015/2/13,87,41,9
2015/2/14,110,49,11
2015/2/15,131,43,22
2015/2/16,96,30,11
2015/2/17,78,37,13
2015/2/18,90,43,20
2015/2/19,106,53,27
2015/2/20,131,40,24
2015/2/21,98,43,19
2015/2/22,113,41,17
2015/2/23,104,24,18
2015/2/24,70,15,10
2015/2/25,53,28,16
2015/2/26,74,29,15
2015/2/27,78,24,11
2015/2/28,73,23,19
2015/3/1,70,7,15
2015/3/2,21,11,15
2015/3/3,30,10,15
2015/3/4,28,13,9
2015/3/5,43,15,11
2015/3/6,49,27,14
2015/3/7,72,23,16
2015/3/8,67,24,13
2015/3/9,62,41,24
2015/3/10,92,21,9
2015/3/11,61,17,8
2015/3/12,55,27,10
2015/3/13,78,23,9
2015/3/14,73,37,9
2015/3/15,102,31,9
2015/3/16,79,45,17
2015/3/17,82,35,20
2015/3/18,76,48,24
2015/3/19,114,52,26
2015/3/20,123,56,31
2015/3/21,137,34,8
2015/3/22,94,33,15
2015/3/23,85,49,14
2015/3/24,110,42,17
2015/3/25,93,36,14
2015/3/26,91,13,9
2015/3/27,48,16,7
2015/3/28,54,9,9
2015/3/29,32,3,7
2015/3/30,11,6,9
2015/3/31,17,4,8
2014/10/1,74,15,9
2014/10/2,52,22,10
2014/10/3,68,33,10
2014/10/4,89,25,8
2014/10/5,73,33,10
2014/10/6,82,36,8
2014/10/7,94,32,15
2014/10/8,86,20,18
2014/10/9,58,23,16
2014/10/10,69,27,15
2014/10/11,78,22,9
2014/10/12,66,33,19
2014/10/13,87,14,15
2014/10/14,42,18,19
2014/10/15,56,14,17
2014/10/16,35,5,13
2014/10/17,16,8,11
2014/10/18,27,15,16
2014/10/19,51,11,16
2014/10/20,30,6,15
2014/10/21,20,3,7
2014/10/22,9,5,7
2014/10/23,21,20,8
2014/10/24,60,32,11
2014/10/25,86,28,15
2014/10/26,80,33,15
2014/10/27,82,34,17
2014/10/28,90,37,16
2014/10/30,147,41,18
2014/10/31,103,37,16
2014/11/1,96,36,13
2014/11/2,98,50,13
2014/11/3,129,32,14
2014/11/4,78,19,9
2014/11/5,50,15,13
2014/11/6,43,39,19
2014/11/7,86,16,11
2014/11/8,55,19,6
2014/11/9,56,25,16
2014/11/10,60,30,14
2014/11/11,73,49,11
2014/11/12,116,37,18
2014/11/13,83,42,14
2014/11/14,101,31,5
2014/11/15,84,33,8
2014/11/16,88,19,9
2014/11/17,63,13,11
2014/11/18,41,7,14
2014/11/19,20,14,11
2014/11/20,50,19,12
2014/11/21,61,29,13
2014/11/22,82,31,8
2014/11/23,87,38,12
2014/11/24,101,37,16
2014/11/25,97,37,12
2014/11/26,97,31,8
2014/11/27,85,22,13
2014/11/28,70,18,12
2014/11/29,60,21,10
2014/11/30,67,9,12
2014/12/1,37,13,14
2014/12/2,47,23,13
2014/12/3,66,24,12
2014/12/4,68,24,11
2014/12/5,70,16,11
2014/12/6,55,7,11
2014/12/7,27,12,9
2014/12/8,44,21,12
2014/12/9,64,21,16
2014/12/10,64,14,19
2014/12/11,35,22,26
2014/12/12,48,42,18
2014/12/13,110,38,15
2014/12/14,104,37,22
2014/12/15,94,39,23
2014/12/16,97,19,20
2014/12/17,56,9,13
2014/12/18,25,3,7
2014/12/19,10,5,5
2014/12/20,19,7,4
2014/12/21,28,7,6
2014/12/22,22,4,8
2014/12/23,17,10,13
2014/12/24,32,6,4
2014/12/25,21,6,4
2014/12/26,19,14,7
2014/12/27,50,28,7
2014/12/28,81,,
2014/7/1,25,13,13
2014/7/2,38,9,6
2014/7/3,26,16,10
2014/7/4,36,16,9
2014/7/5,45,6,3
2014/7/6,16,15,10
2014/7/7,36,21,6
2014/7/8,42,3,3
2014/7/9,6,5,4
2014/7/10,12,8,5
2014/7/11,28,11,3
2014/7/12,33,11,6
2014/7/13,40,13,11
2014/7/14,33,8,5
2014/7/15,19,10,6
2014/7/16,27,13,6
2014/7/17,35,18,6
2014/7/18,47,20,7
2014/7/19,48,20,4
2014/7/20,52,20,8
2014/7/21,53,10,8
2014/7/22,33,17,6
2014/7/23,41,13,6
2014/7/24,39,14,11
2014/7/25,37,13,9
2014/7/26,40,14,7
2014/7/27,43,16,8
2014/7/28,49,17,7
2014/7/29,50,15,10
2014/7/30,43,11,10
2014/7/31,35,15,7
2014/8/1,47,14,5
2014/8/2,44,21,7
2014/8/3,58,8,6
2014/8/4,25,9,5
2014/8/5,28,13,5
2014/8/6,42,12,6
2014/8/7,34,13,6
2014/8/8,39,12,6
2014/8/9,37,7,4
2014/8/10,22,9,6
2014/8/11,24,6,8
2014/8/12,19,8,8
2014/8/13,28,6,5
2014/8/14,15,5,5
2014/8/15,14,6,4
2014/8/16,18,4,2
2014/8/17,13,10,11
2014/8/18,23,12,12
2014/8/19,31,10,9
2014/8/20,32,7,8
2014/8/21,22,12,12
2014/8/22,37,10,10
2014/8/23,34,6,4
2014/8/24,21,9,11
2014/8/25,24,10,18
2014/8/26,28,7,9
2014/8/27,22,11,15
2014/8/28,33,20,18
2014/8/29,49,15,20
2014/8/30,48,9,10
2014/8/31,31,3,6
2014/9/1,12,6,7
2014/9/2,22,23,8
2014/9/3,64,34,13
2014/9/4,83,32,17
2014/9/5,77,26,15
2014/9/6,68,20,12
2014/9/7,60,24,17
2014/9/8,65,22,14
2014/9/9,57,23,9
2014/9/10,65,16,10
2014/9/11,51,8,9
2014/9/12,30,6,7
2014/9/13,24,10,6
2014/9/14,39,19,12
2014/9/15,59,20,17
2014/9/16,58,19,12
2014/9/17,52,21,7
2014/9/18,53,27,12
2014/9/19,73,20,12
2014/9/20,53,8,4
2014/9/21,26,9,6
2014/9/22,32,8,8
2014/9/23,26,14,12
2014/9/24,42,11,9
2014/9/25,39,14,9
2014/9/26,50,11,7
2014/9/27,44,14,12
2014/9/28,51,22,20
2014/9/29,63,19,15
2014/9/30,60,25,22
2014/4/1,107,48,19
2014/4/2,101,51,26
2014/4/3,103,53,29
2014/4/4,101,50,18
2014/4/5,106,47,10
2014/4/6,116,29,12
2014/4/7,72,29,19
2014/4/8,62,9,5
2014/4/9,27,12,7
2014/4/10,43,15,12
2014/4/11,52,23,15
2014/4/12,65,23,14
2014/4/13,68,21,8
2014/4/14,56,8,6
2014/4/15,27,13,6
2014/4/16,42,18,8
2014/4/17,57,16,12
2014/4/18,46,27,7
2014/4/19,73,10,7
2014/4/20,35,16,4
2014/4/21,54,18,19
2014/4/22,55,17,14
2014/4/23,54,20,9
2014/4/24,60,17,14
2014/4/25,52,16,6
2014/4/26,53,19,5
2014/4/27,45,10,7
2014/4/28,30,26,9
2014/4/29,72,22,14
2014/4/30,61,21,7
2014/5/1,62,23,12
2014/5/2,63,20,4
2014/5/3,62,13,3
2014/5/4,40,17,8
2014/5/5,52,23,12
2014/5/6,54,24,13
2014/5/7,56,8,9
2014/5/8,25,6,12
2014/5/9,17,7,4
2014/5/10,18,,
2014/5/12,11,7,8
2014/5/13,21,11,4
2014/5/14,31,10,5
2014/5/15,36,7,6
2014/5/16,23,4,4
2014/5/17,15,5,6
2014/5/18,17,11,8
2014/5/19,32,12,9
2014/5/20,25,15,11
2014/5/21,38,18,6
2014/5/22,43,28,6
2014/5/23,57,20,8
2014/5/24,50,11,4
2014/5/25,28,19,10
2014/5/26,51,15,9
2014/5/27,42,5,7
2014/5/28,13,5,4
2014/5/29,17,7,4
2014/5/30,22,9,3
2014/5/31,29,10,3
2014/6/1,38,16,8
2014/6/2,47,19,12
2014/6/3,51,19,12
2014/6/4,48,10,9
2014/6/5,27,9,11
2014/6/6,20,13,11
2014/6/7,30,12,8
2014/6/8,33,12,8
2014/6/9,36,19,15
2014/6/10,42,23,14
2014/6/11,53,16,7
2014/6/12,46,11,6
2014/6/13,28,10,4
2014/6/14,29,7,3
2014/6/15,20,9,6
2014/6/16,19,11,8
2014/6/17,22,13,9
2014/6/18,33,12,6
2014/6/19,33,8,4
2014/6/20,22,8,4
2014/6/21,22,9,5
2014/6/22,28,14,7
2014/6/23,37,17,8
2014/6/24,44,15,13
2014/6/25,37,11,6
2014/6/26,28,15,12
2014/6/27,41,16,7
2014/6/28,41,11,5
2014/6/29,34,6,5
2014/6/30,18,9,7
2014/1/1,101,26,12
2014/1/2,76,39,22
2014/1/3,106,31,13
2014/1/4,89,15,11
2014/1/5,50,13,11
2014/1/6,47,29,23
2014/1/7,74,22,16
2014/1/8,65,21,13
2014/1/9,67,9,10
2014/1/10,32,22,23
2014/1/11,65,14,9
2014/1/12,51,37,27
2014/1/13,90,48,20
2014/1/14,121,15,14
2014/1/15,52,35,23
2014/1/16,91,35,18
2014/1/17,94,40,17
2014/1/18,110,23,16
2014/1/19,71,25,15
2014/1/20,73,6,13
2014/1/21,22,19,11
2014/1/22,60,35,15
2014/1/23,95,45,16
2014/1/24,121,34,9
2014/1/25,97,39,16
2014/1/26,106,52,19
2014/1/27,136,52,18
2014/1/28,138,52,15
2014/1/29,136,53,13
2014/1/30,141,34,12
2014/1/31,91,33,10
2014/2/1,84,24,11
2014/2/2,69,25,9
2014/2/3,74,37,10
2014/2/4,98,42,9
2014/2/5,109,59,26
2014/2/6,152,36,17
2014/2/7,95,10,13
2014/2/8,32,12,14
2014/2/9,39,18,19
2014/2/10,44,19,16
2014/2/11,51,24,17
2014/2/12,70,30,20
2014/2/13,71,12,15
2014/2/14,27,13,11
2014/2/15,45,8,6
2014/2/16,29,19,31
2014/2/17,41,19,18
2014/2/18,54,25,13
2014/2/19,70,24,13
2014/2/20,65,31,18
2014/2/21,76,11,6
2014/2/22,38,16,13
2014/2/23,53,33,20
2014/2/24,81,26,11
2014/2/25,72,44,18
2014/2/26,109,48,16
2014/2/27,116,41,17
2014/2/28,111,21,12
2014/3/1,62,32,21
2014/3/2,86,36,17
2014/3/3,94,37,19
2014/3/4,95,43,12
2014/3/5,112,42,9
2014/3/6,109,45,12
2014/3/7,113,46,10
2014/3/8,115,48,18
2014/3/9,122,37,26
2014/3/10,84,39,29
2014/3/11,85,45,15
2014/3/12,106,51,29
2014/3/13,110,54,33
2014/3/14,118,36,7
2014/3/15,87,13,3
2014/3/16,43,19,6
2014/3/17,58,24,13
2014/3/18,62,14,7
2014/3/19,42,19,14
2014/3/20,37,27,25
2014/3/21,58,28,18
2014/3/22,63,6,6
2014/3/23,21,12,8
2014/3/24,46,21,14
2014/3/25,64,27,22
2014/3/26,70,29,20
2014/3/27,72,30,16
2014/3/28,80,47,16
2014/3/29,114,43,19
2014/3/30,102,41,21
2014/3/31,88,46,16
2020/10/11,,10,5
2020/10/17,,10,6
2020/9/13,,19,11
2019/10/1,,4,7
2018/12/31,,7,5
2018/10/14,,32,10
2017/12/31,,12,12
2017/11/22,,28,
2017/12/26,,8,9
2017/9/10,,10,9
2015/10/31,,20,8
2016/1/2,,37,5
2014/12/31,,32,11
2014/10/29,,58,24
2014/5/11,,5,7
2013/12/31,,37,7