date,pm25,pm10,no2,so2
2023/5/1,28,12,6,1
2023/5/2,38,14,6,
2023/5/3,43,16,9,1
2023/5/4,36,15,9,1
2023/5/5,37,10,5,2
2023/5/6,27,10,8,
2023/5/7,34,,,
2023/4/1,5,4,2,
2023/4/2,14,9,5,
2023/4/3,19,14,5,
2023/4/4,26,13,7,
2023/4/5,28,19,10,
2023/4/6,38,21,7,
2023/4/7,57,9,8,
2023/4/8,30,14,5,
2023/4/9,51,17,8,
2023/4/10,55,12,10,
2023/4/11,39,7,9,
2023/4/12,18,6,10,
2023/4/13,16,2,5,
2023/4/14,10,2,4,
2023/4/15,10,7,7,
2023/4/16,24,12,6,
2023/4/17,35,11,7,
2023/4/18,31,13,8,
2023/4/19,39,17,9,
2023/4/20,50,22,11,
2023/4/21,49,17,8,1
2023/4/22,42,13,3,
2023/4/23,34,6,5,1
2023/4/24,15,5,4,
2023/4/25,14,12,6,
2023/4/26,24,17,12,
2023/4/27,38,15,10,1
2023/4/28,37,15,9,
2023/4/29,48,11,4,
2023/4/30,36,9,4,
2023/1/2,51,15,13,
2023/1/3,46,13,10,
2023/1/4,40,2,3,
2023/1/5,8,6,8,
2023/1/6,21,8,9,
2023/1/7,29,18,5,
2023/1/8,62,6,7,
2023/1/9,23,4,5,
2023/1/10,11,11,14,
2023/1/11,29,8,8,
2023/1/12,24,12,8,
2023/1/13,43,5,3,
2023/1/14,13,6,5,
2023/1/15,22,3,5,
2023/1/16,10,8,10,
2023/1/17,25,12,13,
2023/1/18,30,12,7,
2023/1/19,40,15,10,
2023/1/20,46,8,6,
2023/1/21,31,12,8,
2023/1/22,44,16,11,1
2023/1/23,56,16,11,1
2023/1/24,54,16,9,
2023/1/25,52,16,11,
2023/1/26,53,18,9,1
2023/1/27,55,17,7,
2023/1/28,57,15,10,
2023/1/29,48,12,9,1
2023/1/30,41,6,4,1
2023/1/31,16,4,4,1
2023/2/1,12,3,6,1
2023/2/2,10,2,4,
2023/2/3,8,3,3,
2023/2/4,9,9,5,
2023/2/5,23,22,13,1
2023/2/6,53,35,14,2
2023/2/7,74,32,17,1
2023/2/8,72,21,9,1
2023/2/9,65,29,16,1
2023/2/10,67,24,10,
2023/2/11,63,18,7,1
2023/2/12,59,19,13,1
2023/2/13,38,21,10,1
2023/2/14,52,26,12,
2023/2/15,71,41,17,1
2023/2/16,90,20,9,1
2023/2/17,41,3,2,1
2023/2/18,6,3,3,1
2023/2/19,8,5,4,1
2023/2/20,16,6,5,1
2023/2/21,14,12,12,1
2023/2/22,27,20,8,
2023/2/23,60,23,9,
2023/2/24,60,2,3,
2023/2/25,7,5,3,
2023/2/26,15,11,7,
2023/2/27,25,21,12,
2023/2/28,56,35,17,1
2023/3/1,78,39,17,1
2023/3/2,85,39,19,1
2023/3/3,83,23,10,
2023/3/4,62,11,6,
2023/3/5,40,15,7,
2023/3/6,41,18,8,
2023/3/7,52,17,5,
2023/3/8,45,11,7,
2023/3/9,20,12,10,
2023/3/10,27,4,3,
2023/3/11,8,7,5,
2023/3/12,24,12,9,
2023/3/13,26,13,11,
2023/3/14,21,12,5,
2023/3/15,17,14,9,
2023/3/16,32,12,7,1
2023/3/17,28,10,6,5
2023/3/18,34,20,11,2
2023/3/19,54,23,12,
2023/3/20,50,16,12,
2023/3/21,30,17,10,
2023/3/22,33,26,14,
2023/3/23,52,25,11,
2023/3/24,50,3,2,
2023/3/25,6,3,2,
2023/3/26,7,4,4,
2023/3/27,10,6,5,
2023/3/28,14,10,10,
2023/3/29,22,12,8,
2023/3/30,36,6,7,
2023/3/31,15,2,2,
2022/10/1,33,2,2,
2022/10/2,6,8,3,
2022/10/3,11,13,9,
2022/10/4,27,13,8,2
2022/10/5,31,23,15,
2022/10/6,39,16,10,6
2022/10/7,44,25,11,2
2022/10/8,63,12,6,
2022/10/9,28,13,6,3
2022/10/10,30,22,12,
2022/10/11,46,27,13,
2022/10/12,49,43,15,
2022/10/13,89,26,10,1
2022/10/14,63,26,5,1
2022/10/15,71,27,8,10
2022/10/16,73,21,7,5
2022/10/17,57,29,15,2
2022/10/18,58,13,7,
2022/10/19,26,14,12,8
2022/10/20,38,18,11,11
2022/10/21,38,15,8,1
2022/10/22,38,14,8,1
2022/10/23,45,15,8,1
2022/10/24,45,7,8,1
2022/10/25,15,19,10,
2022/10/26,57,19,9,1
2022/10/27,50,11,6,
2022/10/28,44,12,5,
2022/10/29,44,14,5,1
2022/10/30,47,13,6,1
2022/10/31,42,16,5,1
2022/11/1,48,15,9,1
2022/11/2,37,11,9,4
2022/11/3,32,17,7,2
2022/11/4,52,5,4,1
2022/11/5,17,9,8,1
2022/11/6,27,12,12,1
2022/11/7,37,22,10,1
2022/11/8,62,23,11,1
2022/11/9,66,15,11,1
2022/11/10,42,19,14,1
2022/11/11,53,21,9,1
2022/11/12,58,22,9,1
2022/11/13,65,23,8,1
2022/11/14,70,23,5,1
2022/11/15,68,16,9,1
2022/11/16,48,16,11,1
2022/11/17,45,14,8,1
2022/11/18,47,18,6,1
2022/11/19,57,24,8,1
2022/11/20,69,10,11,1
2022/11/21,29,16,9,1
2022/11/22,52,11,10,1
2022/11/23,36,7,11,1
2022/11/24,24,19,17,1
2022/11/25,47,10,9,1
2022/11/26,34,12,9,1
2022/11/27,41,13,5,3
2022/11/28,52,19,9,3
2022/11/29,60,35,16,1
2022/11/30,78,29,13,
2022/12/1,75,26,11,
2022/12/2,73,17,5,2
2022/12/3,57,20,5,1
2022/12/4,64,13,7,
2022/12/5,50,6,7,
2022/12/6,23,10,9,
2022/12/7,34,13,7,
2022/12/8,50,10,9,
2022/12/9,39,15,8,
2022/12/10,53,12,6,
2022/12/11,44,12,7,
2022/12/12,43,21,13,
2022/12/13,57,22,7,2
2022/12/14,67,40,12,
2022/12/15,104,17,11,
2022/12/16,53,21,9,1
2022/12/17,64,22,10,
2022/12/18,67,21,8,2
2022/12/19,69,22,5,2
2022/12/20,68,18,6,
2022/12/21,60,19,9,
2022/12/22,60,15,11,
2022/12/23,52,3,5,
2022/12/24,9,13,10,
2022/12/25,43,20,7,1
2022/12/26,63,5,6,
2022/12/27,12,21,16,
2022/12/28,57,20,10,
2022/12/29,66,31,11,
2022/12/30,78,25,7,
2022/12/31,75,39,8,
2023/1/1,100,14,7,
2022/7/1,27,6,3,
2022/7/2,12,10,9,
2022/7/3,23,14,9,
2022/7/4,25,8,5,
2022/7/5,22,12,7,
2022/7/6,25,11,7,
2022/7/7,26,10,3,
2022/7/8,20,7,2,
2022/7/9,16,7,2,
2022/7/10,14,11,3,
2022/7/11,15,12,8,
2022/7/12,15,8,3,
2022/7/13,12,14,6,1
2022/7/14,18,11,5,
2022/7/15,20,11,7,
2022/7/16,18,9,8,
2022/7/17,12,20,9,
2022/7/18,17,20,11,
2022/7/19,22,24,8,1
2022/7/20,26,24,7,
2022/7/21,32,19,8,
2022/7/22,33,14,5,
2022/7/23,27,10,5,
2022/7/24,23,17,7,1
2022/7/25,33,15,6,
2022/7/26,39,14,9,1
2022/7/27,32,14,8,1
2022/7/28,25,16,9,1
2022/7/29,34,6,2,
2022/7/30,17,9,2,1
2022/7/31,25,12,8,1
2022/8/1,24,10,7,1
2022/8/2,13,15,11,1
2022/8/3,20,18,11,1
2022/8/4,25,18,14,1
2022/8/5,26,9,3,1
2022/8/6,19,9,5,1
2022/8/7,22,13,12,1
2022/8/8,24,20,7,1
2022/8/9,20,26,7,1
2022/8/10,23,27,9,1
2022/8/11,25,16,7,1
2022/8/12,15,14,5,1
2022/8/13,28,12,6,1
2022/8/14,29,13,8,1
2022/8/15,28,13,3,1
2022/8/16,16,28,13,1
2022/8/17,27,27,8,1
2022/8/18,34,25,8,1
2022/8/19,37,4,2,1
2022/8/20,9,5,2,1
2022/8/21,11,3,4,1
2022/8/22,8,3,3,1
2022/8/23,9,13,6,1
2022/8/24,24,24,9,
2022/8/25,46,26,13,1
2022/8/26,47,15,8,1
2022/8/27,29,7,4,
2022/8/28,19,16,8,
2022/8/29,28,18,9,
2022/8/30,28,16,10,
2022/8/31,25,20,6,
2022/9/1,18,16,10,
2022/9/2,17,10,5,
2022/9/3,20,7,5,
2022/9/4,21,19,8,1
2022/9/5,38,20,9,1
2022/9/6,38,18,7,
2022/9/7,37,12,6,
2022/9/8,27,7,8,
2022/9/9,11,4,2,
2022/9/10,10,3,3,
2022/9/11,10,9,6,
2022/9/12,19,12,7,
2022/9/13,23,16,14,1
2022/9/14,35,5,5,
2022/9/15,12,8,4,
2022/9/16,22,5,3,
2022/9/17,13,2,1,
2022/9/18,5,2,2,
2022/9/19,9,4,5,
2022/9/20,10,7,6,
2022/9/21,15,12,8,
2022/9/22,18,13,12,
2022/9/23,26,19,10,
2022/9/24,44,15,10,
2022/9/25,47,11,7,
2022/9/26,34,7,8,
2022/9/27,24,5,5,
2022/9/28,9,10,8,
2022/9/29,21,11,11,1
2022/9/30,31,11,5,
2022/4/1,49,20,6,1
2022/4/2,59,15,5,1
2022/4/3,43,14,6,1
2022/4/4,46,6,3,1
2022/4/5,20,8,5,1
2022/4/6,20,5,3,1
2022/4/7,12,8,4,1
2022/4/8,17,6,4,
2022/4/9,18,6,4,
2022/4/10,19,10,7,1
2022/4/11,28,19,11,1
2022/4/12,44,17,13,6
2022/4/13,47,18,10,4
2022/4/14,39,17,9,1
2022/4/15,46,7,4,
2022/4/16,21,11,5,1
2022/4/17,36,15,12,1
2022/4/18,48,15,9,1
2022/4/19,45,27,12,1
2022/4/20,62,24,13,2
2022/4/21,61,21,12,1
2022/4/22,59,21,5,1
2022/4/23,65,9,5,1
2022/4/24,25,7,5,1
2022/4/25,17,24,11,1
2022/4/26,51,15,10,1
2022/4/27,31,27,11,1
2022/4/28,42,29,14,1
2022/4/29,46,19,11,3
2022/4/30,49,16,12,1
2022/5/1,50,19,9,1
2022/5/2,46,16,8,1
2022/5/3,36,21,10,1
2022/5/4,45,16,10,1
2022/5/5,36,26,13,1
2022/5/6,54,21,6,1
2022/5/7,60,21,9,1
2022/5/8,58,21,8,1
2022/5/9,47,23,12,2
2022/5/10,43,18,6,1
2022/5/11,45,25,7,1
2022/5/12,40,9,3,1
2022/5/13,23,13,6,
2022/5/14,23,14,8,1
2022/5/15,30,24,9,1
2022/5/16,41,10,4,
2022/5/17,26,19,9,1
2022/5/18,27,16,6,2
2022/5/19,21,18,8,1
2022/5/20,26,11,3,1
2022/5/21,27,8,4,1
2022/5/22,18,11,8,7
2022/5/23,27,15,7,1
2022/5/24,35,6,5,
2022/5/25,13,5,2,
2022/5/26,12,6,3,
2022/5/27,10,6,4,
2022/5/28,13,5,6,1
2022/5/29,12,5,4,2
2022/5/30,10,7,5,1
2022/5/31,12,5,4,
2022/6/1,12,9,7,
2022/6/2,18,10,7,
2022/6/3,22,5,3,
2022/6/4,12,10,4,1
2022/6/5,26,7,3,
2022/6/6,17,12,9,
2022/6/7,29,9,6,
2022/6/8,18,6,3,
2022/6/9,15,9,5,
2022/6/10,25,11,5,
2022/6/11,24,12,8,
2022/6/12,31,14,5,
2022/6/13,27,13,6,
2022/6/14,21,15,7,
2022/6/15,35,11,4,
2022/6/16,31,14,6,
2022/6/17,29,9,3,
2022/6/18,19,11,2,
2022/6/19,24,19,5,1
2022/6/20,38,12,5,
2022/6/21,19,18,7,
2022/6/22,30,15,9,
2022/6/23,31,17,5,
2022/6/24,36,4,3,
2022/6/25,9,8,7,
2022/6/26,21,15,7,
2022/6/27,30,11,5,
2022/6/28,20,17,6,
2022/6/29,34,15,9,
2022/6/30,25,17,6,
2022/1/3,15,14,9,
2022/1/4,43,4,6,
2022/1/5,11,6,5,
2022/1/6,18,11,10,1
2022/1/7,36,20,8,
2022/1/8,62,30,11,
2022/1/9,84,23,13,
2022/1/10,68,27,8,1
2022/1/11,69,27,10,
2022/1/12,69,17,8,
2022/1/13,47,8,7,
2022/1/14,23,9,7,
2022/1/15,31,,,
2022/1/17,26,12,9,
2022/1/18,33,25,19,
2022/1/19,63,6,5,
2022/1/20,26,8,5,
2022/1/21,18,6,8,
2022/1/22,19,12,9,
2022/1/23,42,23,10,1
2022/1/24,64,22,11,
2022/1/25,67,19,9,
2022/1/26,57,17,8,
2022/1/27,52,5,5,
2022/1/28,15,7,5,
2022/1/29,23,5,2,
2022/1/30,14,9,9,
2022/1/31,24,9,6,
2022/2/1,28,4,6,
2022/2/2,10,8,7,
2022/2/3,20,17,15,
2022/2/4,50,5,6,
2022/2/5,18,9,7,
2022/2/6,33,4,4,
2022/2/7,11,6,5,
2022/2/8,18,6,7,
2022/2/9,29,13,13,
2022/2/10,38,13,10,
2022/2/11,35,9,6,2
2022/2/12,33,11,3,1
2022/2/13,43,24,14,4
2022/2/14,63,25,15,1
2022/2/15,62,7,6,
2022/2/16,27,4,3,
2022/2/17,11,9,7,
2022/2/18,28,5,3,
2022/2/19,17,6,4,
2022/2/20,20,8,5,
2022/2/21,24,6,6,
2022/2/22,13,8,7,
2022/2/23,20,12,10,4
2022/2/24,33,8,7,
2022/2/25,28,9,6,
2022/2/26,27,21,7,1
2022/2/27,66,20,12,1
2022/2/28,50,27,16,1
2022/3/1,62,33,20,1
2022/3/2,64,34,17,1
2022/3/3,70,27,11,
2022/3/4,67,18,8,
2022/3/5,56,24,8,1
2022/3/6,72,30,8,
2022/3/7,67,24,9,
2022/3/8,57,23,12,
2022/3/9,54,25,12,1
2022/3/10,56,17,8,1
2022/3/11,46,17,9,4
2022/3/12,48,18,10,7
2022/3/13,56,26,9,5
2022/3/14,61,35,11,2
2022/3/15,71,27,10,
2022/3/16,73,44,16,1
2022/3/17,101,41,15,
2022/3/18,96,41,11,2
2022/3/19,96,20,7,3
2022/3/20,59,21,13,2
2022/3/21,54,39,22,1
2022/3/22,73,44,21,1
2022/3/23,74,52,22,
2022/3/24,79,51,21,1
2022/3/25,79,41,16,1
2022/3/26,74,19,7,1
2022/3/27,49,35,16,2
2022/3/28,62,38,11,
2022/3/29,62,45,11,1
2022/3/30,75,29,13,
2022/3/31,73,14,8,
2021/10/1,30,19,5,3
2021/10/2,55,18,5,3
2021/10/3,52,21,11,
2021/10/4,44,17,4,1
2021/10/5,43,11,8,
2021/10/6,28,11,11,
2021/10/7,36,36,11,1
2021/10/8,68,33,10,1
2021/10/9,67,27,9,
2021/10/10,63,27,8,1
2021/10/11,60,15,6,
2021/10/12,45,9,7,
2021/10/13,25,10,6,
2021/10/14,34,11,6,
2021/10/15,28,14,10,
2021/10/16,37,19,12,3
2021/10/17,53,22,17,
2021/10/18,49,28,14,1
2021/10/19,61,26,11,6
2021/10/20,65,24,8,
2021/10/21,53,5,4,1
2021/10/22,14,10,6,
2021/10/23,26,11,8,1
2021/10/24,35,11,4,1
2021/10/25,30,25,13,1
2021/10/26,64,28,16,1
2021/10/27,63,33,10,8
2021/10/28,82,36,11,6
2021/10/29,88,45,7,6
2021/10/30,111,38,7,5
2021/10/31,101,35,8,4
2021/11/1,93,9,12,1
2021/11/2,24,13,8,2
2021/11/3,42,9,4,1
2021/11/4,36,9,8,1
2021/11/5,23,14,13,1
2021/11/6,41,19,10,1
2021/11/7,56,13,11,1
2021/11/8,34,14,10,2
2021/11/9,36,15,7,8
2021/11/10,53,26,6,5
2021/11/11,75,20,7,2
2021/11/12,63,20,5,2
2021/11/13,65,18,7,2
2021/11/14,57,29,12,2
2021/11/15,75,27,8,4
2021/11/16,77,21,11,3
2021/11/17,56,11,7,2
2021/11/18,40,11,6,1
2021/11/19,39,11,7,
2021/11/20,40,19,8,
2021/11/21,62,24,10,
2021/11/22,61,20,14,
2021/11/23,46,20,15,2
2021/11/24,54,29,10,4
2021/11/25,80,18,12,
2021/11/26,55,14,10,3
2021/11/27,49,13,9,
2021/11/28,47,13,8,
2021/11/29,45,6,4,
2021/11/30,18,6,9,
2021/12/1,26,5,7,
2021/12/2,13,12,9,
2021/12/3,36,12,6,1
2021/12/4,45,13,8,
2021/12/5,45,17,11,
2021/12/6,52,26,12,
2021/12/7,67,20,9,3
2021/12/8,63,24,17,1
2021/12/9,70,16,13,2
2021/12/10,54,23,10,
2021/12/11,69,12,7,
2021/12/12,41,6,12,
2021/12/13,23,19,13,
2021/12/14,57,12,12,
2021/12/15,43,9,8,
2021/12/16,33,15,8,
2021/12/17,40,13,6,
2021/12/18,45,9,5,
2021/12/19,33,9,7,
2021/12/20,19,22,16,
2021/12/21,47,30,17,
2021/12/22,73,36,13,
2021/12/23,94,11,5,
2021/12/24,31,10,5,
2021/12/25,32,30,8,
2021/12/26,80,23,11,2
2021/12/27,69,14,6,1
2021/12/28,50,17,11,
2021/12/29,56,17,13,
2021/12/30,54,7,6,
2021/12/31,23,6,4,
2022/1/1,21,14,10,
2022/1/2,47,5,5,
2021/7/1,9,10,4,1
2021/7/2,23,9,5,1
2021/7/3,23,11,6,1
2021/7/4,31,9,5,
2021/7/5,17,15,9,2
2021/7/6,21,19,6,1
2021/7/7,24,23,6,3
2021/7/8,34,9,4,1
2021/7/9,13,9,5,1
2021/7/10,17,10,6,1
2021/7/11,22,9,8,1
2021/7/12,23,22,6,1
2021/7/13,42,14,6,1
2021/7/14,28,14,7,1
2021/7/15,18,23,5,1
2021/7/16,27,17,6,
2021/7/17,47,12,3,
2021/7/18,29,20,7,1
2021/7/19,29,24,7,1
2021/7/20,41,24,9,1
2021/7/21,35,26,9,1
2021/7/22,40,24,11,1
2021/7/23,42,22,8,2
2021/7/24,47,13,4,1
2021/7/25,36,15,6,1
2021/7/26,35,14,6,1
2021/7/27,24,17,7,
2021/7/28,33,9,6,
2021/7/29,18,17,9,
2021/7/30,32,8,5,
2021/7/31,20,7,3,
2021/8/1,23,6,4,
2021/8/2,14,13,7,
2021/8/3,18,10,6,
2021/8/4,17,4,5,
2021/8/5,16,8,5,
2021/8/6,21,9,4,
2021/8/7,21,4,4,
2021/8/8,11,9,6,
2021/8/9,16,10,5,
2021/8/10,20,20,10,
2021/8/11,25,23,11,
2021/8/12,34,20,9,
2021/8/13,38,22,8,
2021/8/14,49,20,6,
2021/8/15,44,14,8,
2021/8/16,34,7,4,
2021/8/17,15,7,3,
2021/8/18,21,10,6,
2021/8/19,24,13,11,
2021/8/20,28,13,8,
2021/8/21,33,14,5,
2021/8/22,37,5,2,
2021/8/23,15,6,4,
2021/8/24,17,11,6,
2021/8/25,27,9,5,
2021/8/26,27,5,4,
2021/8/27,14,4,3,
2021/8/28,13,6,2,
2021/8/29,19,7,4,
2021/8/30,15,7,3,
2021/8/31,20,13,4,
2021/9/1,29,16,9,
2021/9/2,36,16,12,
2021/9/3,38,15,13,
2021/9/4,37,17,8,
2021/9/5,45,19,11,
2021/9/6,37,25,13,
2021/9/7,47,22,7,1
2021/9/8,42,20,5,2
2021/9/9,29,19,11,2
2021/9/10,31,20,13,1
2021/9/11,49,13,9,
2021/9/12,40,18,13,
2021/9/13,38,24,15,
2021/9/14,48,37,15,
2021/9/15,62,19,6,
2021/9/16,39,10,5,
2021/9/17,25,11,5,
2021/9/18,33,7,4,
2021/9/19,23,16,9,
2021/9/20,32,21,9,
2021/9/21,38,13,6,
2021/9/22,41,13,7,
2021/9/23,34,10,5,
2021/9/24,25,11,8,
2021/9/25,29,21,10,1
2021/9/26,55,18,13,
2021/9/27,47,19,10,1
2021/9/28,49,19,7,1
2021/9/29,50,12,10,1
2021/9/30,21,11,8,2
2021/4/1,63,29,6,
2021/4/2,69,12,4,
2021/4/3,33,10,6,
2021/4/4,32,10,3,
2021/4/5,29,11,5,
2021/4/6,22,9,5,
2021/4/7,29,10,4,
2021/4/8,34,19,6,
2021/4/9,46,17,7,4
2021/4/10,42,9,3,2
2021/4/11,24,15,10,
2021/4/12,34,11,6,
2021/4/13,41,15,6,
2021/4/14,42,14,7,
2021/4/15,34,13,6,
2021/4/16,45,20,5,
2021/4/17,64,20,5,
2021/4/18,66,28,9,
2021/4/19,77,22,7,
2021/4/20,62,18,7,
2021/4/21,49,24,10,
2021/4/22,56,21,7,
2021/4/23,45,21,9,1
2021/4/24,57,20,7,
2021/4/25,51,20,6,
2021/4/26,41,29,8,
2021/4/27,68,20,6,2
2021/4/28,59,40,9,1
2021/4/29,68,15,6,1
2021/4/30,37,22,4,1
2021/5/1,55,10,3,
2021/5/2,32,16,5,1
2021/5/3,43,14,6,1
2021/5/4,30,22,9,1
2021/5/5,33,7,5,
2021/5/6,16,9,7,
2021/5/7,17,8,4,1
2021/5/8,23,8,4,3
2021/5/9,20,13,10,9
2021/5/10,24,14,5,1
2021/5/11,24,8,5,
2021/5/12,23,3,2,1
2021/5/13,9,8,5,1
2021/5/14,18,8,6,1
2021/5/15,25,4,1,
2021/5/16,12,4,5,
2021/5/17,13,5,4,
2021/5/18,10,10,9,
2021/5/19,18,9,5,1
2021/5/20,22,7,6,
2021/5/21,13,5,4,
2021/5/22,13,6,4,
2021/5/23,17,5,3,
2021/5/24,15,6,6,
2021/5/25,16,8,5,
2021/5/26,15,7,6,
2021/5/27,15,11,8,
2021/5/28,21,10,5,
2021/5/29,22,10,4,
2021/5/30,27,22,9,
2021/5/31,35,34,12,
2021/6/1,37,19,9,1
2021/6/2,33,18,6,
2021/6/3,37,23,7,
2021/6/4,46,21,6,
2021/6/5,48,7,2,
2021/6/6,16,26,10,1
2021/6/7,38,37,11,
2021/6/8,51,37,9,
2021/6/9,48,25,7,
2021/6/10,35,18,6,
2021/6/11,29,13,3,
2021/6/12,31,15,3,
2021/6/13,26,24,8,
2021/6/14,34,30,10,1
2021/6/15,42,29,10,
2021/6/16,42,19,9,1
2021/6/17,35,18,6,1
2021/6/18,34,19,7,1
2021/6/19,40,18,5,1
2021/6/20,45,160,12,2
2021/6/21,88,36,8,
2021/6/22,39,41,8,
2021/6/23,51,43,11,
2021/6/24,66,10,5,
2021/6/25,22,7,5,
2021/6/26,18,12,7,
2021/6/27,29,22,10,1
2021/6/28,37,23,8,1
2021/6/29,40,10,4,1
2021/6/30,14,6,4,1
2021/1/4,79,36,14,
2021/1/5,99,18,7,
2021/1/6,62,14,10,
2021/1/7,49,19,9,
2021/1/8,62,18,8,
2021/1/9,61,26,14,
2021/1/10,75,30,20,
2021/1/11,77,27,13,
2021/1/12,78,8,6,
2021/1/13,24,7,8,
2021/1/14,24,16,10,
2021/1/15,52,12,5,
2021/1/16,40,16,5,
2021/1/17,47,37,14,
2021/1/18,71,11,9,
2021/1/19,25,16,15,
2021/1/20,43,30,20,
2021/1/21,78,24,19,
2021/1/22,59,6,5,1
2021/1/23,20,7,5,
2021/1/24,31,19,13,
2021/1/25,39,15,7,
2021/1/26,46,19,12,
2021/1/27,52,18,15,
2021/1/28,56,7,7,
2021/1/29,32,10,4,
2021/1/30,29,21,6,
2021/1/31,60,30,12,1
2021/2/1,80,30,9,1
2021/2/2,89,26,10,
2021/2/3,79,19,12,
2021/2/4,29,29,17,
2021/2/5,61,,,
2021/2/8,83,30,15,
2021/2/9,86,35,13,
2021/2/10,100,22,9,1
2021/2/11,62,30,9,
2021/2/12,48,18,7,
2021/2/13,52,13,7,
2021/2/14,40,38,19,
2021/2/15,58,28,11,
2021/2/16,79,21,12,1
2021/2/17,54,27,15,1
2021/2/18,47,36,12,
2021/2/19,98,47,11,
2021/2/20,130,35,8,1
2021/2/21,101,42,14,1
2021/2/22,107,49,13,
2021/2/23,102,58,18,1
2021/2/24,117,73,22,1
2021/2/25,139,62,14,
2021/2/26,107,13,5,
2021/2/27,42,18,9,
2021/2/28,51,40,16,
2021/3/1,73,37,19,
2021/3/2,84,,20,
2020/10/1,52,18,7,
2020/10/2,52,11,2,
2020/10/3,34,4,1,
2020/10/4,14,5,6,
2020/10/5,14,15,12,
2020/10/6,33,8,6,
2020/10/7,20,11,8,
2020/10/8,25,13,12,
2020/10/9,26,14,6,
2020/10/10,41,,,
2020/10/12,41,9,7,
2020/10/13,33,4,3,
2020/10/14,14,14,10,
2020/10/15,31,14,9,
2020/10/16,50,,,
2020/10/18,63,19,11,
2020/10/19,53,18,6,2
2020/10/20,55,34,11,1
2020/10/21,84,41,16,
2020/10/22,90,41,12,
2020/10/23,99,18,9,
2020/10/24,52,17,6,
2020/10/25,55,13,5,1
2020/10/26,43,5,7,1
2020/10/27,17,16,11,1
2020/10/28,40,8,8,
2020/10/29,25,5,7,
2020/10/30,18,12,9,1
2020/10/31,32,17,6,1
2020/11/1,55,18,8,
2020/11/2,48,46,13,1
2020/11/3,80,18,6,1
2020/11/4,37,23,8,1
2020/11/5,55,40,13,1
2020/11/6,86,27,11,2
2020/11/7,76,36,9,1
2020/11/8,95,30,9,2
2020/11/9,82,22,8,2
2020/11/10,68,19,5,1
2020/11/11,62,18,5,1
2020/11/12,58,22,6,1
2020/11/13,66,23,5,1
2020/11/14,70,12,3,
2020/11/15,46,17,10,
2020/11/16,49,12,12,1
2020/11/17,33,19,10,2
2020/11/18,50,17,6,2
2020/11/19,59,11,6,
2020/11/20,29,18,8,
2020/11/21,58,18,11,1
2020/11/22,56,32,13,
2020/11/23,77,28,11,
2020/11/24,80,23,6,
2020/11/25,74,29,10,
2020/11/26,81,31,13,
2020/11/27,82,18,10,
2020/11/28,60,14,7,
2020/11/29,51,21,11,2
2020/11/30,62,29,8,3
2020/12/1,86,29,11,3
2020/12/2,86,29,11,1
2020/12/3,84,21,10,4
2020/12/4,69,26,6,2
2020/12/5,79,19,4,1
2020/12/6,62,17,7,6
2020/12/7,59,18,6,4
2020/12/8,62,16,12,
2020/12/9,54,19,13,
2020/12/10,57,18,7,
2020/12/11,60,11,5,1
2020/12/12,46,18,9,
2020/12/13,61,20,11,
2020/12/14,62,19,5,
2020/12/15,64,20,8,2
2020/12/16,65,21,9,
2020/12/17,63,15,10,
2020/12/18,54,8,6,
2020/12/19,34,9,4,
2020/12/20,37,15,8,
2020/12/21,54,15,7,
2020/12/22,56,16,11,
2020/12/23,48,14,7,
2020/12/24,46,5,5,
2020/12/25,21,6,4,
2020/12/26,22,10,3,
2020/12/27,38,14,4,
2020/12/28,52,5,6,
2020/12/29,19,23,14,
2020/12/30,64,26,11,
2020/12/31,69,25,6,
2021/1/1,74,20,7,1
2021/1/2,66,17,8,1
2021/1/3,59,28,13,
2020/7/1,24,9,5,
2020/7/2,20,7,5,
2020/7/3,16,8,4,
2020/7/4,19,7,2,1
2020/7/5,17,11,5,
2020/7/6,20,10,5,
2020/7/7,17,11,6,
2020/7/8,20,14,4,1
2020/7/9,27,21,5,1
2020/7/10,43,9,4,
2020/7/11,23,8,3,
2020/7/12,20,13,8,
2020/7/13,23,14,5,1
2020/7/14,25,15,4,
2020/7/15,30,9,4,
2020/7/16,27,11,5,
2020/7/17,30,7,4,
2020/7/18,24,14,3,
2020/7/19,47,15,8,
2020/7/20,40,22,9,
2020/7/21,45,22,8,
2020/7/22,50,24,10,1
2020/7/23,49,25,10,1
2020/7/24,53,14,4,
2020/7/25,34,12,5,
2020/7/26,35,9,4,
2020/7/27,19,17,5,
2020/7/28,35,13,5,
2020/7/29,34,21,10,
2020/7/30,40,25,12,
2020/7/31,37,20,7,
2020/8/1,25,16,6,1
2020/8/2,35,11,8,
2020/8/3,37,11,5,
2020/8/4,38,9,5,
2020/8/5,26,19,7,1
2020/8/6,45,29,13,1
2020/8/7,59,25,12,1
2020/8/8,56,28,11,1
2020/8/9,63,30,9,1
2020/8/10,62,21,7,1
2020/8/11,49,20,8,1
2020/8/12,43,19,7,1
2020/8/13,49,15,4,1
2020/8/14,41,11,4,1
2020/8/15,35,10,3,1
2020/8/16,37,19,8,1
2020/8/17,55,9,4,1
2020/8/18,23,7,4,1
2020/8/19,17,15,12,1
2020/8/20,30,15,7,1
2020/8/21,39,12,5,1
2020/8/22,35,7,2,1
2020/8/23,18,9,4,1
2020/8/24,18,13,5,1
2020/8/25,21,14,6,1
2020/8/26,22,14,5,1
2020/8/27,22,16,6,2
2020/8/28,30,8,7,1
2020/8/29,17,11,2,1
2020/8/30,32,7,4,1
2020/8/31,14,5,5,1
2020/9/1,19,12,7,1
2020/9/2,27,14,9,1
2020/9/3,32,12,8,1
2020/9/4,27,12,4,1
2020/9/5,35,11,5,1
2020/9/6,40,17,7,1
2020/9/7,48,18,11,1
2020/9/8,42,15,8,
2020/9/9,41,21,10,
2020/9/10,47,23,9,
2020/9/11,44,24,8,
2020/9/12,56,21,12,
2020/9/13,53,26,12,
2020/9/14,55,24,9,
2020/9/15,51,36,11,2
2020/9/16,58,27,11,
2020/9/17,56,16,9,
2020/9/18,21,14,9,1
2020/9/19,27,20,7,2
2020/9/20,33,29,9,2
2020/9/21,51,33,9,4
2020/9/22,51,20,9,
2020/9/23,47,12,8,
2020/9/24,26,6,5,
2020/9/25,17,2,2,
2020/9/26,6,2,3,
2020/9/27,9,6,10,
2020/9/28,20,9,6,
2020/9/29,30,17,8,
2020/9/30,45,20,9,
2020/4/1,56,28,10,3
2020/4/2,62,32,10,
2020/4/3,66,24,7,
2020/4/4,62,20,7,
2020/4/5,56,35,8,1
2020/4/6,68,21,4,1
2020/4/7,42,24,8,1
2020/4/8,50,33,12,
2020/4/9,58,20,6,
2020/4/10,38,19,7,
2020/4/11,43,19,5,1
2020/4/12,49,18,4,
2020/4/13,43,13,4,
2020/4/14,32,14,8,
2020/4/15,35,22,13,2
2020/4/16,40,24,10,
2020/4/17,43,24,7,
2020/4/18,54,20,5,
2020/4/19,58,19,7,1
2020/4/20,34,23,9,1
2020/4/21,43,26,10,
2020/4/22,48,24,10,1
2020/4/23,47,28,11,
2020/4/24,51,24,3,
2020/4/25,41,14,5,
2020/4/26,34,22,7,1
2020/4/27,43,19,7,3
2020/4/28,44,8,3,
2020/4/29,23,6,2,
2020/4/30,11,4,1,
2020/5/1,10,5,1,
2020/5/2,15,7,3,
2020/5/3,20,10,7,1
2020/5/4,27,10,4,
2020/5/5,26,10,4,
2020/5/6,20,12,5,
2020/5/7,22,20,10,
2020/5/8,36,16,9,1
2020/5/9,35,14,4,1
2020/5/10,42,16,6,
2020/5/11,33,8,4,1
2020/5/12,15,13,6,1
2020/5/13,34,14,5,
2020/5/14,43,17,8,1
2020/5/15,59,15,4,
2020/5/16,52,20,9,1
2020/5/17,56,22,14,
2020/5/18,50,27,13,
2020/5/19,52,16,6,
2020/5/20,25,9,4,
2020/5/21,20,14,9,
2020/5/22,23,9,4,
2020/5/23,32,4,2,
2020/5/24,13,3,4,
2020/5/25,11,6,6,
2020/5/26,16,9,7,1
2020/5/27,22,10,10,
2020/5/28,22,8,6,
2020/5/29,20,6,5,
2020/5/30,11,3,3,
2020/5/31,11,6,4,
2020/6/1,12,10,6,
2020/6/2,14,5,6,
2020/6/3,12,7,6,1
2020/6/4,16,5,3,
2020/6/5,16,8,3,
2020/6/6,22,6,2,
2020/6/7,15,10,5,
2020/6/8,21,32,6,
2020/6/9,54,15,8,
2020/6/10,44,10,6,1
2020/6/11,30,14,9,
2020/6/12,34,17,6,
2020/6/13,42,9,3,
2020/6/14,25,4,3,
2020/6/15,11,20,6,
2020/6/16,44,25,7,
2020/6/17,57,6,2,
2020/6/18,15,8,4,
2020/6/19,18,5,2,
2020/6/20,17,6,2,
2020/6/21,20,10,4,
2020/6/22,20,13,5,
2020/6/23,21,11,6,
2020/6/24,19,10,6,
2020/6/25,25,11,5,
2020/6/26,32,12,5,
2020/6/27,37,10,3,
2020/6/28,28,7,7,
2020/6/29,19,7,3,
2020/6/30,15,10,5,1
2020/1/1,57,33,15,
2020/1/2,102,39,9,
2020/1/3,109,5,5,
2020/1/4,22,8,8,
2020/1/5,26,14,16,
2020/1/6,48,29,18,
2020/1/7,78,24,13,
2020/1/8,73,47,12,
2020/1/9,126,52,12,
2020/1/10,141,14,12,
2020/1/11,48,17,14,
2020/1/12,59,33,13,
2020/1/13,90,23,5,
2020/1/14,74,24,7,
2020/1/15,77,44,14,
2020/1/16,104,25,9,
2020/1/17,79,24,10,
2020/1/18,72,17,9,
2020/1/19,60,17,16,
2020/1/20,59,29,19,
2020/1/21,83,23,14,
2020/1/22,67,20,14,
2020/1/23,61,30,8,1
2020/1/24,89,29,9,
2020/1/25,84,22,5,
2020/1/26,71,26,11,
2020/1/27,71,18,11,
2020/1/28,60,3,8,
2020/1/29,12,12,14,
2020/1/30,34,5,8,
2020/1/31,25,6,5,
2020/2/1,22,2,2,
2020/2/2,9,1,2,
2020/2/3,6,4,7,
2020/2/4,16,7,5,
2020/2/5,16,12,9,
2020/2/6,40,17,11,
2020/2/7,57,15,9,11
2020/2/8,56,24,8,1
2020/2/9,74,16,10,1
2020/2/10,43,2,3,
2020/2/11,9,3,4,
2020/2/12,11,8,7,
2020/2/13,25,4,6,
2020/2/14,15,9,6,1
2020/2/15,38,14,5,1
2020/2/16,52,27,13,1
2020/2/17,73,5,8,
2020/2/18,16,6,11,
2020/2/19,20,8,8,
2020/2/20,26,6,10,
2020/2/21,24,8,9,
2020/2/22,27,3,1,
2020/2/23,11,4,6,
2020/2/24,13,10,9,
2020/2/25,28,3,4,
2020/2/26,10,5,4,
2020/2/27,20,5,7,
2020/2/28,19,7,8,2
2020/2/29,27,13,9,1
2020/3/1,46,3,3,
2020/3/2,14,5,5,
2020/3/3,20,11,8,
2020/3/4,35,9,9,
2020/3/5,32,5,7,
2020/3/6,18,8,4,
2020/3/7,33,12,7,
2020/3/8,43,18,14,
2020/3/9,53,7,5,
2020/3/10,26,2,3,
2020/3/11,9,8,7,
2020/3/12,20,4,7,
2020/3/13,14,8,5,
2020/3/14,26,9,5,
2020/3/15,36,12,7,2
2020/3/16,40,33,19,1
2020/3/17,71,24,12,
2020/3/18,64,35,15,1
2020/3/19,80,39,15,
2020/3/20,79,16,4,
2020/3/21,55,9,3,
2020/3/22,33,17,4,
2020/3/23,49,26,6,
2020/3/24,70,22,7,
2020/3/25,64,27,9,
2020/3/26,66,63,14,
2020/3/27,94,45,10,
2020/3/28,81,49,5,1
2020/3/29,110,,,
2019/10/2,21,6,7,
2019/10/3,20,7,9,1
2019/10/4,19,3,4,
2019/10/5,11,12,6,
2019/10/6,45,12,6,
2019/10/7,61,23,13,
2019/10/8,34,10,6,
2019/10/9,48,19,9,
2019/10/10,10,3,7,
2019/10/11,17,6,7,
2019/10/12,58,18,9,
2019/10/13,71,25,6,1
2019/10/14,67,23,11,1
2019/10/15,57,20,5,
2019/10/16,30,12,11,1
2019/10/17,47,17,11,
2019/10/18,63,24,13,
2019/10/19,75,26,11,
2019/10/20,69,23,12,1
2019/10/21,64,26,15,1
2019/10/22,78,35,16,9
2019/10/23,82,32,12,2
2019/10/24,85,34,8,
2019/10/25,53,21,14,1
2019/10/26,81,33,14,
2019/10/27,60,22,13,
2019/10/28,44,15,13,
2019/10/29,57,21,13,
2019/10/30,68,26,16,
2019/10/31,83,30,14,1
2019/11/1,59,18,6,2
2019/11/2,75,25,8,1
2019/11/3,26,7,3,
2019/11/4,15,4,8,
2019/11/5,36,11,14,
2019/11/6,21,5,12,3
2019/11/7,35,10,12,1
2019/11/8,54,15,5,
2019/11/9,33,9,8,
2019/11/10,55,15,9,1
2019/11/11,51,15,8,1
2019/11/12,56,17,13,
2019/11/13,28,6,10,1
2019/11/14,32,9,13,1
2019/11/15,61,18,7,1
2019/11/16,38,11,4,3
2019/11/17,64,20,8,7
2019/11/18,56,18,13,11
2019/11/19,47,14,11,1
2019/11/20,82,34,15,2
2019/11/21,51,14,6,3
2019/11/22,60,17,7,5
2019/11/23,52,13,6,6
2019/11/24,61,17,9,2
2019/11/25,64,20,7,1
2019/11/26,58,18,10,1
2019/11/27,60,18,9,
2019/11/28,59,18,12,
2019/11/29,9,2,5,
2019/11/30,28,8,11,2
2019/12/1,53,14,12,
2019/12/2,65,21,11,
2019/12/3,65,30,16,5
2019/12/4,74,24,16,6
2019/12/5,77,24,6,1
2019/12/6,87,29,6,1
2019/12/7,58,17,10,1
2019/12/8,56,17,9,
2019/12/9,69,23,15,
2019/12/10,31,11,11,2
2019/12/11,54,18,18,1
2019/12/12,74,27,19,1
2019/12/13,65,20,14,
2019/12/14,55,16,12,
2019/12/15,54,16,12,1
2019/12/16,93,36,15,1
2019/12/17,86,33,18,1
2019/12/18,89,36,19,2
2019/12/19,72,24,15,3
2019/12/20,63,22,6,
2019/12/21,26,8,10,
2019/12/22,43,11,14,
2019/12/23,13,3,6,
2019/12/24,29,6,9,
2019/12/25,14,3,3,
2019/12/26,23,6,9,
2019/12/27,31,7,7,
2019/12/28,17,5,4,
2019/12/29,33,7,4,
2019/7/1,42,18,10,1
2019/7/2,37,19,7,
2019/7/3,26,18,9,1
2019/7/4,24,18,9,1
2019/7/5,30,14,6,
2019/7/6,24,8,4,
2019/7/7,28,12,5,
2019/7/8,28,14,7,
2019/7/9,20,15,7,
2019/7/10,23,13,9,
2019/7/11,23,6,7,
2019/7/12,20,5,7,
2019/7/13,20,9,5,
2019/7/14,28,11,9,1
2019/7/15,28,16,11,1
2019/7/16,40,20,10,1
2019/7/17,41,14,10,1
2019/7/18,30,16,10,1
2019/7/19,38,15,9,2
2019/7/20,38,10,9,1
2019/7/21,33,12,11,1
2019/7/22,26,20,11,1
2019/7/23,28,21,12,2
2019/7/24,37,24,15,2
2019/7/25,35,29,15,2
2019/7/26,44,13,8,1
2019/7/27,39,11,8,2
2019/7/28,39,11,8,1
2019/7/29,36,11,4,1
2019/7/30,39,15,6,1
2019/7/31,38,11,9,1
2019/8/1,29,20,14,
2019/8/2,37,8,5,
2019/8/3,26,7,4,
2019/8/4,22,14,12,1
2019/8/5,31,11,12,
2019/8/6,31,14,10,
2019/8/7,34,4,6,
2019/8/8,13,10,11,
2019/8/9,25,13,8,
2019/8/10,33,6,6,2
2019/8/11,17,9,6,
2019/8/12,23,7,6,
2019/8/13,20,8,6,
2019/8/14,20,7,7,1
2019/8/15,23,5,5,
2019/8/16,16,8,10,2
2019/8/17,23,8,7,1
2019/8/18,23,9,8,1
2019/8/19,21,11,8,
2019/8/20,22,7,6,
2019/8/21,14,17,9,
2019/8/22,40,21,13,
2019/8/23,42,19,10,1
2019/8/24,52,11,7,
2019/8/25,41,18,12,2
2019/8/26,54,22,9,2
2019/8/27,63,22,7,1
2019/8/28,58,23,10,
2019/8/29,59,14,13,
2019/8/30,32,19,11,3
2019/8/31,52,18,6,
2019/9/1,51,8,7,
2019/9/2,30,12,10,
2019/9/3,30,10,10,2
2019/9/4,26,14,13,1
2019/9/5,32,12,9,
2019/9/6,28,10,7,
2019/9/7,38,8,6,
2019/9/8,31,2,3,
2019/9/9,11,5,8,1
2019/9/10,16,10,14,5
2019/9/11,26,10,7,
2019/9/12,30,11,10,
2019/9/13,21,9,9,
2019/9/14,22,10,10,1
2019/9/15,31,14,10,
2019/9/16,37,13,10,
2019/9/17,27,12,9,
2019/9/18,20,13,9,
2019/9/19,22,16,14,
2019/9/20,31,9,9,2
2019/9/21,26,10,10,6
2019/9/22,29,13,9,1
2019/9/23,35,18,11,
2019/9/24,44,13,10,
2019/9/25,36,6,8,
2019/9/26,17,6,7,
2019/9/27,17,5,7,
2019/9/28,18,6,4,
2019/9/29,19,9,4,
2019/9/30,15,5,4,
2019/4/1,64,25,12,4
2019/4/2,57,36,11,6
2019/4/3,71,22,5,1
2019/4/4,58,31,12,2
2019/4/5,71,6,5,1
2019/4/6,22,18,9,3
2019/4/7,60,39,14,1
2019/4/8,88,32,8,1
2019/4/9,77,44,12,1
2019/4/10,98,34,9,
2019/4/11,77,29,7,
2019/4/12,70,26,6,
2019/4/13,71,27,7,1
2019/4/14,81,35,11,1
2019/4/15,73,34,16,1
2019/4/16,71,28,11,1
2019/4/17,62,22,14,1
2019/4/18,53,26,15,1
2019/4/19,56,24,13,1
2019/4/20,52,22,12,1
2019/4/21,48,18,7,1
2019/4/22,43,21,10,2
2019/4/23,61,23,6,3
2019/4/24,58,24,7,1
2019/4/25,45,33,7,1
2019/4/26,50,6,3,1
2019/4/27,21,5,3,
2019/4/28,16,9,8,
2019/4/29,35,11,10,1
2019/4/30,36,20,4,1
2019/5/1,61,19,8,1
2019/5/2,50,9,7,1
2019/5/3,32,16,7,1
2019/5/4,56,7,4,
2019/5/5,31,11,8,
2019/5/6,31,17,11,1
2019/5/7,42,15,9,1
2019/5/8,48,6,8,1
2019/5/9,21,3,3,1
2019/5/10,9,5,7,1
2019/5/11,16,4,4,1
2019/5/12,14,9,7,
2019/5/13,23,12,7,1
2019/5/14,27,6,8,
2019/5/15,24,7,8,
2019/5/16,25,11,7,2
2019/5/17,41,16,7,2
2019/5/18,57,16,9,1
2019/5/19,56,7,6,
2019/5/20,27,8,8,
2019/5/21,21,7,5,
2019/5/22,24,9,6,
2019/5/23,28,14,11,
2019/5/24,35,16,12,
2019/5/25,48,10,6,
2019/5/26,37,18,8,1
2019/5/27,50,8,7,
2019/5/28,32,10,10,
2019/5/29,34,10,6,
2019/5/30,28,12,9,
2019/5/31,27,10,6,
2019/6/1,33,15,8,
2019/6/2,39,17,14,1
2019/6/3,38,21,10,4
2019/6/4,44,19,11,7
2019/6/5,44,16,9,2
2019/6/6,46,13,7,3
2019/6/7,36,11,4,1
2019/6/8,25,10,5,1
2019/6/9,23,14,5,2
2019/6/10,37,17,8,3
2019/6/11,48,18,6,2
2019/6/12,42,23,8,1
2019/6/13,48,24,8,1
2019/6/14,52,21,4,1
2019/6/15,49,13,3,
2019/6/16,36,17,8,1
2019/6/17,32,17,10,1
2019/6/18,35,19,8,1
2019/6/19,48,17,7,
2019/6/20,47,7,6,
2019/6/21,17,13,6,1
2019/6/22,37,15,5,
2019/6/23,46,16,8,1
2019/6/24,31,17,7,1
2019/6/25,47,17,4,
2019/6/26,41,25,8,1
2019/6/27,45,21,8,
2019/6/28,31,15,9,1
2019/6/29,29,14,5,1
2019/6/30,31,26,11,1
2019/1/1,50,2,4,1
2019/1/2,7,5,7,1
2019/1/3,10,11,8,1
2019/1/4,32,2,7,1
2019/1/5,11,3,4,1
2019/1/6,14,17,11,1
2019/1/7,57,9,9,1
2019/1/8,30,2,8,1
2019/1/9,9,13,10,1
2019/1/10,53,7,7,1
2019/1/11,26,6,6,1
2019/1/12,25,1,3,1
2019/1/13,5,3,6,1
2019/1/14,9,4,5,1
2019/1/15,14,14,13,1
2019/1/16,35,27,19,1
2019/1/17,69,11,10,1
2019/1/18,25,28,16,1
2019/1/19,76,32,11,1
2019/1/20,84,59,23,2
2019/1/21,133,56,19,1
2019/1/22,142,52,17,1
2019/1/23,138,44,14,2
2019/1/24,113,37,13,2
2019/1/25,95,9,8,1
2019/1/26,34,30,14,1
2019/1/27,87,18,14,2
2019/1/28,53,12,12,1
2019/1/29,38,24,18,4
2019/1/30,72,30,13,2
2019/1/31,87,28,13,7
2019/2/1,84,,,
2019/2/4,45,29,20,1
2019/2/5,72,34,21,1
2019/2/6,82,30,14,1
2019/2/7,85,40,21,1
2019/2/8,96,38,9,1
2019/2/9,106,37,11,2
2019/2/10,104,4,6,1
2019/2/11,14,5,8,1
2019/2/12,17,12,9,2
2019/2/13,44,14,14,2
2019/2/14,42,28,21,2
2019/2/15,68,33,23,2
2019/2/16,83,45,22,2
2019/2/17,118,56,24,2
2019/2/18,136,37,19,1
2019/2/19,97,27,13,1
2019/2/20,70,32,12,2
2019/2/21,84,15,7,1
2019/2/22,51,12,8,2
2019/2/23,40,22,16,2
2019/2/24,62,15,12,2
2019/2/25,36,16,9,2
2019/2/26,41,34,17,2
2019/2/27,66,20,9,1
2019/2/28,51,14,5,1
2019/3/1,41,22,10,1
2019/3/2,68,13,8,1
2019/3/3,45,13,10,1
2019/3/4,39,3,3,1
2019/3/5,10,10,9,2
2019/3/6,33,19,14,2
2019/3/7,39,5,8,1
2019/3/8,11,4,4,1
2019/3/9,15,6,6,1
2019/3/10,20,4,4,1
2019/3/11,13,9,9,1
2019/3/12,30,8,9,1
2019/3/13,28,3,3,1
2019/3/14,12,3,4,1
2019/3/15,12,7,6,1
2019/3/16,28,18,9,4
2019/3/17,57,4,5,1
2019/3/18,13,15,10,1
2019/3/19,42,25,19,2
2019/3/20,56,33,23,3
2019/3/21,68,37,23,12
2019/3/22,74,38,21,3
2019/3/23,90,37,12,1
2019/3/24,93,26,8,1
2019/3/25,63,11,6,1
2019/3/26,37,14,8,1
2019/3/27,45,18,9,2
2019/3/28,54,27,15,2
2019/3/29,65,26,16,2
2019/3/30,68,23,12,1
2019/3/31,64,33,9,2
2018/10/1,52,7,7,1
2018/10/2,25,7,6,1
2018/10/3,22,14,16,2
2018/10/4,36,16,10,4
2018/10/5,49,22,8,10
2018/10/6,65,17,8,2
2018/10/7,54,29,13,1
2018/10/8,63,37,15,5
2018/10/9,84,38,11,4
2018/10/10,92,42,14,8
2018/10/11,91,36,12,14
2018/10/12,85,,,
2018/10/15,71,43,16,17
2018/10/16,92,60,18,3
2018/10/17,142,60,23,3
2018/10/18,147,55,16,2
2018/10/19,138,44,11,2
2018/10/20,125,11,6,2
2018/10/21,43,28,16,2
2018/10/22,67,17,7,2
2018/10/23,46,6,8,1
2018/10/24,18,3,7,1
2018/10/25,13,11,7,3
2018/10/26,43,20,12,1
2018/10/27,68,15,5,1
2018/10/28,57,12,9,6
2018/10/29,36,6,3,2
2018/10/30,18,7,8,2
2018/10/31,18,12,4,6
2018/11/1,35,16,14,2
2018/11/2,46,17,9,2
2018/11/3,59,34,12,3
2018/11/4,96,32,11,7
2018/11/5,95,35,10,8
2018/11/6,100,35,13,10
2018/11/7,98,36,14,3
2018/11/8,93,35,12,4
2018/11/9,101,28,9,5
2018/11/10,90,35,11,3
2018/11/11,100,31,14,2
2018/11/12,92,20,14,2
2018/11/13,63,24,18,2
2018/11/14,56,30,21,2
2018/11/15,72,34,22,3
2018/11/16,83,28,13,2
2018/11/17,85,37,12,3
2018/11/18,108,48,17,2
2018/11/19,137,18,11,1
2018/11/20,64,22,11,
2018/11/21,71,30,11,1
2018/11/22,89,20,7,2
2018/11/23,69,21,8,2
2018/11/24,68,23,8,1
2018/11/25,70,26,14,1
2018/11/26,83,20,11,1
2018/11/27,67,27,15,1
2018/11/28,71,27,16,7
2018/11/29,85,16,8,7
2018/11/30,59,37,10,1
2018/12/1,103,45,8,2
2018/12/2,134,46,11,1
2018/12/3,134,8,9,1
2018/12/4,34,19,20,1
2018/12/5,43,14,12,3
2018/12/6,53,34,12,1
2018/12/7,99,10,6,1
2018/12/8,35,1,3,
2018/12/9,6,3,7,1
2018/12/10,13,3,6,1
2018/12/11,15,8,14,
2018/12/12,33,25,14,1
2018/12/13,81,26,14,1
2018/12/14,81,20,10,1
2018/12/15,71,22,7,1
2018/12/16,72,37,20,1
2018/12/17,101,35,23,2
2018/12/18,94,31,12,2
2018/12/19,99,37,12,4
2018/12/20,114,42,12,1
2018/12/21,126,9,8,1
2018/12/22,31,3,4,
2018/12/23,11,4,6,
2018/12/24,17,5,4,
2018/12/25,21,10,5,
2018/12/26,42,9,12,1
2018/12/27,29,10,12,1
2018/12/28,39,16,13,1
2018/12/29,60,5,5,1
2018/12/30,22,,,
2018/7/1,13,13,12,2
2018/7/2,13,18,13,2
2018/7/3,29,19,13,2
2018/7/4,33,19,11,2
2018/7/5,39,9,5,1
2018/7/6,32,10,4,2
2018/7/7,27,12,8,2
2018/7/8,24,16,8,2
2018/7/9,35,15,13,2
2018/7/10,43,12,9,1
2018/7/11,37,10,7,1
2018/7/12,30,9,7,
2018/7/13,28,10,6,1
2018/7/14,28,11,7,2
2018/7/15,33,17,11,2
2018/7/16,42,12,6,2
2018/7/17,37,18,8,2
2018/7/18,41,18,8,2
2018/7/19,36,16,8,
2018/7/20,40,17,11,3
2018/7/21,51,11,3,2
2018/7/22,42,17,8,2
2018/7/23,52,17,8,2
2018/7/24,45,19,9,
2018/7/25,31,13,8,2
2018/7/26,31,13,8,2
2018/7/27,36,12,8,2
2018/7/28,40,12,6,2
2018/7/29,35,17,11,2
2018/7/30,40,24,12,2
2018/7/31,47,23,10,2
2018/8/1,47,19,12,2
2018/8/2,47,20,13,2
2018/8/3,46,17,9,2
2018/8/4,43,18,9,2
2018/8/5,51,23,13,2
2018/8/6,51,19,9,2
2018/8/7,43,15,6,3
2018/8/8,46,20,8,4
2018/8/9,53,10,4,2
2018/8/10,21,4,3,2
2018/8/11,15,5,5,2
2018/8/12,13,12,8,3
2018/8/13,35,6,5,2
2018/8/14,16,8,6,2
2018/8/15,16,16,13,2
2018/8/16,22,15,12,2
2018/8/17,30,15,14,2
2018/8/18,34,16,11,2
2018/8/19,34,19,11,2
2018/8/20,43,24,9,2
2018/8/21,31,29,12,2
2018/8/22,40,24,7,2
2018/8/23,43,19,10,1
2018/8/24,40,9,4,1
2018/8/25,36,4,5,1
2018/8/26,15,7,8,1
2018/8/27,19,16,16,1
2018/8/28,33,14,10,2
2018/8/29,34,8,8,1
2018/8/30,22,14,13,1
2018/8/31,37,12,10,1
2018/9/1,47,5,9,1
2018/9/2,23,10,15,1
2018/9/3,36,11,6,1
2018/9/4,38,19,13,1
2018/9/5,48,21,17,2
2018/9/6,52,19,11,2
2018/9/7,52,10,7,
2018/9/8,32,11,12,1
2018/9/9,36,14,12,1
2018/9/10,35,16,11,
2018/9/11,31,21,13,4
2018/9/12,40,25,19,5
2018/9/13,53,18,12,1
2018/9/14,48,11,8,
2018/9/15,41,18,10,2
2018/9/16,53,20,12,3
2018/9/17,50,17,6,3
2018/9/18,40,19,13,2
2018/9/19,43,23,17,4
2018/9/20,48,23,8,3
2018/9/21,58,6,4,
2018/9/22,21,5,4,
2018/9/23,16,4,5,
2018/9/24,6,8,9,
2018/9/25,16,8,10,2
2018/9/26,26,19,18,2
2018/9/27,40,18,12,2
2018/9/28,46,9,8,1
2018/9/29,20,8,8,6
2018/9/30,27,18,13,2
2018/4/1,31,8,3,2
2018/4/2,30,15,16,4
2018/4/3,37,24,17,2
2018/4/4,38,9,12,2
2018/4/5,17,18,9,1
2018/4/6,37,18,13,5
2018/4/7,56,19,4,4
2018/4/8,62,17,8,5
2018/4/9,41,9,7,3
2018/4/10,25,12,10,2
2018/4/11,27,23,10,5
2018/4/12,47,11,5,3
2018/4/13,28,9,12,3
2018/4/14,16,24,11,6
2018/4/15,56,25,11,2
2018/4/16,59,19,8,2
2018/4/17,45,31,16,2
2018/4/18,53,36,21,2
2018/4/19,53,30,16,2
2018/4/20,42,18,9,2
2018/4/21,34,33,14,2
2018/4/22,67,34,13,2
2018/4/23,58,12,4,2
2018/4/24,33,19,11,3
2018/4/25,40,11,8,2
2018/4/26,32,12,8,2
2018/4/27,32,16,6,4
2018/4/28,45,25,5,3
2018/4/29,53,20,3,2
2018/4/30,39,11,6,2
2018/5/1,20,25,13,2
2018/5/2,49,20,13,2
2018/5/3,44,27,8,
2018/5/4,66,21,6,2
2018/5/5,49,14,4,
2018/5/6,20,20,10,2
2018/5/7,28,20,11,2
2018/5/8,31,24,13,2
2018/5/9,55,25,8,2
2018/5/10,59,15,10,2
2018/5/11,42,20,9,2
2018/5/12,53,18,9,3
2018/5/13,42,21,8,2
2018/5/14,45,10,12,2
2018/5/15,34,10,4,
2018/5/16,31,9,4,2
2018/5/17,34,19,5,2
2018/5/18,60,20,8,2
2018/5/19,56,14,7,2
2018/5/20,42,15,9,2
2018/5/21,38,16,8,2
2018/5/22,45,19,9,4
2018/5/23,55,23,12,2
2018/5/24,57,16,15,
2018/5/25,49,13,9,2
2018/5/26,42,15,11,2
2018/5/27,46,20,11,3
2018/5/28,53,18,8,3
2018/5/29,50,18,6,5
2018/5/30,40,20,6,4
2018/5/31,45,19,8,2
2018/6/1,48,9,3,2
2018/6/2,28,8,5,2
2018/6/3,23,18,10,2
2018/6/4,43,22,11,2
2018/6/5,48,22,9,2
2018/6/6,52,17,10,2
2018/6/7,48,14,10,3
2018/6/8,46,10,6,2
2018/6/9,30,15,6,1
2018/6/10,46,18,12,9
2018/6/11,49,13,10,1
2018/6/12,30,20,9,2
2018/6/13,55,15,6,1
2018/6/14,44,15,9,1
2018/6/15,43,15,10,2
2018/6/16,40,15,7,2
2018/6/17,44,14,6,1
2018/6/18,29,17,8,1
2018/6/19,24,20,11,2
2018/6/20,32,23,11,2
2018/6/21,42,12,6,1
2018/6/22,14,5,3,1
2018/6/23,13,4,3,
2018/6/24,15,10,7,2
2018/6/25,23,11,9,1
2018/6/26,27,14,7,1
2018/6/27,37,12,9,1
2018/6/28,43,20,8,1
2018/6/29,54,13,4,1
2018/6/30,34,7,8,1
2018/1/3,9,4,8,1
2018/1/4,22,6,9,2
2018/1/5,39,12,13,1
2018/1/6,83,29,14,2
2018/1/7,67,21,12,1
2018/1/8,78,26,12,1
2018/1/9,75,23,9,3
2018/1/10,55,14,11,2
2018/1/11,61,19,13,2
2018/1/12,71,22,12,2
2018/1/13,71,22,10,2
2018/1/14,57,14,8,2
2018/1/15,60,16,6,3
2018/1/16,67,20,7,3
2018/1/17,10,2,10,2
2018/1/18,14,4,6,2
2018/1/19,10,3,9,2
2018/1/20,25,6,11,1
2018/1/21,54,13,7,1
2018/1/22,68,22,15,2
2018/1/23,75,25,17,2
2018/1/24,95,31,13,2
2018/1/25,87,29,11,6
2018/1/26,109,42,15,2
2018/1/27,71,22,11,1
2018/1/28,47,13,7,2
2018/1/29,12,4,6,2
2018/1/30,18,7,9,2
2018/1/31,60,18,15,2
2018/2/1,67,21,12,2
2018/2/2,19,7,12,2
2018/2/3,46,14,11,2
2018/2/4,55,15,12,2
2018/2/5,67,24,16,2
2018/2/6,73,23,11,4
2018/2/7,74,25,19,3
2018/2/8,95,31,14,3
2018/2/9,107,39,15,3
2018/2/10,78,26,9,2
2018/2/11,79,25,8,2
2018/2/12,54,15,12,2
2018/2/13,55,16,14,2
2018/2/14,83,28,14,3
2018/2/15,79,29,15,2
2018/2/16,84,28,16,2
2018/2/17,97,33,9,2
2018/2/18,60,17,10,2
2018/2/19,77,26,19,2
2018/2/20,95,33,19,2
2018/2/21,116,42,15,5
2018/2/22,96,35,15,4
2018/2/23,103,37,14,
2018/2/24,69,22,7,
2018/2/25,70,21,6,
2018/2/26,94,39,13,
2018/2/27,88,37,10,
2018/2/28,95,40,13,4
2018/3/1,110,39,16,7
2018/3/2,111,39,18,7
2018/3/3,133,53,13,6
2018/3/4,151,55,20,16
2018/3/5,103,35,15,10
2018/3/6,102,34,18,9
2018/3/7,118,45,22,3
2018/3/8,29,9,10,2
2018/3/9,60,28,24,2
2018/3/10,85,32,19,3
2018/3/11,51,14,9,4
2018/3/12,22,7,7,2
2018/3/13,9,3,6,2
2018/3/14,24,8,10,2
2018/3/15,58,18,11,1
2018/3/16,43,11,12,2
2018/3/17,78,25,8,2
2018/3/18,56,17,5,3
2018/3/19,72,26,10,3
2018/3/20,73,27,12,3
2018/3/21,60,24,13,2
2018/3/22,62,21,16,2
2018/3/23,67,23,11,2
2018/3/24,84,28,8,4
2018/3/25,72,22,8,14
2018/3/26,90,37,17,3
2018/3/27,86,35,13,3
2018/3/28,67,22,14,2
2018/3/29,36,11,12,2
2018/3/30,31,8,8,2
2018/3/31,29,8,3,2
2022/1/16,,8,6,
2021/3/31,,42,12,
2021/2/7,,30,13,1
2020/10/11,,14,9,
2020/10/17,,11,7,
2020/3/31,,19,7,
2019/12/31,,18,10,
2019/10/1,,6,11,
2018/12/31,,15,6,1
2019/2/3,,17,13,1
2018/10/14,,35,8,8
2018/1/1,,16,9,1
2018/1/2,,7,8,1
2017/10/1,,20,10,6
2017/10/2,,29,11,1
2017/10/3,,22,9,2
2017/10/4,,8,7,1
2017/10/5,,7,6,1
2017/10/6,,5,5,1
2017/10/7,,5,4,1
2017/10/8,,3,12,1
2017/10/9,,10,7,2
2017/10/10,,6,11,1
2017/10/11,,10,10,2
2017/10/12,,11,8,2
2017/10/13,,10,13,1
2017/10/14,,14,14,3
2017/10/15,,16,18,2
2017/10/16,,32,17,4
2017/10/17,,30,19,2
2017/10/18,,47,16,1
2017/10/19,,39,19,2
2017/10/20,,37,14,2
2017/10/21,,34,7,1
2017/10/22,,9,9,
2017/10/23,,5,11,2
2017/10/24,,14,13,1
2017/10/25,,13,12,2
2017/10/26,,14,9,1
2017/10/27,,12,4,1
2017/10/28,,8,2,1
2017/10/29,,4,10,1
2017/10/30,,18,12,2
2017/10/31,,17,7,2
2017/11/1,,12,12,2
2017/11/2,,20,17,2
2017/11/3,,32,7,9
2017/11/4,,17,9,10
2017/11/5,,20,13,2
2017/11/6,,10,18,3
2017/11/7,,38,18,2
2017/11/8,,32,14,2
2017/11/9,,21,14,2
2017/11/10,,13,5,2
2017/11/11,,8,5,2
2017/11/12,,6,9,2
2017/11/13,,8,13,2
2017/11/14,,16,18,2
2017/11/15,,30,17,2
2017/11/16,,38,12,2
2017/11/17,,16,10,2
2017/11/18,,16,5,2
2017/11/19,,6,6,2
2017/11/20,,6,10,1
2017/11/21,,3,,
2017/11/23,,34,9,2
2017/11/24,,19,8,3
2017/11/25,,16,6,1
2017/11/26,,7,14,1
2017/11/27,,13,15,1
2017/11/28,,14,14,1
2017/11/29,,22,14,2
2017/11/30,,10,21,1
2017/12/1,,24,15,1
2017/12/2,,27,8,1
2017/12/3,,16,9,1
2017/12/4,,8,10,1
2017/12/5,,8,8,1
2017/12/6,,11,18,1
2017/12/7,,29,13,1
2017/12/8,,32,7,
2017/12/9,,7,6,1
2017/12/10,,7,4,1
2017/12/11,,4,9,1
2017/12/12,,5,10,2
2017/12/13,,11,15,2
2017/12/14,,11,19,1
2017/12/15,,13,16,2
2017/12/16,,12,9,1
2017/12/17,,12,15,2
2017/12/18,,17,17,2
2017/12/19,,18,18,2
2017/12/20,,23,11,2
2017/12/21,,7,13,2
2017/12/22,,8,7,1
2017/12/23,,8,5,1
2017/12/24,,7,9,1
2017/12/25,,16,,
2017/12/27,,8,6,2
2017/12/28,,3,10,1
2017/12/29,,8,10,1
2017/12/30,,12,,
2017/7/1,,2,3,
2017/7/2,,3,6,
2017/7/3,,11,10,
2017/7/4,,15,10,1
2017/7/5,,13,12,1
2017/7/6,,23,8,3
2017/7/7,,19,5,1
2017/7/8,,11,8,1
2017/7/9,,12,12,1
2017/7/10,,13,4,
2017/7/11,,5,7,
2017/7/12,,8,6,1
2017/7/13,,11,9,1
2017/7/14,,16,4,
2017/7/15,,6,4,1
2017/7/16,,8,13,
2017/7/17,,17,10,1
2017/7/18,,19,8,1
2017/7/19,,19,12,1
2017/7/20,,17,8,
2017/7/21,,11,8,2
2017/7/22,,13,6,
2017/7/23,,10,11,1
2017/7/24,,9,3,
2017/7/25,,5,4,
2017/7/26,,3,5,1
2017/7/27,,6,4,
2017/7/28,,6,7,1
2017/7/29,,10,8,2
2017/7/30,,11,8,1
2017/7/31,,11,4,2
2017/8/1,,13,6,1
2017/8/2,,17,9,1
2017/8/3,,20,16,1
2017/8/4,,27,6,1
2017/8/5,,12,5,
2017/8/6,,7,7,1
2017/8/7,,12,8,2
2017/8/8,,11,7,1
2017/8/9,,14,12,1
2017/8/10,,20,7,1
2017/8/11,,8,3,
2017/8/12,,4,3,
2017/8/13,,4,11,1
2017/8/14,,10,9,1
2017/8/15,,11,9,1
2017/8/16,,10,13,1
2017/8/17,,21,10,1
2017/8/18,,20,5,1
2017/8/19,,4,3,1
2017/8/20,,4,6,1
2017/8/21,,8,9,1
2017/8/22,,12,14,1
2017/8/23,,17,10,1
2017/8/24,,20,8,
2017/8/25,,15,10,1
2017/8/26,,17,7,1
2017/8/27,,14,10,1
2017/8/28,,19,15,2
2017/8/29,,19,9,2
2017/8/30,,18,12,2
2017/8/31,,25,6,1
2017/9/1,,6,5,1
2017/9/2,,3,4,1
2017/9/3,,5,8,1
2017/9/4,,7,7,1
2017/9/5,,8,,
2017/9/11,,14,6,1
2017/9/12,,5,5,
2017/9/13,,6,6,3
2017/9/14,,7,3,
2017/9/15,,3,7,2
2017/9/16,,7,6,
2017/9/17,,8,11,1
2017/9/18,,8,16,
2017/9/19,,11,11,
2017/9/20,,12,8,2
2017/9/21,,11,11,2
2017/9/22,,16,10,1
2017/9/23,,17,10,1
2017/9/24,,10,14,1
2017/9/25,,15,15,2
2017/9/26,,17,14,2
2017/9/27,,31,15,3
2017/9/28,,27,13,6
2017/9/29,,25,8,5
2017/9/30,,19,6,10
2017/4/1,,19,13,4
2017/4/2,,18,14,2
2017/4/3,,33,8,2
2017/4/4,,16,7,2
2017/4/5,,15,8,1
2017/4/6,,14,9,1
2017/4/7,,14,6,1
2017/4/8,,16,11,1
2017/4/9,,12,12,3
2017/4/10,,17,8,1
2017/4/11,,23,13,1
2017/4/12,,21,15,1
2017/4/13,,14,15,1
2017/4/14,,22,9,2
2017/4/15,,16,4,1
2017/4/16,,9,4,1
2017/4/17,,8,7,1
2017/4/18,,10,9,
2017/4/19,,12,8,1
2017/4/20,,17,9,2
2017/4/21,,20,6,2
2017/4/22,,12,4,1
2017/4/23,,5,10,2
2017/4/24,,12,13,4
2017/4/25,,20,15,1
2017/4/26,,25,11,
2017/4/27,,10,11,
2017/4/28,,9,8,2
2017/4/29,,17,10,2
2017/4/30,,27,7,3
2017/5/1,,16,11,2
2017/5/2,,7,22,2
2017/5/3,,22,18,2
2017/5/4,,23,10,1
2017/5/5,,11,8,3
2017/5/6,,14,6,1
2017/5/7,,13,7,1
2017/5/8,,14,9,1
2017/5/9,,11,8,14
2017/5/10,,14,11,8
2017/5/11,,16,12,2
2017/5/12,,17,7,2
2017/5/13,,5,10,1
2017/5/14,,7,8,1
2017/5/15,,9,10,2
2017/5/16,,14,13,2
2017/5/17,,19,5,4
2017/5/18,,18,6,5
2017/5/19,,17,3,1
2017/5/20,,8,4,1
2017/5/21,,13,12,1
2017/5/22,,20,14,1
2017/5/23,,19,10,1
2017/5/24,,19,5,1
2017/5/25,,8,11,2
2017/5/26,,11,10,2
2017/5/27,,13,6,5
2017/5/28,,10,9,4
2017/5/29,,12,8,3
2017/5/30,,20,8,1
2017/5/31,,15,11,2
2017/6/1,,19,14,2
2017/6/2,,18,9,2
2017/6/3,,18,3,3
2017/6/4,,11,4,3
2017/6/5,,7,5,2
2017/6/6,,11,3,1
2017/6/7,,5,7,2
2017/6/8,,10,9,5
2017/6/9,,10,4,1
2017/6/10,,6,8,1
2017/6/11,,8,7,2
2017/6/12,,12,6,2
2017/6/13,,15,10,1
2017/6/14,,15,9,1
2017/6/15,,12,6,
2017/6/16,,13,4,
2017/6/17,,9,6,
2017/6/18,,8,11,1
2017/6/19,,16,13,1
2017/6/20,,17,12,1
2017/6/21,,25,13,1
2017/6/22,,21,13,
2017/6/23,,25,5,
2017/6/24,,20,6,
2017/6/25,,15,4,
2017/6/26,,8,7,1
2017/6/27,,13,4,1
2017/6/28,,18,3,
2017/6/29,,6,5,
2017/6/30,,5,3,
2017/1/2,,32,7,2
2017/1/3,,11,4,1
2017/1/4,,3,6,1
2017/1/5,,8,4,2
2017/1/6,,7,8,1
2017/1/7,,12,11,1
2017/1/8,,24,16,2
2017/1/9,,22,9,4
2017/1/10,,27,21,3
2017/1/11,,50,15,1
2017/1/12,,18,10,1
2017/1/13,,9,5,
2017/1/14,,7,4,1
2017/1/15,,8,19,1
2017/1/16,,25,12,2
2017/1/17,,28,14,4
2017/1/18,,40,22,5
2017/1/19,,57,29,3
2017/1/20,,70,27,2
2017/1/21,,73,11,13
2017/1/22,,46,11,4
2017/1/23,,58,12,3
2017/1/24,,45,21,2
2017/1/25,,39,14,11
2017/1/26,,33,12,16
2017/1/27,,41,4,9
2017/1/28,,50,3,5
2017/1/29,,47,7,3
2017/1/30,,35,8,6
2017/1/31,,49,28,4
2017/2/1,,61,20,2
2017/2/2,,41,24,2
2017/2/3,,36,19,2
2017/2/4,,32,12,2
2017/2/5,,13,19,2
2017/2/6,,24,11,2
2017/2/7,,30,12,4
2017/2/8,,37,18,6
2017/2/9,,57,8,4
2017/2/10,,31,11,10
2017/2/11,,22,11,8
2017/2/12,,28,17,3
2017/2/13,,36,20,3
2017/2/14,,49,33,3
2017/2/15,,60,20,1
2017/2/16,,53,17,1
2017/2/17,,35,15,1
2017/2/18,,17,14,2
2017/2/19,,25,18,2
2017/2/20,,26,8,2
2017/2/21,,4,9,1
2017/2/22,,6,9,1
2017/2/23,,11,4,1
2017/2/24,,6,6,1
2017/2/25,,10,12,1
2017/2/26,,14,13,2
2017/2/27,,22,17,1
2017/2/28,,23,8,1
2017/3/1,,5,10,1
2017/3/2,,4,9,1
2017/3/3,,10,7,3
2017/3/4,,14,6,1
2017/3/5,,6,5,2
2017/3/6,,4,10,1
2017/3/7,,14,15,1
2017/3/8,,21,12,1
2017/3/9,,10,6,1
2017/3/10,,6,6,1
2017/3/11,,14,6,1
2017/3/12,,20,19,2
2017/3/13,,34,19,2
2017/3/14,,35,17,2
2017/3/15,,36,14,2
2017/3/16,,27,13,2
2017/3/17,,23,7,1
2017/3/18,,10,6,2
2017/3/19,,5,9,1
2017/3/20,,7,13,1
2017/3/21,,16,13,2
2017/3/22,,17,19,1
2017/3/23,,34,12,1
2017/3/24,,25,13,2
2017/3/25,,23,7,1
2017/3/26,,13,19,2
2017/3/27,,28,24,2
2017/3/28,,30,11,2
2017/3/29,,24,16,2
2017/3/30,,27,12,6
2017/3/31,,18,7,9
2016/10/1,,27,15,2
2016/10/2,,22,7,2
2016/10/3,,6,7,2
2016/10/4,,7,7,2
2016/10/5,,7,8,2
2016/10/6,,3,11,3
2016/10/7,,25,9,2
2016/10/8,,17,7,2
2016/10/9,,11,11,2
2016/10/10,,17,11,2
2016/10/11,,19,8,2
2016/10/12,,12,10,2
2016/10/13,,16,10,7
2016/10/14,,16,9,5
2016/10/15,,22,11,3
2016/10/16,,30,10,3
2016/10/17,,31,8,5
2016/10/18,,21,7,2
2016/10/19,,27,14,2
2016/10/20,,16,14,2
2016/10/21,,27,8,3
2016/10/22,,17,7,3
2016/10/23,,18,10,3
2016/10/24,,28,14,2
2016/10/25,,27,9,2
2016/10/26,,18,15,3
2016/10/27,,34,12,3
2016/10/28,,29,7,2
2016/10/29,,11,4,2
2016/10/30,,8,16,3
2016/10/31,,24,9,3
2016/11/1,,17,11,2
2016/11/2,,13,14,2
2016/11/3,,19,11,3
2016/11/4,,25,9,5
2016/11/5,,28,10,2
2016/11/6,,15,10,3
2016/11/7,,13,20,3
2016/11/8,,29,18,3
2016/11/9,,29,13,2
2016/11/10,,19,19,2
2016/11/11,,33,8,1
2016/11/12,,24,7,1
2016/11/13,,12,19,1
2016/11/14,,37,19,1
2016/11/15,,41,13,1
2016/11/16,,31,10,1
2016/11/17,,45,16,1
2016/11/18,,35,9,1
2016/11/19,,15,4,1
2016/11/20,,6,9,4
2016/11/21,,21,9,3
2016/11/22,,22,15,3
2016/11/23,,38,15,2
2016/11/24,,46,18,1
2016/11/25,,48,12,4
2016/11/26,,45,7,2
2016/11/27,,7,9,1
2016/11/28,,12,13,1
2016/11/29,,19,15,2
2016/11/30,,16,10,1
2016/12/1,,13,10,1
2016/12/2,,9,17,1
2016/12/3,,17,18,1
2016/12/4,,38,20,1
2016/12/5,,45,20,1
2016/12/6,,30,19,2
2016/12/7,,32,9,1
2016/12/8,,34,12,2
2016/12/9,,11,15,2
2016/12/10,,13,9,1
2016/12/11,,11,7,1
2016/12/12,,8,16,3
2016/12/13,,21,19,1
2016/12/14,,43,15,1
2016/12/15,,22,18,2
2016/12/16,,29,16,1
2016/12/17,,36,15,
2016/12/18,,31,11,2
2016/12/19,,29,11,2
2016/12/20,,18,7,2
2016/12/21,,21,9,1
2016/12/22,,28,17,1
2016/12/23,,36,12,1
2016/12/24,,22,4,2
2016/12/25,,4,6,2
2016/12/26,,6,4,1
2016/12/27,,6,8,1
2016/12/28,,5,14,1
2016/12/29,,12,21,2
2016/12/30,,25,20,2
2016/12/31,,36,14,2
2017/1/1,,62,11,1
2016/7/1,,11,4,1
2016/7/2,,13,1,1
2016/7/3,,7,11,1
2016/7/4,,11,9,2
2016/7/5,,13,5,1
2016/7/6,,11,9,2
2016/7/7,,15,8,2
2016/7/8,,19,6,1
2016/7/9,,11,8,3
2016/7/10,,16,7,1
2016/7/11,,20,10,1
2016/7/12,,9,7,
2016/7/13,,9,2,76
2016/7/14,,2,4,
2016/7/15,,8,6,
2016/7/16,,8,4,
2016/7/17,,9,6,1
2016/7/18,,10,11,
2016/7/19,,17,10,
2016/7/20,,20,15,1
2016/7/21,,23,12,1
2016/7/22,,17,9,1
2016/7/23,,13,5,
2016/7/24,,10,8,1
2016/7/25,,19,6,1
2016/7/26,,15,8,2
2016/7/27,,22,6,1
2016/7/28,,10,5,1
2016/7/29,,10,4,1
2016/7/30,,9,5,1
2016/7/31,,9,7,1
2016/8/1,,12,10,1
2016/8/2,,13,4,1
2016/8/3,,7,7,2
2016/8/4,,16,5,1
2016/8/5,,9,3,1
2016/8/6,,11,5,1
2016/8/7,,10,9,2
2016/8/8,,12,10,1
2016/8/9,,21,7,1
2016/8/10,,10,7,2
2016/8/11,,9,7,1
2016/8/12,,7,7,2
2016/8/13,,5,5,1
2016/8/14,,7,6,2
2016/8/15,,11,13,2
2016/8/16,,18,11,2
2016/8/17,,19,10,2
2016/8/18,,16,7,2
2016/8/19,,12,4,2
2016/8/20,,13,3,2
2016/8/21,,7,7,
2016/8/22,,10,11,2
2016/8/23,,11,14,2
2016/8/24,,18,13,2
2016/8/25,,19,7,2
2016/8/26,,13,5,3
2016/8/27,,18,6,4
2016/8/28,,21,12,2
2016/8/29,,21,11,2
2016/8/30,,18,14,3
2016/8/31,,20,19,2
2016/9/1,,26,19,2
2016/9/2,,27,12,2
2016/9/3,,20,5,2
2016/9/4,,14,4,
2016/9/5,,5,10,2
2016/9/6,,11,15,2
2016/9/7,,23,12,2
2016/9/8,,30,16,3
2016/9/9,,24,13,2
2016/9/10,,25,7,2
2016/9/11,,27,15,2
2016/9/12,,35,19,5
2016/9/13,,40,18,2
2016/9/14,,39,16,2
2016/9/15,,35,,2
2016/9/16,,36,,2
2016/9/17,,11,,2
2016/9/18,,4,7,2
2016/9/19,,16,9,2
2016/9/20,,31,12,2
2016/9/21,,30,14,2
2016/9/22,,22,16,2
2016/9/23,,23,14,2
2016/9/24,,22,14,3
2016/9/25,,27,20,4
2016/9/26,,45,21,3
2016/9/27,,41,12,2
2016/9/28,,28,9,2
2016/9/29,,21,16,2
2016/9/30,,23,10,3
2016/4/1,,27,8,4
2016/4/2,,17,12,10
2016/4/3,,17,22,2
2016/4/4,,36,20,2
2016/4/5,,48,9,1
2016/4/6,,18,14,1
2016/4/7,,20,11,1
2016/4/8,,14,6,1
2016/4/9,,9,5,1
2016/4/10,,14,13,1
2016/4/11,,21,16,1
2016/4/12,,37,16,2
2016/4/13,,31,6,1
2016/4/14,,11,14,2
2016/4/15,,16,13,1
2016/4/16,,13,8,1
2016/4/17,,11,14,1
2016/4/18,,13,9,1
2016/4/19,,17,9,1
2016/4/20,,21,15,5
2016/4/21,,23,17,1
2016/4/22,,29,10,1
2016/4/23,,20,3,1
2016/4/24,,9,6,1
2016/4/25,,9,5,1
2016/4/26,,10,7,1
2016/4/27,,5,7,1
2016/4/28,,9,15,1
2016/4/29,,19,11,2
2016/4/30,,15,7,1
2016/5/1,,16,12,2
2016/5/2,,26,10,1
2016/5/3,,19,6,1
2016/5/4,,5,7,1
2016/5/5,,15,12,1
2016/5/6,,17,10,1
2016/5/7,,17,5,1
2016/5/8,,11,12,3
2016/5/9,,15,10,2
2016/5/10,,16,8,1
2016/5/11,,19,11,1
2016/5/12,,22,5,1
2016/5/13,,4,3,1
2016/5/14,,12,2,1
2016/5/15,,10,3,1
2016/5/16,,6,5,1
2016/5/17,,8,11,1
2016/5/18,,15,10,1
2016/5/19,,15,5,1
2016/5/20,,11,8,1
2016/5/21,,8,5,2
2016/5/22,,14,6,2
2016/5/23,,15,5,
2016/5/24,,2,6,
2016/5/25,,9,6,1
2016/5/26,,17,9,1
2016/5/27,,19,7,2
2016/5/28,,17,4,2
2016/5/29,,17,8,1
2016/5/30,,9,5,
2016/5/31,,4,8,1
2016/6/1,,6,8,1
2016/6/2,,9,10,1
2016/6/3,,14,7,1
2016/6/4,,13,6,1
2016/6/5,,13,10,1
2016/6/6,,17,11,1
2016/6/7,,15,17,2
2016/6/8,,23,10,1
2016/6/9,,16,5,1
2016/6/10,,10,6,1
2016/6/11,,13,4,
2016/6/12,,10,5,1
2016/6/13,,8,6,1
2016/6/14,,8,5,
2016/6/15,,3,6,2
2016/6/16,,13,4,2
2016/6/17,,7,6,1
2016/6/18,,6,3,1
2016/6/19,,5,10,1
2016/6/20,,9,14,1
2016/6/21,,18,16,2
2016/6/22,,20,11,2
2016/6/23,,17,8,1
2016/6/24,,27,4,1
2016/6/25,,31,3,1
2016/6/26,,8,5,1
2016/6/27,,8,6,1
2016/6/28,,11,10,1
2016/6/29,,12,9,1
2016/6/30,,16,8,1
2016/1/4,,33,8,4
2016/1/5,,47,12,3
2016/1/6,,50,19,3
2016/1/7,,42,18,3
2016/1/8,,31,16,3
2016/1/11,,24,5,2
2016/1/12,,2,4,2
2016/1/13,,2,7,2
2016/1/14,,9,8,2
2016/1/15,,8,7,2
2016/1/16,,14,8,3
2016/1/17,,21,16,3
2016/1/18,,27,21,3
2016/1/19,,45,18,3
2016/1/20,,31,19,2
2016/1/21,,24,24,3
2016/1/22,,35,19,2
2016/1/23,,48,16,3
2016/1/24,,17,20,2
2016/1/25,,16,21,3
2016/1/26,,20,20,2
2016/1/27,,39,15,3
2016/1/28,,25,17,2
2016/1/29,,17,12,2
2016/1/30,,32,5,2
2016/1/31,,4,13,2
2016/2/1,,6,17,2
2016/2/2,,22,13,2
2016/2/3,,8,7,2
2016/2/4,,8,13,2
2016/2/5,,11,13,3
2016/2/6,,16,6,4
2016/2/7,,8,11,3
2016/2/8,,11,9,2
2016/2/9,,6,8,2
2016/2/10,,4,8,2
2016/2/11,,4,14,2
2016/2/12,,15,10,2
2016/2/13,,14,5,2
2016/2/14,,15,13,
2016/2/15,,13,11,
2016/2/16,,16,11,3
2016/2/17,,18,14,2
2016/2/18,,21,13,3
2016/2/19,,18,6,
2016/2/20,,9,3,3
2016/2/21,,1,9,2
2016/2/22,,16,7,2
2016/2/23,,44,12,2
2016/2/24,,10,11,3
2016/2/25,,16,18,2
2016/2/26,,19,9,
2016/2/27,,20,9,
2016/2/28,,27,15,3
2016/2/29,,23,9,2
2016/3/1,,13,12,2
2016/3/2,,22,12,1
2016/3/3,,10,13,2
2016/3/4,,16,6,2
2016/3/5,,9,3,1
2016/3/6,,5,15,1
2016/3/7,,13,14,2
2016/3/8,,17,19,2
2016/3/9,,29,15,2
2016/3/10,,39,10,1
2016/3/11,,21,7,
2016/3/12,,11,6,1
2016/3/13,,18,12,2
2016/3/14,,25,12,2
2016/3/15,,16,17,2
2016/3/16,,29,21,3
2016/3/17,,38,14,2
2016/3/18,,30,9,1
2016/3/19,,27,12,1
2016/3/20,,28,8,1
2016/3/21,,15,10,2
2016/3/22,,15,14,1
2016/3/23,,23,10,1
2016/3/24,,18,10,1
2016/3/25,,21,7,1
2016/3/26,,9,7,2
2016/3/27,,14,7,2
2016/3/28,,18,8,1
2016/3/29,,12,12,1
2016/3/30,,14,15,2
2016/3/31,,18,14,1
2015/10/1,,18,10,6
2015/10/2,,18,6,7
2015/10/3,,18,9,1
2015/10/4,,21,16,2
2015/10/5,,23,14,2
2015/10/6,,32,17,1
2015/10/7,,21,11,1
2015/10/8,,9,12,2
2015/10/9,,25,13,3
2015/10/10,,46,8,3
2015/10/11,,35,15,2
2015/10/12,,33,16,2
2015/10/13,,37,14,2
2015/10/14,,19,12,2
2015/10/15,,14,14,2
2015/10/16,,15,11,2
2015/10/17,,15,11,1
2015/10/18,,28,15,2
2015/10/19,,19,13,2
2015/10/20,,25,13,2
2015/10/21,,20,15,2
2015/10/22,,23,12,2
2015/10/23,,16,11,2
2015/10/24,,20,12,1
2015/10/25,,27,12,2
2015/10/26,,33,13,4
2015/10/27,,26,9,6
2015/10/28,,32,12,2
2015/10/29,,43,16,2
2015/10/30,,36,,
2015/11/1,,20,18,5
2015/11/2,,34,16,3
2015/11/3,,52,21,2
2015/11/4,,66,22,3
2015/11/5,,67,23,2
2015/11/6,,58,12,2
2015/11/7,,25,13,2
2015/11/8,,15,13,2
2015/11/9,,15,6,2
2015/11/10,,8,13,2
2015/11/11,,7,17,2
2015/11/12,,20,19,2
2015/11/13,,32,5,2
2015/11/14,,7,5,1
2015/11/15,,9,15,2
2015/11/16,,27,12,2
2015/11/17,,17,8,2
2015/11/18,,7,8,2
2015/11/19,,5,14,1
2015/11/20,,5,9,1
2015/11/21,,9,6,1
2015/11/22,,10,12,2
2015/11/23,,9,15,3
2015/11/24,,17,13,2
2015/11/25,,28,15,2
2015/11/26,,27,14,3
2015/11/27,,25,11,3
2015/11/28,,24,4,2
2015/11/29,,5,5,2
2015/11/30,,5,7,2
2015/12/1,,4,12,2
2015/12/2,,9,22,2
2015/12/3,,28,21,2
2015/12/4,,42,15,3
2015/12/5,,33,5,2
2015/12/6,,17,8,1
2015/12/7,,15,6,2
2015/12/8,,10,12,2
2015/12/9,,16,20,2
2015/12/10,,28,19,2
2015/12/11,,38,10,2
2015/12/12,,10,8,2
2015/12/13,,20,15,2
2015/12/14,,20,10,2
2015/12/15,,35,13,2
2015/12/16,,42,10,2
2015/12/17,,21,9,2
2015/12/18,,29,10,2
2015/12/19,,26,5,2
2015/12/20,,28,9,
2015/12/21,,23,17,2
2015/12/22,,20,14,2
2015/12/23,,29,12,2
2015/12/24,,27,7,
2015/12/25,,24,6,
2015/12/26,,18,8,
2015/12/27,,22,16,2
2015/12/28,,25,11,2
2015/12/29,,25,11,2
2015/12/30,,18,,
2016/1/3,,34,8,8
2015/7/1,,25,13,3
2015/7/2,,30,11,2
2015/7/3,,24,10,2
2015/7/4,,20,8,2
2015/7/5,,19,10,2
2015/7/6,,29,11,2
2015/7/7,,30,11,1
2015/7/8,,19,5,2
2015/7/9,,13,8,2
2015/7/10,,11,12,3
2015/7/11,,15,10,2
2015/7/12,,17,7,
2015/7/13,,13,5,1
2015/7/14,,9,12,2
2015/7/15,,14,12,2
2015/7/16,,20,16,1
2015/7/17,,24,9,1
2015/7/18,,21,6,1
2015/7/19,,20,8,1
2015/7/20,,13,13,1
2015/7/21,,19,11,1
2015/7/22,,21,9,1
2015/7/23,,17,7,2
2015/7/24,,24,6,1
2015/7/25,,15,2,1
2015/7/26,,5,8,1
2015/7/27,,9,8,1
2015/7/28,,8,7,1
2015/7/29,,6,6,1
2015/7/30,,8,11,1
2015/7/31,,11,7,2
2015/8/1,,11,7,1
2015/8/2,,13,14,2
2015/8/3,,20,9,1
2015/8/4,,23,9,1
2015/8/5,,21,16,2
2015/8/6,,23,10,1
2015/8/7,,26,7,3
2015/8/8,,25,6,2
2015/8/9,,24,16,2
2015/8/10,,31,23,2
2015/8/11,,38,24,1
2015/8/12,,40,19,2
2015/8/13,,42,10,2
2015/8/14,,43,10,1
2015/8/15,,25,6,1
2015/8/16,,16,6,1
2015/8/17,,4,8,1
2015/8/18,,12,10,1
2015/8/19,,15,10,1
2015/8/20,,20,11,2
2015/8/21,,25,10,2
2015/8/22,,22,5,1
2015/8/23,,17,4,3
2015/8/24,,19,9,1
2015/8/25,,7,17,1
2015/8/26,,13,8,2
2015/8/27,,16,11,1
2015/8/28,,33,16,1
2015/8/29,,24,8,3
2015/8/30,,18,12,2
2015/8/31,,28,16,2
2015/9/1,,28,10,1
2015/9/2,,15,15,2
2015/9/3,,15,11,1
2015/9/4,,7,8,1
2015/9/5,,10,3,1
2015/9/6,,5,5,1
2015/9/7,,6,11,1
2015/9/8,,10,14,1
2015/9/9,,12,14,2
2015/9/10,,16,11,1
2015/9/11,,17,5,1
2015/9/12,,14,6,4
2015/9/13,,19,9,2
2015/9/14,,15,13,1
2015/9/15,,12,10,2
2015/9/16,,19,15,1
2015/9/17,,32,12,1
2015/9/18,,14,8,1
2015/9/19,,7,5,1
2015/9/20,,7,14,1
2015/9/21,,13,9,4
2015/9/22,,13,8,1
2015/9/23,,9,7,1
2015/9/24,,9,12,1
2015/9/25,,16,10,1
2015/9/26,,14,6,1
2015/9/27,,10,9,2
2015/9/28,,11,11,2
2015/9/29,,15,15,3
2015/9/30,,23,14,2
2015/4/1,,3,4,1
2015/4/2,,3,5,1
2015/4/3,,5,11,1
2015/4/4,,10,4,1
2015/4/5,,9,4,1
2015/4/6,,7,7,1
2015/4/7,,20,11,1
2015/4/8,,25,10,2
2015/4/9,,23,12,1
2015/4/10,,25,13,2
2015/4/11,,26,9,1
2015/4/12,,11,13,1
2015/4/13,,17,15,1
2015/4/14,,18,10,1
2015/4/15,,12,11,1
2015/4/16,,15,17,1
2015/4/17,,30,4,1
2015/4/18,,10,10,1
2015/4/19,,15,9,1
2015/4/20,,17,8,1
2015/4/21,,15,15,2
2015/4/22,,21,15,2
2015/4/23,,23,9,
2015/4/24,,10,10,3
2015/4/25,,15,6,
2015/4/26,,12,9,2
2015/4/27,,18,8,1
2015/4/28,,11,11,1
2015/4/29,,15,11,1
2015/4/30,,16,8,1
2015/5/1,,11,7,
2015/5/2,,15,12,2
2015/5/3,,19,12,8
2015/5/4,,16,13,2
2015/5/5,,15,9,1
2015/5/6,,7,11,1
2015/5/7,,9,14,2
2015/5/8,,11,7,1
2015/5/9,,9,3,1
2015/5/10,,7,14,1
2015/5/11,,12,9,1
2015/5/12,,12,15,1
2015/5/13,,17,6,1
2015/5/14,,8,14,2
2015/5/15,,20,8,1
2015/5/16,,23,4,1
2015/5/17,,10,8,2
2015/5/18,,17,11,1
2015/5/19,,19,8,1
2015/5/20,,11,12,
2015/5/21,,16,12,1
2015/5/22,,25,9,1
2015/5/23,,15,4,
2015/5/24,,12,7,1
2015/5/25,,17,10,1
2015/5/26,,18,7,1
2015/5/27,,15,11,1
2015/5/28,,18,10,2
2015/5/29,,19,9,1
2015/5/30,,16,6,2
2015/5/31,,11,10,2
2015/6/1,,18,7,1
2015/6/2,,11,11,2
2015/6/3,,19,7,2
2015/6/4,,19,10,2
2015/6/5,,22,7,2
2015/6/6,,22,9,4
2015/6/7,,20,12,3
2015/6/8,,30,9,3
2015/6/9,,26,9,2
2015/6/10,,27,14,2
2015/6/11,,30,9,2
2015/6/12,,29,8,2
2015/6/13,,26,8,2
2015/6/14,,17,8,1
2015/6/15,,19,8,1
2015/6/16,,17,9,1
2015/6/17,,21,9,1
2015/6/18,,18,7,1
2015/6/19,,12,4,1
2015/6/20,,10,3,1
2015/6/21,,7,8,1
2015/6/22,,8,6,1
2015/6/23,,5,8,1
2015/6/24,,8,11,1
2015/6/25,,14,13,2
2015/6/26,,17,8,1
2015/6/27,,13,4,1
2015/6/28,,10,16,2
2015/6/29,,19,18,2
2015/6/30,,22,16,2
2015/1/1,,27,13,1
2015/1/2,,25,8,1
2015/1/3,,10,6,2
2015/1/4,,5,9,2
2015/1/5,,10,13,2
2015/1/6,,21,8,2
2015/1/7,,25,10,1
2015/1/8,,40,7,2
2015/1/9,,4,3,1
2015/1/10,,2,3,1
2015/1/11,,3,8,2
2015/1/12,,6,24,2
2015/1/13,,29,20,1
2015/1/14,,33,17,2
2015/1/15,,17,9,2
2015/1/16,,27,16,2
2015/1/17,,21,8,2
2015/1/18,,14,18,2
2015/1/19,,35,12,1
2015/1/20,,30,17,2
2015/1/21,,33,8,3
2015/1/22,,19,12,2
2015/1/23,,18,6,2
2015/1/24,,21,6,2
2015/1/25,,12,16,2
2015/1/26,,20,14,2
2015/1/27,,15,13,2
2015/1/28,,20,15,1
2015/1/29,,21,10,1
2015/1/30,,13,12,2
2015/1/31,,15,19,2
2015/2/1,,45,12,2
2015/2/2,,13,15,2
2015/2/3,,18,21,2
2015/2/4,,37,18,5
2015/2/5,,40,12,4
2015/2/6,,38,8,4
2015/2/7,,30,6,2
2015/2/8,,18,8,2
2015/2/9,,8,12,2
2015/2/10,,15,15,2
2015/2/11,,18,10,2
2015/2/12,,17,10,4
2015/2/13,,31,10,7
2015/2/14,,40,12,7
2015/2/15,,49,18,4
2015/2/16,,37,15,6
2015/2/17,,26,15,3
2015/2/18,,38,18,2
2015/2/19,,41,19,2
2015/2/20,,50,12,3
2015/2/21,,29,17,2
2015/2/22,,46,14,3
2015/2/23,,38,17,2
2015/2/24,,23,13,3
2015/2/25,,16,17,3
2015/2/26,,27,17,4
2015/2/27,,28,13,3
2015/2/28,,25,15,3
2015/3/1,,24,8,2
2015/3/2,,9,10,2
2015/3/3,,10,12,3
2015/3/4,,9,11,3
2015/3/5,,16,13,3
2015/3/6,,19,13,3
2015/3/7,,24,8,4
2015/3/8,,22,12,5
2015/3/9,,22,27,3
2015/3/10,,47,12,
2015/3/11,,22,8,1
2015/3/12,,17,11,1
2015/3/13,,26,9,1
2015/3/14,,23,10,2
2015/3/15,,36,9,3
2015/3/16,,28,17,2
2015/3/17,,40,22,3
2015/3/18,,35,27,3
2015/3/19,,55,23,2
2015/3/20,,51,21,2
2015/3/21,,56,7,1
2015/3/22,,36,15,2
2015/3/23,,34,11,3
2015/3/24,,46,13,3
2015/3/25,,36,13,2
2015/3/26,,31,9,1
2015/3/27,,13,8,1
2015/3/28,,16,7,1
2015/3/29,,11,6,1
2015/3/30,,3,5,1
2015/3/31,,6,4,1
2014/10/1,,32,15,1
2014/10/2,,23,13,2
2014/10/3,,30,10,3
2014/10/4,,38,10,7
2014/10/5,,28,12,15
2014/10/6,,34,9,8
2014/10/7,,37,12,4
2014/10/8,,33,13,3
2014/10/9,,20,16,2
2014/10/10,,32,12,2
2014/10/11,,29,9,2
2014/10/12,,25,13,2
2014/10/13,,33,14,2
2014/10/14,,17,17,2
2014/10/15,,27,12,2
2014/10/16,,16,14,1
2014/10/17,,10,9,2
2014/10/18,,13,9,3
2014/10/19,,16,14,2
2014/10/20,,17,9,
2014/10/21,,11,6,2
2014/10/22,,5,8,
2014/10/23,,9,8,2
2014/10/24,,23,10,4
2014/10/25,,30,10,2
2014/10/26,,27,13,6
2014/10/27,,30,14,3
2014/10/28,,29,12,4
2014/10/29,,34,20,2
2014/10/30,,60,18,2
2014/10/31,,52,10,2
2014/11/1,,32,9,2
2014/11/2,,37,13,2
2014/11/3,,49,10,2
2014/11/4,,27,6,3
2014/11/5,,17,13,2
2014/11/6,,17,12,1
2014/11/7,,29,14,1
2014/11/8,,17,5,2
2014/11/9,,17,9,1
2014/11/10,,17,11,1
2014/11/11,,26,14,3
2014/11/12,,45,20,2
2014/11/13,,40,12,2
2014/11/14,,40,5,3
2014/11/15,,28,8,3
2014/11/16,,31,11,2
2014/11/17,,18,11,1
2014/11/18,,12,9,1
2014/11/19,,7,11,1
2014/11/20,,18,14,2
2014/11/21,,23,12,1
2014/11/22,,31,8,3
2014/11/23,,28,11,4
2014/11/24,,35,16,1
2014/11/25,,39,13,4
2014/11/26,,36,10,7
2014/11/27,,29,11,3
2014/11/28,,21,10,1
2014/11/29,,19,9,1
2014/11/30,,21,9,1
2014/12/1,,9,11,1
2014/12/2,,12,11,2
2014/12/3,,19,9,3
2014/12/4,,21,8,5
2014/12/5,,23,11,3
2014/12/6,,18,11,
2014/12/7,,8,11,1
2014/12/8,,11,14,2
2014/12/9,,21,18,1
2014/12/10,,24,15,1
2014/12/11,,15,14,1
2014/12/12,,15,10,1
2014/12/13,,41,11,
2014/12/14,,39,13,1
2014/12/15,,31,12,1
2014/12/16,,26,19,1
2014/12/17,,23,14,1
2014/12/18,,10,7,1
2014/12/19,,5,3,1
2014/12/20,,4,3,3
2014/12/21,,7,4,1
2014/12/22,,5,6,1
2014/12/23,,4,9,1
2014/12/24,,9,3,1
2014/12/25,,5,4,1
2014/12/26,,6,9,2
2014/12/27,,15,5,2
2014/12/28,,29,,
2014/7/1,,10,14,2
2014/7/2,,18,7,2
2014/7/3,,11,7,3
2014/7/4,,19,8,3
2014/7/5,,23,4,2
2014/7/6,,8,7,2
2014/7/7,,20,5,3
2014/7/8,,19,2,
2014/7/9,,3,5,2
2014/7/10,,6,6,2
2014/7/11,,9,2,2
2014/7/12,,10,6,2
2014/7/13,,13,10,2
2014/7/14,,17,8,2
2014/7/15,,11,11,2
2014/7/16,,24,14,2
2014/7/17,,32,15,2
2014/7/18,,37,11,1
2014/7/19,,30,5,2
2014/7/20,,23,13,1
2014/7/21,,24,13,1
2014/7/22,,14,12,1
2014/7/23,,22,13,1
2014/7/24,,18,12,1
2014/7/25,,17,11,1
2014/7/26,,18,11,1
2014/7/27,,17,14,1
2014/7/28,,23,9,2
2014/7/29,,17,12,1
2014/7/30,,21,15,1
2014/7/31,,15,11,1
2014/8/1,,21,5,1
2014/8/2,,26,7,1
2014/8/3,,36,10,1
2014/8/4,,19,8,1
2014/8/5,,19,9,1
2014/8/6,,25,11,2
2014/8/7,,25,8,1
2014/8/8,,29,11,3
2014/8/9,,23,7,2
2014/8/10,,14,9,1
2014/8/11,,16,11,1
2014/8/12,,9,10,1
2014/8/13,,12,6,1
2014/8/14,,7,3,1
2014/8/15,,5,3,1
2014/8/16,,5,2,
2014/8/17,,4,9,1
2014/8/18,,10,16,
2014/8/19,,21,17,
2014/8/20,,20,12,
2014/8/21,,15,10,2
2014/8/22,,14,12,1
2014/8/23,,13,4,
2014/8/24,,6,8,1
2014/8/25,,7,10,
2014/8/26,,9,13,1
2014/8/27,,9,18,1
2014/8/28,,17,11,2
2014/8/29,,19,14,
2014/8/30,,15,7,1
2014/8/31,,13,11,
2014/9/1,,3,11,
2014/9/2,,6,12,2
2014/9/3,,28,19,1
2014/9/4,,46,20,2
2014/9/5,,44,10,1
2014/9/6,,28,8,1
2014/9/7,,22,19,2
2014/9/8,,38,14,1
2014/9/9,,28,18,2
2014/9/10,,33,18,1
2014/9/11,,21,11,2
2014/9/12,,9,9,1
2014/9/13,,9,11,1
2014/9/14,,12,16,2
2014/9/15,,25,16,2
2014/9/16,,16,9,2
2014/9/17,,21,6,3
2014/9/18,,24,14,8
2014/9/19,,31,11,2
2014/9/20,,26,4,1
2014/9/21,,8,7,2
2014/9/22,,12,10,1
2014/9/23,,10,9,4
2014/9/24,,14,9,2
2014/9/25,,12,10,1
2014/9/26,,17,8,1
2014/9/27,,14,11,4
2014/9/28,,15,14,4
2014/9/29,,23,16,2
2014/9/30,,32,19,2
2014/4/1,,51,22,
2014/4/2,,52,26,
2014/4/3,,53,27,
2014/4/4,,54,15,2
2014/4/5,,53,13,2
2014/4/6,,49,15,2
2014/4/7,,34,13,1
2014/4/8,,27,7,1
2014/4/9,,11,8,1
2014/4/10,,14,14,1
2014/4/11,,20,17,1
2014/4/12,,29,10,1
2014/4/13,,24,10,1
2014/4/14,,20,6,
2014/4/15,,8,7,1
2014/4/16,,15,10,2
2014/4/17,,26,13,2
2014/4/18,,19,8,2
2014/4/19,,29,5,1
2014/4/20,,10,5,2
2014/4/21,,17,15,2
2014/4/22,,18,15,2
2014/4/23,,24,12,2
2014/4/24,,24,17,1
2014/4/25,,20,5,2
2014/4/26,,20,6,3
2014/4/27,,20,9,1
2014/4/28,,13,12,2
2014/4/29,,31,18,2
2014/4/30,,27,10,1
2014/5/1,,23,14,2
2014/5/2,,29,5,1
2014/5/3,,21,2,1
2014/5/4,,15,10,1
2014/5/5,,19,7,2
2014/5/6,,24,9,3
2014/5/7,,21,5,1
2014/5/8,,7,7,1
2014/5/9,,10,3,1
2014/5/10,,7,,
2014/5/12,,4,6,1
2014/5/13,,8,6,2
2014/5/14,,18,8,1
2014/5/15,,12,9,1
2014/5/16,,7,4,2
2014/5/17,,4,2,1
2014/5/18,,4,9,2
2014/5/19,,10,4,2
2014/5/20,,11,7,3
2014/5/21,,14,6,3
2014/5/22,,21,8,3
2014/5/23,,31,9,2
2014/5/24,,23,4,
2014/5/25,,13,11,2
2014/5/26,,22,9,2
2014/5/27,,18,3,1
2014/5/28,,3,3,
2014/5/29,,5,5,
2014/5/30,,8,3,2
2014/5/31,,10,3,2
2014/6/1,,11,10,2
2014/6/2,,20,10,2
2014/6/3,,22,9,3
2014/6/4,,20,8,2
2014/6/5,,13,14,2
2014/6/6,,16,12,3
2014/6/7,,18,10,3
2014/6/8,,18,5,2
2014/6/9,,16,11,3
2014/6/10,,25,17,2
2014/6/11,,35,9,2
2014/6/12,,23,7,2
2014/6/13,,19,4,2
2014/6/14,,13,4,2
2014/6/15,,9,8,2
2014/6/16,,14,13,2
2014/6/17,,20,12,2
2014/6/18,,22,8,2
2014/6/19,,16,5,2
2014/6/20,,10,4,2
2014/6/21,,9,6,2
2014/6/22,,10,12,2
2014/6/23,,22,9,2
2014/6/24,,22,11,2
2014/6/25,,15,7,2
2014/6/26,,11,10,2
2014/6/27,,17,3,4
2014/6/28,,17,3,2
2014/6/29,,13,5,
2014/6/30,,5,7,2
2014/2/5,,47,17,3
2014/2/6,,57,17,2
2014/2/7,,35,10,2
2014/2/8,,15,16,9
2014/2/9,,15,11,3
2014/2/10,,10,16,2
2014/2/11,,18,20,1
2014/2/12,,27,15,1
2014/2/13,,23,12,1
2014/2/14,,10,10,3
2014/2/15,,13,11,5
2014/2/16,,10,17,1
2014/2/17,,10,12,1
2014/2/18,,18,18,1
2014/2/19,,30,13,2
2014/2/20,,23,13,1
2014/2/21,,28,7,2
2014/2/22,,11,12,2
2014/2/23,,17,20,3
2014/2/24,,29,10,2
2014/2/25,,24,17,3
2014/2/26,,46,22,1
2014/2/27,,52,19,1
2014/2/28,,44,8,1
2014/3/1,,19,20,3
2014/3/2,,36,17,3
2014/3/3,,40,18,2
2014/3/4,,41,15,4
2014/3/5,,49,12,2
2014/3/6,,44,15,2
2014/3/7,,49,15,3
2014/3/8,,48,19,3
2014/3/9,,53,26,2
2014/3/10,,39,28,4
2014/3/11,,51,21,4
2014/3/12,,52,27,3
2014/3/13,,54,32,3
2014/3/14,,61,9,2
2014/3/15,,37,5,1
2014/3/16,,12,9,1
2014/3/17,,20,16,2
2014/3/18,,27,9,1
2014/3/19,,15,10,1
2014/3/20,,13,14,2
2014/3/21,,23,14,2
2014/3/22,,29,8,
2014/3/23,,7,8,1
2014/3/24,,12,12,1
2014/3/25,,22,24,2
2014/3/26,,31,22,2
2014/3/27,,33,16,3
2014/3/28,,36,18,3
2014/3/29,,48,19,2
2014/3/30,,42,24,2
2014/3/31,,47,21,3
2021/3/3,,,17,
2021/3/4,,,9,
2021/3/5,,,11,
2021/3/6,,,16,
2021/3/7,,,12,
2021/3/8,,,11,
2021/3/9,,,18,
2021/3/10,,,10,
2021/3/11,,,5,
2021/3/12,,,4,
2021/3/13,,,3,
2021/3/14,,,8,
2021/3/15,,,6,
2021/3/16,,,9,
2021/3/17,,,10,
2021/3/18,,,11,
2021/3/19,,,5,
2021/3/20,,,5,
2021/3/21,,,8,
2021/3/22,,,8,
2021/3/23,,,14,
2021/3/24,,,18,
2021/3/25,,,12,
2021/3/26,,,8,
2021/3/27,,,7,
2021/3/28,,,14,
2021/3/29,,,13,
2021/3/30,,,16,
2017/12/26,,,6,2
2017/9/10,,,13,1
2016/1/9,,,13,3
2016/1/10,,,16,3
2015/10/31,,,9,3
2016/1/2,,,8,6
2014/12/31,,,9,2
2014/5/11,,,2,1
2014/2/4,,,12,10
2017/11/22,,,,1